datetime,junction,vehicles,avg_speed_kmph,congestion_level
2024-01-01 00:00:00,4,66,58,Low
2024-01-01 01:00:00,4,42,51,Low
2024-01-01 02:00:00,3,66,52,Low
2024-01-01 03:00:00,4,27,61,Low
2024-01-01 04:00:00,2,60,58,Low
2024-01-01 05:00:00,3,79,60,Low
2024-01-01 06:00:00,4,52,40,Low
2024-01-01 07:00:00,2,269,10,High
2024-01-01 08:00:00,2,305,19,High
2024-01-01 09:00:00,4,321,23,High
2024-01-01 10:00:00,3,347,15,High
2024-01-01 11:00:00,2,106,32,Medium
2024-01-01 12:00:00,2,118,37,Medium
2024-01-01 13:00:00,2,148,39,Medium
2024-01-01 14:00:00,4,198,30,Medium
2024-01-01 15:00:00,1,162,33,Medium
2024-01-01 16:00:00,3,195,32,Medium
2024-01-01 17:00:00,1,257,11,High
2024-01-01 18:00:00,3,285,14,High
2024-01-01 19:00:00,3,256,15,High
2024-01-01 20:00:00,4,316,20,High
2024-01-01 21:00:00,1,24,47,Low
2024-01-01 22:00:00,2,51,56,Low
2024-01-01 23:00:00,3,71,63,Low
2024-01-02 00:00:00,1,52,43,Low
2024-01-02 01:00:00,3,88,43,Low
2024-01-02 02:00:00,1,52,54,Low
2024-01-02 03:00:00,4,44,50,Low
2024-01-02 04:00:00,2,57,64,Low
2024-01-02 05:00:00,1,70,60,Low
2024-01-02 06:00:00,4,64,57,Low
2024-01-02 07:00:00,4,205,19,High
2024-01-02 08:00:00,3,289,22,High
2024-01-02 09:00:00,3,237,24,High
2024-01-02 10:00:00,1,300,10,High
2024-01-02 11:00:00,2,156,27,Medium
2024-01-02 12:00:00,2,115,29,Medium
2024-01-02 13:00:00,2,185,33,Medium
2024-01-02 14:00:00,3,142,35,Medium
2024-01-02 15:00:00,2,134,38,Medium
2024-01-02 16:00:00,4,176,30,Medium
2024-01-02 17:00:00,1,213,25,High
2024-01-02 18:00:00,2,318,20,High
2024-01-02 19:00:00,2,271,16,High
2024-01-02 20:00:00,1,297,21,High
2024-01-02 21:00:00,3,34,54,Low
2024-01-02 22:00:00,3,89,51,Low
2024-01-02 23:00:00,2,23,48,Low
2024-01-03 00:00:00,1,94,51,Low
2024-01-03 01:00:00,3,58,46,Low
2024-01-03 02:00:00,2,100,58,Low
2024-01-03 03:00:00,2,49,50,Low
2024-01-03 04:00:00,3,27,65,Low
2024-01-03 05:00:00,2,81,62,Low
2024-01-03 06:00:00,2,60,53,Low
2024-01-03 07:00:00,2,238,13,High
2024-01-03 08:00:00,3,282,11,High
2024-01-03 09:00:00,3,287,15,High
2024-01-03 10:00:00,1,323,23,High
2024-01-03 11:00:00,1,143,39,Medium
2024-01-03 12:00:00,3,100,29,Medium
2024-01-03 13:00:00,4,173,29,Medium
2024-01-03 14:00:00,1,165,33,Medium
2024-01-03 15:00:00,3,102,28,Medium
2024-01-03 16:00:00,3,140,25,Medium
2024-01-03 17:00:00,3,310,10,High
2024-01-03 18:00:00,2,329,13,High
2024-01-03 19:00:00,4,284,23,High
2024-01-03 20:00:00,3,227,18,High
2024-01-03 21:00:00,3,37,55,Low
2024-01-03 22:00:00,3,32,54,Low
2024-01-03 23:00:00,4,97,60,Low
2024-01-04 00:00:00,3,67,61,Low
2024-01-04 01:00:00,1,82,56,Low
2024-01-04 02:00:00,4,53,54,Low
2024-01-04 03:00:00,2,94,49,Low
2024-01-04 04:00:00,4,78,59,Low
2024-01-04 05:00:00,1,21,40,Low
2024-01-04 06:00:00,3,44,40,Low
2024-01-04 07:00:00,2,320,25,High
2024-01-04 08:00:00,4,233,23,High
2024-01-04 09:00:00,3,206,12,High
2024-01-04 10:00:00,1,325,23,High
2024-01-04 11:00:00,3,181,26,Medium
2024-01-04 12:00:00,3,152,39,Medium
2024-01-04 13:00:00,4,106,29,Medium
2024-01-04 14:00:00,3,170,28,Medium
2024-01-04 15:00:00,4,150,32,Medium
2024-01-04 16:00:00,2,123,25,Medium
2024-01-04 17:00:00,1,239,25,High
2024-01-04 18:00:00,4,284,21,High
2024-01-04 19:00:00,1,316,15,High
2024-01-04 20:00:00,1,330,20,High
2024-01-04 21:00:00,4,97,63,Low
2024-01-04 22:00:00,3,54,64,Low
2024-01-04 23:00:00,4,54,50,Low
2024-01-05 00:00:00,2,35,46,Low
2024-01-05 01:00:00,3,23,46,Low
2024-01-05 02:00:00,2,26,49,Low
2024-01-05 03:00:00,4,99,44,Low
2024-01-05 04:00:00,4,87,49,Low
2024-01-05 05:00:00,1,42,47,Low
2024-01-05 06:00:00,3,77,62,Low
2024-01-05 07:00:00,1,214,21,High
2024-01-05 08:00:00,4,252,16,High
2024-01-05 09:00:00,4,232,17,High
2024-01-05 10:00:00,4,278,22,High
2024-01-05 11:00:00,4,110,36,Medium
2024-01-05 12:00:00,3,126,36,Medium
2024-01-05 13:00:00,4,114,40,Medium
2024-01-05 14:00:00,3,153,36,Medium
2024-01-05 15:00:00,3,115,26,Medium
2024-01-05 16:00:00,3,104,29,Medium
2024-01-05 17:00:00,2,288,14,High
2024-01-05 18:00:00,1,299,21,High
2024-01-05 19:00:00,1,317,19,High
2024-01-05 20:00:00,4,264,24,High
2024-01-05 21:00:00,1,44,58,Low
2024-01-05 22:00:00,4,32,58,Low
2024-01-05 23:00:00,1,85,43,Low
2024-01-06 00:00:00,4,67,54,Low
2024-01-06 01:00:00,4,69,40,Low
2024-01-06 02:00:00,1,47,57,Low
2024-01-06 03:00:00,1,61,43,Low
2024-01-06 04:00:00,4,47,52,Low
2024-01-06 05:00:00,4,93,41,Low
2024-01-06 06:00:00,3,97,42,Low
2024-01-06 07:00:00,3,290,25,High
2024-01-06 08:00:00,2,323,22,High
2024-01-06 09:00:00,2,200,12,High
2024-01-06 10:00:00,2,227,19,High
2024-01-06 11:00:00,1,151,26,Medium
2024-01-06 12:00:00,3,144,36,Medium
2024-01-06 13:00:00,3,120,26,Medium
2024-01-06 14:00:00,2,200,38,Medium
2024-01-06 15:00:00,4,186,39,Medium
2024-01-06 16:00:00,1,175,26,Medium
2024-01-06 17:00:00,2,236,17,High
2024-01-06 18:00:00,2,254,18,High
2024-01-06 19:00:00,2,208,20,High
2024-01-06 20:00:00,1,257,22,High
2024-01-06 21:00:00,1,98,55,Low
2024-01-06 22:00:00,2,92,58,Low
2024-01-06 23:00:00,4,93,48,Low
2024-01-07 00:00:00,1,26,52,Low
2024-01-07 01:00:00,4,67,47,Low
2024-01-07 02:00:00,1,70,60,Low
2024-01-07 03:00:00,1,25,46,Low
2024-01-07 04:00:00,3,30,43,Low
2024-01-07 05:00:00,4,70,65,Low
2024-01-07 06:00:00,1,34,43,Low
2024-01-07 07:00:00,1,336,19,High
2024-01-07 08:00:00,3,271,17,High
2024-01-07 09:00:00,3,201,21,High
2024-01-07 10:00:00,4,275,15,High
2024-01-07 11:00:00,2,111,38,Medium
2024-01-07 12:00:00,3,160,40,Medium
2024-01-07 13:00:00,4,117,36,Medium
2024-01-07 14:00:00,3,134,34,Medium
2024-01-07 15:00:00,4,108,25,Medium
2024-01-07 16:00:00,4,158,33,Medium
2024-01-07 17:00:00,2,291,11,High
2024-01-07 18:00:00,2,249,13,High
2024-01-07 19:00:00,4,242,17,High
2024-01-07 20:00:00,4,258,14,High
2024-01-07 21:00:00,4,87,54,Low
2024-01-07 22:00:00,1,79,45,Low
2024-01-07 23:00:00,4,37,45,Low
2024-01-08 00:00:00,1,26,41,Low
2024-01-08 01:00:00,3,39,40,Low
2024-01-08 02:00:00,1,26,55,Low
2024-01-08 03:00:00,1,86,48,Low
2024-01-08 04:00:00,2,26,61,Low
2024-01-08 05:00:00,1,88,44,Low
2024-01-08 06:00:00,2,37,54,Low
2024-01-08 07:00:00,1,340,10,High
2024-01-08 08:00:00,4,341,18,High
2024-01-08 09:00:00,4,315,15,High
2024-01-08 10:00:00,3,258,14,High
2024-01-08 11:00:00,4,188,25,Medium
2024-01-08 12:00:00,1,158,39,Medium
2024-01-08 13:00:00,4,101,28,Medium
2024-01-08 14:00:00,4,101,29,Medium
2024-01-08 15:00:00,4,188,37,Medium
2024-01-08 16:00:00,2,128,25,Medium
2024-01-08 17:00:00,3,273,18,High
2024-01-08 18:00:00,2,296,11,High
2024-01-08 19:00:00,2,265,16,High
2024-01-08 20:00:00,2,308,22,High
2024-01-08 21:00:00,3,54,58,Low
2024-01-08 22:00:00,4,91,63,Low
2024-01-08 23:00:00,4,38,54,Low
2024-01-09 00:00:00,3,49,46,Low
2024-01-09 01:00:00,3,22,41,Low
2024-01-09 02:00:00,3,85,54,Low
2024-01-09 03:00:00,1,82,57,Low
2024-01-09 04:00:00,4,66,65,Low
2024-01-09 05:00:00,3,64,59,Low
2024-01-09 06:00:00,1,49,62,Low
2024-01-09 07:00:00,4,284,15,High
2024-01-09 08:00:00,4,229,20,High
2024-01-09 09:00:00,4,200,21,High
2024-01-09 10:00:00,3,340,14,High
2024-01-09 11:00:00,1,120,40,Medium
2024-01-09 12:00:00,4,200,33,Medium
2024-01-09 13:00:00,4,114,39,Medium
2024-01-09 14:00:00,3,198,37,Medium
2024-01-09 15:00:00,3,115,34,Medium
2024-01-09 16:00:00,4,102,32,Medium
2024-01-09 17:00:00,4,205,21,High
2024-01-09 18:00:00,1,260,24,High
2024-01-09 19:00:00,4,244,13,High
2024-01-09 20:00:00,3,308,25,High
2024-01-09 21:00:00,2,51,63,Low
2024-01-09 22:00:00,2,71,65,Low
2024-01-09 23:00:00,1,41,46,Low
2024-01-10 00:00:00,3,92,47,Low
2024-01-10 01:00:00,4,84,57,Low
2024-01-10 02:00:00,3,77,45,Low
2024-01-10 03:00:00,1,32,50,Low
2024-01-10 04:00:00,3,47,59,Low
2024-01-10 05:00:00,2,22,52,Low
2024-01-10 06:00:00,1,70,47,Low
2024-01-10 07:00:00,2,316,20,High
2024-01-10 08:00:00,1,321,10,High
2024-01-10 09:00:00,4,295,10,High
2024-01-10 10:00:00,2,339,13,High
2024-01-10 11:00:00,2,104,28,Medium
2024-01-10 12:00:00,3,146,35,Medium
2024-01-10 13:00:00,4,155,28,Medium
2024-01-10 14:00:00,4,135,27,Medium
2024-01-10 15:00:00,3,164,35,Medium
2024-01-10 16:00:00,3,144,25,Medium
2024-01-10 17:00:00,2,225,20,High
2024-01-10 18:00:00,2,228,23,High
2024-01-10 19:00:00,3,347,16,High
2024-01-10 20:00:00,3,332,12,High
2024-01-10 21:00:00,2,23,65,Low
2024-01-10 22:00:00,2,100,42,Low
2024-01-10 23:00:00,2,88,51,Low
2024-01-11 00:00:00,1,73,45,Low
2024-01-11 01:00:00,1,78,55,Low
2024-01-11 02:00:00,2,27,63,Low
2024-01-11 03:00:00,4,77,48,Low
2024-01-11 04:00:00,4,82,64,Low
2024-01-11 05:00:00,1,61,40,Low
2024-01-11 06:00:00,2,79,64,Low
2024-01-11 07:00:00,2,283,11,High
2024-01-11 08:00:00,1,205,21,High
2024-01-11 09:00:00,1,252,10,High
2024-01-11 10:00:00,1,205,22,High
2024-01-11 11:00:00,3,167,33,Medium
2024-01-11 12:00:00,4,200,38,Medium
2024-01-11 13:00:00,1,111,38,Medium
2024-01-11 14:00:00,3,124,29,Medium
2024-01-11 15:00:00,4,122,32,Medium
2024-01-11 16:00:00,4,169,25,Medium
2024-01-11 17:00:00,2,213,19,High
2024-01-11 18:00:00,4,251,19,High
2024-01-11 19:00:00,1,212,13,High
2024-01-11 20:00:00,3,338,24,High
2024-01-11 21:00:00,2,66,62,Low
2024-01-11 22:00:00,3,93,57,Low
2024-01-11 23:00:00,3,37,63,Low
2024-01-12 00:00:00,3,46,56,Low
2024-01-12 01:00:00,3,73,65,Low
2024-01-12 02:00:00,1,54,46,Low
2024-01-12 03:00:00,4,61,61,Low
2024-01-12 04:00:00,2,39,58,Low
2024-01-12 05:00:00,4,90,58,Low
2024-01-12 06:00:00,3,26,47,Low
2024-01-12 07:00:00,3,292,11,High
2024-01-12 08:00:00,3,291,10,High
2024-01-12 09:00:00,4,229,13,High
2024-01-12 10:00:00,4,220,15,High
2024-01-12 11:00:00,3,123,27,Medium
2024-01-12 12:00:00,2,127,31,Medium
2024-01-12 13:00:00,1,121,25,Medium
2024-01-12 14:00:00,3,199,30,Medium
2024-01-12 15:00:00,2,105,31,Medium
2024-01-12 16:00:00,2,145,25,Medium
2024-01-12 17:00:00,3,204,16,High
2024-01-12 18:00:00,1,292,14,High
2024-01-12 19:00:00,2,345,24,High
2024-01-12 20:00:00,4,234,18,High
2024-01-12 21:00:00,2,56,63,Low
2024-01-12 22:00:00,3,80,58,Low
2024-01-12 23:00:00,1,37,44,Low
2024-01-13 00:00:00,3,75,43,Low
2024-01-13 01:00:00,1,32,50,Low
2024-01-13 02:00:00,1,70,60,Low
2024-01-13 03:00:00,1,71,52,Low
2024-01-13 04:00:00,1,48,43,Low
2024-01-13 05:00:00,2,66,42,Low
2024-01-13 06:00:00,2,49,57,Low
2024-01-13 07:00:00,1,305,19,High
2024-01-13 08:00:00,3,272,11,High
2024-01-13 09:00:00,3,278,14,High
2024-01-13 10:00:00,3,322,20,High
2024-01-13 11:00:00,2,163,27,Medium
2024-01-13 12:00:00,3,162,39,Medium
2024-01-13 13:00:00,2,195,40,Medium
2024-01-13 14:00:00,3,199,37,Medium
2024-01-13 15:00:00,1,153,30,Medium
2024-01-13 16:00:00,4,171,27,Medium
2024-01-13 17:00:00,3,238,18,High
2024-01-13 18:00:00,4,291,20,High
2024-01-13 19:00:00,4,305,20,High
2024-01-13 20:00:00,4,206,14,High
2024-01-13 21:00:00,3,74,45,Low
2024-01-13 22:00:00,3,26,50,Low
2024-01-13 23:00:00,3,99,57,Low
2024-01-14 00:00:00,3,99,42,Low
2024-01-14 01:00:00,2,60,46,Low
2024-01-14 02:00:00,4,28,61,Low
2024-01-14 03:00:00,1,35,50,Low
2024-01-14 04:00:00,2,59,61,Low
2024-01-14 05:00:00,2,29,45,Low
2024-01-14 06:00:00,3,40,57,Low
2024-01-14 07:00:00,3,257,14,High
2024-01-14 08:00:00,4,242,11,High
2024-01-14 09:00:00,4,235,12,High
2024-01-14 10:00:00,2,248,17,High
2024-01-14 11:00:00,4,183,27,Medium
2024-01-14 12:00:00,3,172,29,Medium
2024-01-14 13:00:00,1,184,27,Medium
2024-01-14 14:00:00,3,107,39,Medium
2024-01-14 15:00:00,2,173,40,Medium
2024-01-14 16:00:00,2,116,28,Medium
2024-01-14 17:00:00,2,314,12,High
2024-01-14 18:00:00,1,270,13,High
2024-01-14 19:00:00,1,297,21,High
2024-01-14 20:00:00,4,263,25,High
2024-01-14 21:00:00,4,49,59,Low
2024-01-14 22:00:00,1,60,47,Low
2024-01-14 23:00:00,4,78,43,Low
2024-01-15 00:00:00,4,73,49,Low
2024-01-15 01:00:00,2,90,64,Low
2024-01-15 02:00:00,2,98,61,Low
2024-01-15 03:00:00,1,64,62,Low
2024-01-15 04:00:00,3,62,50,Low
2024-01-15 05:00:00,2,33,41,Low
2024-01-15 06:00:00,3,73,54,Low
2024-01-15 07:00:00,1,335,24,High
2024-01-15 08:00:00,4,267,18,High
2024-01-15 09:00:00,1,320,21,High
2024-01-15 10:00:00,4,231,17,High
2024-01-15 11:00:00,4,158,33,Medium
2024-01-15 12:00:00,1,135,33,Medium
2024-01-15 13:00:00,3,167,32,Medium
2024-01-15 14:00:00,3,104,37,Medium
2024-01-15 15:00:00,3,200,33,Medium
2024-01-15 16:00:00,2,197,25,Medium
2024-01-15 17:00:00,4,286,25,High
2024-01-15 18:00:00,1,283,20,High
2024-01-15 19:00:00,3,279,13,High
2024-01-15 20:00:00,2,275,21,High
2024-01-15 21:00:00,1,85,53,Low
2024-01-15 22:00:00,1,57,65,Low
2024-01-15 23:00:00,3,86,63,Low
2024-01-16 00:00:00,3,33,40,Low
2024-01-16 01:00:00,2,60,59,Low
2024-01-16 02:00:00,3,61,50,Low
2024-01-16 03:00:00,2,57,44,Low
2024-01-16 04:00:00,3,29,43,Low
2024-01-16 05:00:00,4,42,53,Low
2024-01-16 06:00:00,1,50,57,Low
2024-01-16 07:00:00,2,233,12,High
2024-01-16 08:00:00,3,303,16,High
2024-01-16 09:00:00,1,337,20,High
2024-01-16 10:00:00,2,237,21,High
2024-01-16 11:00:00,1,114,38,Medium
2024-01-16 12:00:00,3,111,37,Medium
2024-01-16 13:00:00,4,160,35,Medium
2024-01-16 14:00:00,2,123,27,Medium
2024-01-16 15:00:00,3,135,26,Medium
2024-01-16 16:00:00,3,121,39,Medium
2024-01-16 17:00:00,4,301,11,High
2024-01-16 18:00:00,4,218,23,High
2024-01-16 19:00:00,1,344,14,High
2024-01-16 20:00:00,1,331,13,High
2024-01-16 21:00:00,4,63,57,Low
2024-01-16 22:00:00,4,51,60,Low
2024-01-16 23:00:00,1,83,58,Low
2024-01-17 00:00:00,2,53,58,Low
2024-01-17 01:00:00,2,89,54,Low
2024-01-17 02:00:00,2,90,41,Low
2024-01-17 03:00:00,3,81,44,Low
2024-01-17 04:00:00,1,34,48,Low
2024-01-17 05:00:00,1,55,54,Low
2024-01-17 06:00:00,4,59,58,Low
2024-01-17 07:00:00,1,297,18,High
2024-01-17 08:00:00,4,236,18,High
2024-01-17 09:00:00,4,235,15,High
2024-01-17 10:00:00,4,290,10,High
2024-01-17 11:00:00,2,154,29,Medium
2024-01-17 12:00:00,2,200,39,Medium
2024-01-17 13:00:00,1,150,26,Medium
2024-01-17 14:00:00,1,186,40,Medium
2024-01-17 15:00:00,3,103,39,Medium
2024-01-17 16:00:00,2,196,40,Medium
2024-01-17 17:00:00,4,296,11,High
2024-01-17 18:00:00,2,291,18,High
2024-01-17 19:00:00,1,216,25,High
2024-01-17 20:00:00,3,291,18,High
2024-01-17 21:00:00,1,25,63,Low
2024-01-17 22:00:00,3,39,42,Low
2024-01-17 23:00:00,4,74,41,Low
2024-01-18 00:00:00,1,64,65,Low
2024-01-18 01:00:00,3,21,42,Low
2024-01-18 02:00:00,3,28,43,Low
2024-01-18 03:00:00,3,67,40,Low
2024-01-18 04:00:00,3,94,45,Low
2024-01-18 05:00:00,1,78,54,Low
2024-01-18 06:00:00,2,64,50,Low
2024-01-18 07:00:00,2,220,16,High
2024-01-18 08:00:00,2,303,16,High
2024-01-18 09:00:00,2,287,20,High
2024-01-18 10:00:00,1,239,11,High
2024-01-18 11:00:00,1,101,38,Medium
2024-01-18 12:00:00,3,171,33,Medium
2024-01-18 13:00:00,4,106,40,Medium
2024-01-18 14:00:00,2,144,31,Medium
2024-01-18 15:00:00,2,103,29,Medium
2024-01-18 16:00:00,1,158,35,Medium
2024-01-18 17:00:00,1,304,16,High
2024-01-18 18:00:00,4,208,25,High
2024-01-18 19:00:00,4,262,13,High
2024-01-18 20:00:00,4,285,11,High
2024-01-18 21:00:00,1,87,61,Low
2024-01-18 22:00:00,3,60,64,Low
2024-01-18 23:00:00,4,48,56,Low
2024-01-19 00:00:00,3,61,46,Low
2024-01-19 01:00:00,4,63,47,Low
2024-01-19 02:00:00,3,21,61,Low
2024-01-19 03:00:00,3,35,47,Low
2024-01-19 04:00:00,1,36,47,Low
2024-01-19 05:00:00,1,57,60,Low
2024-01-19 06:00:00,1,93,41,Low
2024-01-19 07:00:00,2,322,22,High
2024-01-19 08:00:00,3,224,14,High
2024-01-19 09:00:00,3,215,17,High
2024-01-19 10:00:00,1,278,16,High
2024-01-19 11:00:00,3,124,28,Medium
2024-01-19 12:00:00,1,169,38,Medium
2024-01-19 13:00:00,2,129,32,Medium
2024-01-19 14:00:00,3,120,32,Medium
2024-01-19 15:00:00,2,171,30,Medium
2024-01-19 16:00:00,4,136,31,Medium
2024-01-19 17:00:00,1,235,15,High
2024-01-19 18:00:00,4,310,17,High
2024-01-19 19:00:00,1,248,24,High
2024-01-19 20:00:00,2,304,12,High
2024-01-19 21:00:00,1,48,58,Low
2024-01-19 22:00:00,2,56,64,Low
2024-01-19 23:00:00,4,49,40,Low
2024-01-20 00:00:00,1,53,64,Low
2024-01-20 01:00:00,3,91,43,Low
2024-01-20 02:00:00,4,64,47,Low
2024-01-20 03:00:00,2,78,63,Low
2024-01-20 04:00:00,2,85,57,Low
2024-01-20 05:00:00,4,92,46,Low
2024-01-20 06:00:00,4,43,58,Low
2024-01-20 07:00:00,4,279,18,High
2024-01-20 08:00:00,2,294,12,High
2024-01-20 09:00:00,4,257,12,High
2024-01-20 10:00:00,3,222,25,High
2024-01-20 11:00:00,2,127,35,Medium
2024-01-20 12:00:00,2,199,27,Medium
2024-01-20 13:00:00,4,196,34,Medium
2024-01-20 14:00:00,1,104,39,Medium
2024-01-20 15:00:00,4,116,34,Medium
2024-01-20 16:00:00,4,158,30,Medium
2024-01-20 17:00:00,3,260,23,High
2024-01-20 18:00:00,2,279,20,High
2024-01-20 19:00:00,4,241,14,High
2024-01-20 20:00:00,4,201,23,High
2024-01-20 21:00:00,2,67,65,Low
2024-01-20 22:00:00,3,48,41,Low
2024-01-20 23:00:00,2,58,62,Low
2024-01-21 00:00:00,1,56,44,Low
2024-01-21 01:00:00,4,24,42,Low
2024-01-21 02:00:00,2,62,59,Low
2024-01-21 03:00:00,2,75,41,Low
2024-01-21 04:00:00,4,85,45,Low
2024-01-21 05:00:00,4,68,52,Low
2024-01-21 06:00:00,3,45,40,Low
2024-01-21 07:00:00,1,330,25,High
2024-01-21 08:00:00,2,250,15,High
2024-01-21 09:00:00,4,337,11,High
2024-01-21 10:00:00,4,225,21,High
2024-01-21 11:00:00,4,137,30,Medium
2024-01-21 12:00:00,3,195,34,Medium
2024-01-21 13:00:00,2,114,32,Medium
2024-01-21 14:00:00,4,131,33,Medium
2024-01-21 15:00:00,4,129,32,Medium
2024-01-21 16:00:00,3,143,25,Medium
2024-01-21 17:00:00,4,286,12,High
2024-01-21 18:00:00,1,220,21,High
2024-01-21 19:00:00,1,346,13,High
2024-01-21 20:00:00,1,325,23,High
2024-01-21 21:00:00,3,78,65,Low
2024-01-21 22:00:00,1,47,55,Low
2024-01-21 23:00:00,4,61,43,Low
2024-01-22 00:00:00,1,23,47,Low
2024-01-22 01:00:00,4,60,54,Low
2024-01-22 02:00:00,3,76,49,Low
2024-01-22 03:00:00,1,53,64,Low
2024-01-22 04:00:00,2,73,48,Low
2024-01-22 05:00:00,4,91,48,Low
2024-01-22 06:00:00,2,76,46,Low
2024-01-22 07:00:00,3,341,14,High
2024-01-22 08:00:00,1,315,14,High
2024-01-22 09:00:00,1,248,18,High
2024-01-22 10:00:00,4,230,12,High
2024-01-22 11:00:00,1,117,31,Medium
2024-01-22 12:00:00,3,169,36,Medium
2024-01-22 13:00:00,2,187,38,Medium
2024-01-22 14:00:00,3,167,28,Medium
2024-01-22 15:00:00,1,102,29,Medium
2024-01-22 16:00:00,3,113,35,Medium
2024-01-22 17:00:00,2,245,12,High
2024-01-22 18:00:00,2,312,18,High
2024-01-22 19:00:00,3,284,20,High
2024-01-22 20:00:00,4,287,25,High
2024-01-22 21:00:00,3,78,45,Low
2024-01-22 22:00:00,1,47,51,Low
2024-01-22 23:00:00,1,29,42,Low
2024-01-23 00:00:00,4,99,58,Low
2024-01-23 01:00:00,4,86,60,Low
2024-01-23 02:00:00,2,70,51,Low
2024-01-23 03:00:00,2,80,40,Low
2024-01-23 04:00:00,2,62,52,Low
2024-01-23 05:00:00,2,100,59,Low
2024-01-23 06:00:00,1,81,59,Low
2024-01-23 07:00:00,1,260,22,High
2024-01-23 08:00:00,1,260,22,High
2024-01-23 09:00:00,2,250,17,High
2024-01-23 10:00:00,2,217,20,High
2024-01-23 11:00:00,2,142,25,Medium
2024-01-23 12:00:00,3,158,38,Medium
2024-01-23 13:00:00,2,179,26,Medium
2024-01-23 14:00:00,2,147,32,Medium
2024-01-23 15:00:00,2,168,26,Medium
2024-01-23 16:00:00,1,180,37,Medium
2024-01-23 17:00:00,1,267,21,High
2024-01-23 18:00:00,4,269,10,High
2024-01-23 19:00:00,4,218,21,High
2024-01-23 20:00:00,2,234,22,High
2024-01-23 21:00:00,3,47,49,Low
2024-01-23 22:00:00,2,55,40,Low
2024-01-23 23:00:00,2,50,51,Low
2024-01-24 00:00:00,1,85,41,Low
2024-01-24 01:00:00,4,100,54,Low
2024-01-24 02:00:00,3,55,43,Low
2024-01-24 03:00:00,3,99,48,Low
2024-01-24 04:00:00,1,75,57,Low
2024-01-24 05:00:00,3,56,65,Low
2024-01-24 06:00:00,2,74,42,Low
2024-01-24 07:00:00,3,236,17,High
2024-01-24 08:00:00,4,202,19,High
2024-01-24 09:00:00,3,235,19,High
2024-01-24 10:00:00,4,340,21,High
2024-01-24 11:00:00,3,171,38,Medium
2024-01-24 12:00:00,4,107,39,Medium
2024-01-24 13:00:00,3,185,26,Medium
2024-01-24 14:00:00,4,150,26,Medium
2024-01-24 15:00:00,2,163,33,Medium
2024-01-24 16:00:00,3,126,26,Medium
2024-01-24 17:00:00,2,293,16,High
2024-01-24 18:00:00,1,244,19,High
2024-01-24 19:00:00,2,226,14,High
2024-01-24 20:00:00,4,274,23,High
2024-01-24 21:00:00,4,86,64,Low
2024-01-24 22:00:00,3,79,64,Low
2024-01-24 23:00:00,4,95,41,Low
2024-01-25 00:00:00,4,80,54,Low
2024-01-25 01:00:00,3,74,55,Low
2024-01-25 02:00:00,2,93,55,Low
2024-01-25 03:00:00,4,29,41,Low
2024-01-25 04:00:00,1,55,53,Low
2024-01-25 05:00:00,2,45,45,Low
2024-01-25 06:00:00,1,77,43,Low
2024-01-25 07:00:00,1,302,18,High
2024-01-25 08:00:00,3,211,19,High
2024-01-25 09:00:00,1,281,19,High
2024-01-25 10:00:00,4,308,12,High
2024-01-25 11:00:00,1,171,39,Medium
2024-01-25 12:00:00,4,179,25,Medium
2024-01-25 13:00:00,3,163,40,Medium
2024-01-25 14:00:00,2,163,34,Medium
2024-01-25 15:00:00,2,137,39,Medium
2024-01-25 16:00:00,4,156,35,Medium
2024-01-25 17:00:00,2,243,11,High
2024-01-25 18:00:00,2,330,20,High
2024-01-25 19:00:00,4,337,17,High
2024-01-25 20:00:00,4,202,18,High
2024-01-25 21:00:00,2,23,48,Low
2024-01-25 22:00:00,4,62,47,Low
2024-01-25 23:00:00,4,59,55,Low
2024-01-26 00:00:00,1,79,63,Low
2024-01-26 01:00:00,1,84,46,Low
2024-01-26 02:00:00,1,47,64,Low
2024-01-26 03:00:00,3,66,64,Low
2024-01-26 04:00:00,1,27,58,Low
2024-01-26 05:00:00,1,26,63,Low
2024-01-26 06:00:00,3,76,59,Low
2024-01-26 07:00:00,4,280,18,High
2024-01-26 08:00:00,2,279,16,High
2024-01-26 09:00:00,3,254,20,High
2024-01-26 10:00:00,1,291,12,High
2024-01-26 11:00:00,1,121,35,Medium
2024-01-26 12:00:00,3,110,38,Medium
2024-01-26 13:00:00,1,179,30,Medium
2024-01-26 14:00:00,3,187,36,Medium
2024-01-26 15:00:00,1,175,31,Medium
2024-01-26 16:00:00,3,107,26,Medium
2024-01-26 17:00:00,3,253,18,High
2024-01-26 18:00:00,3,326,17,High
2024-01-26 19:00:00,4,223,20,High
2024-01-26 20:00:00,2,338,15,High
2024-01-26 21:00:00,3,26,49,Low
2024-01-26 22:00:00,3,96,42,Low
2024-01-26 23:00:00,2,92,51,Low
2024-01-27 00:00:00,4,93,65,Low
2024-01-27 01:00:00,3,96,54,Low
2024-01-27 02:00:00,2,64,53,Low
2024-01-27 03:00:00,3,41,47,Low
2024-01-27 04:00:00,3,30,44,Low
2024-01-27 05:00:00,4,65,57,Low
2024-01-27 06:00:00,4,42,54,Low
2024-01-27 07:00:00,1,294,10,High
2024-01-27 08:00:00,4,244,24,High
2024-01-27 09:00:00,2,341,19,High
2024-01-27 10:00:00,4,327,12,High
2024-01-27 11:00:00,1,134,32,Medium
2024-01-27 12:00:00,2,159,40,Medium
2024-01-27 13:00:00,4,169,32,Medium
2024-01-27 14:00:00,4,140,36,Medium
2024-01-27 15:00:00,3,195,40,Medium
2024-01-27 16:00:00,4,143,32,Medium
2024-01-27 17:00:00,1,304,15,High
2024-01-27 18:00:00,2,344,15,High
2024-01-27 19:00:00,4,254,22,High
2024-01-27 20:00:00,3,345,22,High
2024-01-27 21:00:00,1,42,47,Low
2024-01-27 22:00:00,3,82,50,Low
2024-01-27 23:00:00,1,43,62,Low
2024-01-28 00:00:00,2,60,60,Low
2024-01-28 01:00:00,4,82,46,Low
2024-01-28 02:00:00,3,56,51,Low
2024-01-28 03:00:00,1,53,57,Low
2024-01-28 04:00:00,3,29,50,Low
2024-01-28 05:00:00,4,79,61,Low
2024-01-28 06:00:00,4,40,46,Low
2024-01-28 07:00:00,1,279,12,High
2024-01-28 08:00:00,2,346,25,High
2024-01-28 09:00:00,1,239,17,High
2024-01-28 10:00:00,1,312,18,High
2024-01-28 11:00:00,3,179,27,Medium
2024-01-28 12:00:00,2,101,39,Medium
2024-01-28 13:00:00,2,197,38,Medium
2024-01-28 14:00:00,1,109,38,Medium
2024-01-28 15:00:00,1,136,30,Medium
2024-01-28 16:00:00,2,138,34,Medium
2024-01-28 17:00:00,2,311,18,High
2024-01-28 18:00:00,4,339,22,High
2024-01-28 19:00:00,1,319,20,High
2024-01-28 20:00:00,4,243,10,High
2024-01-28 21:00:00,1,76,50,Low
2024-01-28 22:00:00,4,36,65,Low
2024-01-28 23:00:00,3,94,62,Low
2024-01-29 00:00:00,3,25,64,Low
2024-01-29 01:00:00,4,89,48,Low
2024-01-29 02:00:00,3,21,48,Low
2024-01-29 03:00:00,1,42,49,Low
2024-01-29 04:00:00,2,81,51,Low
2024-01-29 05:00:00,2,37,44,Low
2024-01-29 06:00:00,2,92,61,Low
2024-01-29 07:00:00,1,333,17,High
2024-01-29 08:00:00,2,340,21,High
2024-01-29 09:00:00,1,259,13,High
2024-01-29 10:00:00,4,259,21,High
2024-01-29 11:00:00,3,143,35,Medium
2024-01-29 12:00:00,4,143,29,Medium
2024-01-29 13:00:00,1,167,33,Medium
2024-01-29 14:00:00,4,194,26,Medium
2024-01-29 15:00:00,3,149,30,Medium
2024-01-29 16:00:00,1,174,36,Medium
2024-01-29 17:00:00,1,347,12,High
2024-01-29 18:00:00,4,265,20,High
2024-01-29 19:00:00,3,260,25,High
2024-01-29 20:00:00,1,277,20,High
2024-01-29 21:00:00,3,60,61,Low
2024-01-29 22:00:00,2,41,47,Low
2024-01-29 23:00:00,3,78,41,Low
2024-01-30 00:00:00,2,87,45,Low
2024-01-30 01:00:00,2,90,43,Low
2024-01-30 02:00:00,3,38,53,Low
2024-01-30 03:00:00,3,43,49,Low
2024-01-30 04:00:00,3,49,52,Low
2024-01-30 05:00:00,4,34,53,Low
2024-01-30 06:00:00,3,22,50,Low
2024-01-30 07:00:00,3,288,10,High
2024-01-30 08:00:00,4,329,25,High
2024-01-30 09:00:00,4,322,22,High
2024-01-30 10:00:00,4,212,11,High
2024-01-30 11:00:00,4,191,29,Medium
2024-01-30 12:00:00,3,119,26,Medium
2024-01-30 13:00:00,3,132,26,Medium
2024-01-30 14:00:00,3,125,31,Medium
2024-01-30 15:00:00,3,138,35,Medium
2024-01-30 16:00:00,2,172,37,Medium
2024-01-30 17:00:00,1,277,21,High
2024-01-30 18:00:00,2,267,10,High
2024-01-30 19:00:00,2,298,13,High
2024-01-30 20:00:00,4,207,12,High
2024-01-30 21:00:00,1,84,64,Low
2024-01-30 22:00:00,4,74,45,Low
2024-01-30 23:00:00,1,64,61,Low
2024-01-31 00:00:00,4,83,48,Low
2024-01-31 01:00:00,4,81,56,Low
2024-01-31 02:00:00,4,30,56,Low
2024-01-31 03:00:00,4,32,54,Low
2024-01-31 04:00:00,3,25,40,Low
2024-01-31 05:00:00,4,66,53,Low
2024-01-31 06:00:00,1,81,54,Low
2024-01-31 07:00:00,4,247,23,High
2024-01-31 08:00:00,1,327,12,High
2024-01-31 09:00:00,2,224,13,High
2024-01-31 10:00:00,4,241,24,High
2024-01-31 11:00:00,1,184,27,Medium
2024-01-31 12:00:00,3,137,38,Medium
2024-01-31 13:00:00,3,129,34,Medium
2024-01-31 14:00:00,4,130,34,Medium
2024-01-31 15:00:00,4,138,28,Medium
2024-01-31 16:00:00,4,157,39,Medium
2024-01-31 17:00:00,1,234,15,High
2024-01-31 18:00:00,2,320,16,High
2024-01-31 19:00:00,1,306,17,High
2024-01-31 20:00:00,2,316,25,High
2024-01-31 21:00:00,4,53,46,Low
2024-01-31 22:00:00,1,32,43,Low
2024-01-31 23:00:00,3,69,41,Low
2024-02-01 00:00:00,3,93,50,Low
2024-02-01 01:00:00,3,98,53,Low
2024-02-01 02:00:00,4,25,43,Low
2024-02-01 03:00:00,3,98,54,Low
2024-02-01 04:00:00,4,33,41,Low
2024-02-01 05:00:00,3,48,52,Low
2024-02-01 06:00:00,3,25,44,Low
2024-02-01 07:00:00,1,343,14,High
2024-02-01 08:00:00,3,287,17,High
2024-02-01 09:00:00,3,281,19,High
2024-02-01 10:00:00,2,202,15,High
2024-02-01 11:00:00,4,145,26,Medium
2024-02-01 12:00:00,4,110,37,Medium
2024-02-01 13:00:00,4,173,25,Medium
2024-02-01 14:00:00,1,129,30,Medium
2024-02-01 15:00:00,2,112,33,Medium
2024-02-01 16:00:00,1,178,29,Medium
2024-02-01 17:00:00,1,310,18,High
2024-02-01 18:00:00,1,341,13,High
2024-02-01 19:00:00,3,245,14,High
2024-02-01 20:00:00,3,243,20,High
2024-02-01 21:00:00,1,81,54,Low
2024-02-01 22:00:00,1,46,57,Low
2024-02-01 23:00:00,1,39,42,Low
2024-02-02 00:00:00,2,83,48,Low
2024-02-02 01:00:00,3,46,46,Low
2024-02-02 02:00:00,4,59,61,Low
2024-02-02 03:00:00,4,96,50,Low
2024-02-02 04:00:00,1,30,62,Low
2024-02-02 05:00:00,4,71,54,Low
2024-02-02 06:00:00,1,83,42,Low
2024-02-02 07:00:00,2,201,14,High
2024-02-02 08:00:00,3,350,18,High
2024-02-02 09:00:00,3,295,16,High
2024-02-02 10:00:00,1,312,18,High
2024-02-02 11:00:00,1,113,30,Medium
2024-02-02 12:00:00,1,167,33,Medium
2024-02-02 13:00:00,1,158,35,Medium
2024-02-02 14:00:00,4,161,33,Medium
2024-02-02 15:00:00,2,133,25,Medium
2024-02-02 16:00:00,3,103,30,Medium
2024-02-02 17:00:00,2,302,22,High
2024-02-02 18:00:00,2,237,14,High
2024-02-02 19:00:00,3,220,11,High
2024-02-02 20:00:00,2,220,14,High
2024-02-02 21:00:00,4,93,63,Low
2024-02-02 22:00:00,2,98,61,Low
2024-02-02 23:00:00,1,22,49,Low
2024-02-03 00:00:00,1,70,48,Low
2024-02-03 01:00:00,2,27,40,Low
2024-02-03 02:00:00,4,37,56,Low
2024-02-03 03:00:00,3,25,65,Low
2024-02-03 04:00:00,3,27,41,Low
2024-02-03 05:00:00,3,47,45,Low
2024-02-03 06:00:00,1,72,60,Low
2024-02-03 07:00:00,2,229,18,High
2024-02-03 08:00:00,2,313,13,High
2024-02-03 09:00:00,3,314,25,High
2024-02-03 10:00:00,4,335,24,High
2024-02-03 11:00:00,3,199,40,Medium
2024-02-03 12:00:00,4,119,40,Medium
2024-02-03 13:00:00,4,154,33,Medium
2024-02-03 14:00:00,1,115,36,Medium
2024-02-03 15:00:00,2,191,34,Medium
2024-02-03 16:00:00,4,161,37,Medium
2024-02-03 17:00:00,4,224,23,High
2024-02-03 18:00:00,3,343,19,High
2024-02-03 19:00:00,2,305,20,High
2024-02-03 20:00:00,3,273,14,High
2024-02-03 21:00:00,2,47,42,Low
2024-02-03 22:00:00,4,58,54,Low
2024-02-03 23:00:00,1,34,57,Low
2024-02-04 00:00:00,3,25,52,Low
2024-02-04 01:00:00,1,96,40,Low
2024-02-04 02:00:00,1,91,44,Low
2024-02-04 03:00:00,1,83,41,Low
2024-02-04 04:00:00,1,92,40,Low
2024-02-04 05:00:00,4,70,48,Low
2024-02-04 06:00:00,1,39,51,Low
2024-02-04 07:00:00,4,324,11,High
2024-02-04 08:00:00,3,284,23,High
2024-02-04 09:00:00,1,209,24,High
2024-02-04 10:00:00,2,303,11,High
2024-02-04 11:00:00,1,193,28,Medium
2024-02-04 12:00:00,1,116,33,Medium
2024-02-04 13:00:00,3,103,38,Medium
2024-02-04 14:00:00,4,195,39,Medium
2024-02-04 15:00:00,1,102,34,Medium
2024-02-04 16:00:00,3,156,31,Medium
2024-02-04 17:00:00,1,313,25,High
2024-02-04 18:00:00,3,227,12,High
2024-02-04 19:00:00,1,291,15,High
2024-02-04 20:00:00,2,231,23,High
2024-02-04 21:00:00,3,62,51,Low
2024-02-04 22:00:00,4,74,65,Low
2024-02-04 23:00:00,1,21,45,Low
2024-02-05 00:00:00,2,42,65,Low
2024-02-05 01:00:00,2,77,52,Low
2024-02-05 02:00:00,4,68,44,Low
2024-02-05 03:00:00,2,45,40,Low
2024-02-05 04:00:00,2,23,50,Low
2024-02-05 05:00:00,1,99,61,Low
2024-02-05 06:00:00,2,80,58,Low
2024-02-05 07:00:00,1,304,23,High
2024-02-05 08:00:00,2,206,10,High
2024-02-05 09:00:00,3,239,24,High
2024-02-05 10:00:00,4,337,23,High
2024-02-05 11:00:00,3,105,36,Medium
2024-02-05 12:00:00,4,173,35,Medium
2024-02-05 13:00:00,2,164,32,Medium
2024-02-05 14:00:00,1,188,34,Medium
2024-02-05 15:00:00,1,159,26,Medium
2024-02-05 16:00:00,3,197,37,Medium
2024-02-05 17:00:00,4,273,20,High
2024-02-05 18:00:00,4,310,16,High
2024-02-05 19:00:00,2,334,20,High
2024-02-05 20:00:00,1,349,19,High
2024-02-05 21:00:00,1,65,55,Low
2024-02-05 22:00:00,2,96,52,Low
2024-02-05 23:00:00,3,57,46,Low
2024-02-06 00:00:00,2,77,47,Low
2024-02-06 01:00:00,4,34,49,Low
2024-02-06 02:00:00,3,86,52,Low
2024-02-06 03:00:00,1,66,58,Low
2024-02-06 04:00:00,1,29,48,Low
2024-02-06 05:00:00,1,58,64,Low
2024-02-06 06:00:00,2,32,56,Low
2024-02-06 07:00:00,1,208,22,High
2024-02-06 08:00:00,4,234,18,High
2024-02-06 09:00:00,1,345,19,High
2024-02-06 10:00:00,3,263,18,High
2024-02-06 11:00:00,4,146,36,Medium
2024-02-06 12:00:00,4,132,35,Medium
2024-02-06 13:00:00,4,187,25,Medium
2024-02-06 14:00:00,4,155,26,Medium
2024-02-06 15:00:00,3,150,28,Medium
2024-02-06 16:00:00,1,177,38,Medium
2024-02-06 17:00:00,3,325,16,High
2024-02-06 18:00:00,2,253,11,High
2024-02-06 19:00:00,4,200,25,High
2024-02-06 20:00:00,3,337,13,High
2024-02-06 21:00:00,3,63,49,Low
2024-02-06 22:00:00,1,84,61,Low
2024-02-06 23:00:00,4,66,45,Low
2024-02-07 00:00:00,1,56,48,Low
2024-02-07 01:00:00,3,39,52,Low
2024-02-07 02:00:00,1,92,58,Low
2024-02-07 03:00:00,4,85,65,Low
2024-02-07 04:00:00,4,99,63,Low
2024-02-07 05:00:00,2,57,49,Low
2024-02-07 06:00:00,3,84,41,Low
2024-02-07 07:00:00,4,287,11,High
2024-02-07 08:00:00,2,204,15,High
2024-02-07 09:00:00,4,315,17,High
2024-02-07 10:00:00,2,208,18,High
2024-02-07 11:00:00,4,107,40,Medium
2024-02-07 12:00:00,3,132,30,Medium
2024-02-07 13:00:00,3,162,37,Medium
2024-02-07 14:00:00,3,146,26,Medium
2024-02-07 15:00:00,3,138,26,Medium
2024-02-07 16:00:00,4,155,27,Medium
2024-02-07 17:00:00,1,296,11,High
2024-02-07 18:00:00,2,244,16,High
2024-02-07 19:00:00,4,229,14,High
2024-02-07 20:00:00,2,291,20,High
2024-02-07 21:00:00,1,45,40,Low
2024-02-07 22:00:00,4,28,56,Low
2024-02-07 23:00:00,4,45,57,Low
2024-02-08 00:00:00,2,23,47,Low
2024-02-08 01:00:00,2,36,54,Low
2024-02-08 02:00:00,4,53,63,Low
2024-02-08 03:00:00,2,48,59,Low
2024-02-08 04:00:00,4,25,58,Low
2024-02-08 05:00:00,2,76,61,Low
2024-02-08 06:00:00,1,47,56,Low
2024-02-08 07:00:00,3,257,11,High
2024-02-08 08:00:00,3,235,22,High
2024-02-08 09:00:00,4,271,12,High
2024-02-08 10:00:00,2,249,20,High
2024-02-08 11:00:00,3,152,30,Medium
2024-02-08 12:00:00,1,160,32,Medium
2024-02-08 13:00:00,3,192,26,Medium
2024-02-08 14:00:00,2,133,39,Medium
2024-02-08 15:00:00,1,176,39,Medium
2024-02-08 16:00:00,2,155,27,Medium
2024-02-08 17:00:00,3,320,22,High
2024-02-08 18:00:00,4,217,13,High
2024-02-08 19:00:00,4,314,14,High
2024-02-08 20:00:00,1,343,20,High
2024-02-08 21:00:00,4,50,45,Low
2024-02-08 22:00:00,3,21,57,Low
2024-02-08 23:00:00,2,98,63,Low
2024-02-09 00:00:00,3,46,55,Low
2024-02-09 01:00:00,4,32,48,Low
2024-02-09 02:00:00,4,84,62,Low
2024-02-09 03:00:00,4,56,63,Low
2024-02-09 04:00:00,1,48,45,Low
2024-02-09 05:00:00,4,30,52,Low
2024-02-09 06:00:00,2,76,45,Low
2024-02-09 07:00:00,3,218,12,High
2024-02-09 08:00:00,1,290,18,High
2024-02-09 09:00:00,3,244,21,High
2024-02-09 10:00:00,2,250,21,High
2024-02-09 11:00:00,2,179,28,Medium
2024-02-09 12:00:00,4,102,33,Medium
2024-02-09 13:00:00,2,145,30,Medium
2024-02-09 14:00:00,4,110,29,Medium
2024-02-09 15:00:00,1,194,34,Medium
2024-02-09 16:00:00,3,185,30,Medium
2024-02-09 17:00:00,3,214,13,High
2024-02-09 18:00:00,2,336,20,High
2024-02-09 19:00:00,1,340,13,High
2024-02-09 20:00:00,3,314,23,High
2024-02-09 21:00:00,1,54,50,Low
2024-02-09 22:00:00,2,70,43,Low
2024-02-09 23:00:00,1,93,51,Low
2024-02-10 00:00:00,2,94,64,Low
2024-02-10 01:00:00,1,90,51,Low
2024-02-10 02:00:00,3,80,51,Low
2024-02-10 03:00:00,1,28,47,Low
2024-02-10 04:00:00,3,53,47,Low
2024-02-10 05:00:00,4,69,48,Low
2024-02-10 06:00:00,3,51,43,Low
2024-02-10 07:00:00,3,332,15,High
2024-02-10 08:00:00,1,329,18,High
2024-02-10 09:00:00,4,226,25,High
2024-02-10 10:00:00,4,325,13,High
2024-02-10 11:00:00,4,115,30,Medium
2024-02-10 12:00:00,3,108,38,Medium
2024-02-10 13:00:00,1,163,33,Medium
2024-02-10 14:00:00,1,155,29,Medium
2024-02-10 15:00:00,1,140,25,Medium
2024-02-10 16:00:00,3,142,30,Medium
2024-02-10 17:00:00,3,350,12,High
2024-02-10 18:00:00,2,259,13,High
2024-02-10 19:00:00,2,249,25,High
2024-02-10 20:00:00,3,274,13,High
2024-02-10 21:00:00,4,60,45,Low
2024-02-10 22:00:00,3,70,47,Low
2024-02-10 23:00:00,2,83,62,Low
2024-02-11 00:00:00,2,93,63,Low
2024-02-11 01:00:00,4,51,46,Low
2024-02-11 02:00:00,2,57,44,Low
2024-02-11 03:00:00,2,51,45,Low
2024-02-11 04:00:00,4,88,53,Low
2024-02-11 05:00:00,1,47,41,Low
2024-02-11 06:00:00,2,27,62,Low
2024-02-11 07:00:00,4,260,23,High
2024-02-11 08:00:00,4,284,21,High
2024-02-11 09:00:00,2,345,14,High
2024-02-11 10:00:00,3,218,16,High
2024-02-11 11:00:00,1,149,38,Medium
2024-02-11 12:00:00,2,135,32,Medium
2024-02-11 13:00:00,1,198,29,Medium
2024-02-11 14:00:00,1,137,27,Medium
2024-02-11 15:00:00,1,179,31,Medium
2024-02-11 16:00:00,4,126,37,Medium
2024-02-11 17:00:00,3,207,16,High
2024-02-11 18:00:00,3,317,15,High
2024-02-11 19:00:00,1,320,15,High
2024-02-11 20:00:00,3,315,14,High
2024-02-11 21:00:00,4,68,65,Low
2024-02-11 22:00:00,3,30,55,Low
2024-02-11 23:00:00,1,93,61,Low
2024-02-12 00:00:00,2,60,64,Low
2024-02-12 01:00:00,3,33,52,Low
2024-02-12 02:00:00,1,74,55,Low
2024-02-12 03:00:00,4,48,53,Low
2024-02-12 04:00:00,1,92,61,Low
2024-02-12 05:00:00,4,47,43,Low
2024-02-12 06:00:00,3,59,46,Low
2024-02-12 07:00:00,1,256,10,High
2024-02-12 08:00:00,1,314,14,High
2024-02-12 09:00:00,3,322,14,High
2024-02-12 10:00:00,1,223,13,High
2024-02-12 11:00:00,2,144,26,Medium
2024-02-12 12:00:00,1,189,30,Medium
2024-02-12 13:00:00,3,190,29,Medium
2024-02-12 14:00:00,1,161,32,Medium
2024-02-12 15:00:00,1,191,30,Medium
2024-02-12 16:00:00,2,152,29,Medium
2024-02-12 17:00:00,3,325,17,High
2024-02-12 18:00:00,2,306,22,High
2024-02-12 19:00:00,4,222,21,High
2024-02-12 20:00:00,4,208,14,High
2024-02-12 21:00:00,4,93,41,Low
2024-02-12 22:00:00,1,56,41,Low
2024-02-12 23:00:00,1,99,40,Low
2024-02-13 00:00:00,1,96,61,Low
2024-02-13 01:00:00,1,100,55,Low
2024-02-13 02:00:00,4,53,56,Low
2024-02-13 03:00:00,4,37,50,Low
2024-02-13 04:00:00,4,70,50,Low
2024-02-13 05:00:00,3,45,43,Low
2024-02-13 06:00:00,2,21,43,Low
2024-02-13 07:00:00,2,251,17,High
2024-02-13 08:00:00,4,239,24,High
2024-02-13 09:00:00,3,228,12,High
2024-02-13 10:00:00,4,267,14,High
2024-02-13 11:00:00,4,186,29,Medium
2024-02-13 12:00:00,2,167,36,Medium
2024-02-13 13:00:00,4,191,33,Medium
2024-02-13 14:00:00,1,162,40,Medium
2024-02-13 15:00:00,1,171,33,Medium
2024-02-13 16:00:00,1,174,39,Medium
2024-02-13 17:00:00,2,345,14,High
2024-02-13 18:00:00,1,220,12,High
2024-02-13 19:00:00,4,328,12,High
2024-02-13 20:00:00,4,238,13,High
2024-02-13 21:00:00,3,91,57,Low
2024-02-13 22:00:00,1,36,51,Low
2024-02-13 23:00:00,3,98,46,Low
2024-02-14 00:00:00,2,76,48,Low
2024-02-14 01:00:00,3,43,55,Low
2024-02-14 02:00:00,2,68,45,Low
2024-02-14 03:00:00,2,30,58,Low
2024-02-14 04:00:00,3,64,64,Low
2024-02-14 05:00:00,1,90,42,Low
2024-02-14 06:00:00,1,98,41,Low
2024-02-14 07:00:00,4,257,16,High
2024-02-14 08:00:00,3,335,15,High
2024-02-14 09:00:00,4,334,25,High
2024-02-14 10:00:00,3,263,18,High
2024-02-14 11:00:00,4,147,31,Medium
2024-02-14 12:00:00,2,188,30,Medium
2024-02-14 13:00:00,4,123,35,Medium
2024-02-14 14:00:00,2,144,29,Medium
2024-02-14 15:00:00,4,134,27,Medium
2024-02-14 16:00:00,4,178,28,Medium
2024-02-14 17:00:00,1,329,16,High
2024-02-14 18:00:00,2,320,17,High
2024-02-14 19:00:00,3,270,25,High
2024-02-14 20:00:00,3,302,20,High
2024-02-14 21:00:00,1,61,61,Low
2024-02-14 22:00:00,3,75,42,Low
2024-02-14 23:00:00,2,61,45,Low
2024-02-15 00:00:00,2,74,41,Low
2024-02-15 01:00:00,4,73,41,Low
2024-02-15 02:00:00,3,36,44,Low
2024-02-15 03:00:00,1,86,64,Low
2024-02-15 04:00:00,4,25,59,Low
2024-02-15 05:00:00,1,72,53,Low
2024-02-15 06:00:00,2,34,61,Low
2024-02-15 07:00:00,3,294,10,High
2024-02-15 08:00:00,1,210,10,High
2024-02-15 09:00:00,4,216,17,High
2024-02-15 10:00:00,3,241,13,High
2024-02-15 11:00:00,2,113,37,Medium
2024-02-15 12:00:00,3,144,35,Medium
2024-02-15 13:00:00,1,101,31,Medium
2024-02-15 14:00:00,2,190,32,Medium
2024-02-15 15:00:00,4,140,39,Medium
2024-02-15 16:00:00,1,185,29,Medium
2024-02-15 17:00:00,3,240,18,High
2024-02-15 18:00:00,4,277,15,High
2024-02-15 19:00:00,1,305,19,High
2024-02-15 20:00:00,3,209,14,High
2024-02-15 21:00:00,4,95,58,Low
2024-02-15 22:00:00,2,52,54,Low
2024-02-15 23:00:00,2,79,45,Low
2024-02-16 00:00:00,2,94,51,Low
2024-02-16 01:00:00,1,92,58,Low
2024-02-16 02:00:00,2,93,51,Low
2024-02-16 03:00:00,2,41,43,Low
2024-02-16 04:00:00,4,86,57,Low
2024-02-16 05:00:00,2,38,55,Low
2024-02-16 06:00:00,1,53,54,Low
2024-02-16 07:00:00,2,259,11,High
2024-02-16 08:00:00,1,276,12,High
2024-02-16 09:00:00,1,349,20,High
2024-02-16 10:00:00,4,245,17,High
2024-02-16 11:00:00,4,101,29,Medium
2024-02-16 12:00:00,3,128,34,Medium
2024-02-16 13:00:00,2,194,40,Medium
2024-02-16 14:00:00,4,103,32,Medium
2024-02-16 15:00:00,4,123,39,Medium
2024-02-16 16:00:00,1,198,27,Medium
2024-02-16 17:00:00,1,329,12,High
2024-02-16 18:00:00,2,308,13,High
2024-02-16 19:00:00,4,347,19,High
2024-02-16 20:00:00,2,312,20,High
2024-02-16 21:00:00,2,29,62,Low
2024-02-16 22:00:00,2,42,51,Low
2024-02-16 23:00:00,2,30,60,Low
2024-02-17 00:00:00,3,99,64,Low
2024-02-17 01:00:00,3,48,57,Low
2024-02-17 02:00:00,4,71,48,Low
2024-02-17 03:00:00,2,57,45,Low
2024-02-17 04:00:00,1,57,48,Low
2024-02-17 05:00:00,3,29,60,Low
2024-02-17 06:00:00,3,26,51,Low
2024-02-17 07:00:00,4,325,23,High
2024-02-17 08:00:00,2,272,19,High
2024-02-17 09:00:00,1,284,12,High
2024-02-17 10:00:00,4,263,11,High
2024-02-17 11:00:00,2,123,25,Medium
2024-02-17 12:00:00,4,143,36,Medium
2024-02-17 13:00:00,4,189,36,Medium
2024-02-17 14:00:00,3,170,34,Medium
2024-02-17 15:00:00,4,197,31,Medium
2024-02-17 16:00:00,2,123,37,Medium
2024-02-17 17:00:00,2,294,17,High
2024-02-17 18:00:00,3,234,12,High
2024-02-17 19:00:00,4,346,22,High
2024-02-17 20:00:00,3,325,10,High
2024-02-17 21:00:00,1,100,47,Low
2024-02-17 22:00:00,4,96,56,Low
2024-02-17 23:00:00,4,61,45,Low
2024-02-18 00:00:00,4,75,40,Low
2024-02-18 01:00:00,1,97,49,Low
2024-02-18 02:00:00,4,84,40,Low
2024-02-18 03:00:00,3,76,53,Low
2024-02-18 04:00:00,4,40,59,Low
2024-02-18 05:00:00,2,80,53,Low
2024-02-18 06:00:00,4,75,40,Low
2024-02-18 07:00:00,2,281,16,High
2024-02-18 08:00:00,2,273,22,High
2024-02-18 09:00:00,4,265,17,High
2024-02-18 10:00:00,4,266,15,High
2024-02-18 11:00:00,1,152,30,Medium
2024-02-18 12:00:00,2,137,27,Medium
2024-02-18 13:00:00,2,195,25,Medium
2024-02-18 14:00:00,4,128,31,Medium
2024-02-18 15:00:00,2,109,31,Medium
2024-02-18 16:00:00,3,169,37,Medium
2024-02-18 17:00:00,2,220,19,High
2024-02-18 18:00:00,1,315,22,High
2024-02-18 19:00:00,3,305,16,High
2024-02-18 20:00:00,2,328,19,High
2024-02-18 21:00:00,2,21,63,Low
2024-02-18 22:00:00,4,83,49,Low
2024-02-18 23:00:00,1,95,65,Low
2024-02-19 00:00:00,1,57,62,Low
2024-02-19 01:00:00,3,61,62,Low
2024-02-19 02:00:00,1,88,63,Low
2024-02-19 03:00:00,4,31,62,Low
2024-02-19 04:00:00,4,92,56,Low
2024-02-19 05:00:00,4,71,41,Low
2024-02-19 06:00:00,1,35,56,Low
2024-02-19 07:00:00,4,227,20,High
2024-02-19 08:00:00,3,236,16,High
2024-02-19 09:00:00,1,246,23,High
2024-02-19 10:00:00,3,202,16,High
2024-02-19 11:00:00,2,185,25,Medium
2024-02-19 12:00:00,4,135,27,Medium
2024-02-19 13:00:00,1,148,33,Medium
2024-02-19 14:00:00,3,139,39,Medium
2024-02-19 15:00:00,3,179,25,Medium
2024-02-19 16:00:00,2,132,32,Medium
2024-02-19 17:00:00,1,268,16,High
2024-02-19 18:00:00,2,252,11,High
2024-02-19 19:00:00,2,214,15,High
2024-02-19 20:00:00,1,318,12,High
2024-02-19 21:00:00,2,40,49,Low
2024-02-19 22:00:00,2,27,46,Low
2024-02-19 23:00:00,1,30,41,Low
2024-02-20 00:00:00,1,95,64,Low
2024-02-20 01:00:00,4,93,55,Low
2024-02-20 02:00:00,4,76,61,Low
2024-02-20 03:00:00,4,83,43,Low
2024-02-20 04:00:00,4,93,61,Low
2024-02-20 05:00:00,1,74,56,Low
2024-02-20 06:00:00,4,87,40,Low
2024-02-20 07:00:00,3,203,13,High
2024-02-20 08:00:00,2,311,10,High
2024-02-20 09:00:00,3,339,21,High
2024-02-20 10:00:00,4,307,19,High
2024-02-20 11:00:00,1,178,28,Medium
2024-02-20 12:00:00,4,129,36,Medium
2024-02-20 13:00:00,4,130,36,Medium
2024-02-20 14:00:00,1,114,40,Medium
2024-02-20 15:00:00,4,114,39,Medium
2024-02-20 16:00:00,1,108,29,Medium
2024-02-20 17:00:00,1,266,22,High
2024-02-20 18:00:00,3,335,24,High
2024-02-20 19:00:00,1,278,19,High
2024-02-20 20:00:00,2,230,14,High
2024-02-20 21:00:00,1,95,61,Low
2024-02-20 22:00:00,4,51,62,Low
2024-02-20 23:00:00,4,76,41,Low
2024-02-21 00:00:00,1,80,40,Low
2024-02-21 01:00:00,4,45,65,Low
2024-02-21 02:00:00,4,28,55,Low
2024-02-21 03:00:00,1,66,44,Low
2024-02-21 04:00:00,3,91,45,Low
2024-02-21 05:00:00,4,71,49,Low
2024-02-21 06:00:00,3,74,58,Low
2024-02-21 07:00:00,1,258,21,High
2024-02-21 08:00:00,2,344,11,High
2024-02-21 09:00:00,4,247,25,High
2024-02-21 10:00:00,1,274,11,High
2024-02-21 11:00:00,2,163,38,Medium
2024-02-21 12:00:00,2,154,37,Medium
2024-02-21 13:00:00,1,183,40,Medium
2024-02-21 14:00:00,3,139,29,Medium
2024-02-21 15:00:00,2,143,26,Medium
2024-02-21 16:00:00,1,146,34,Medium
2024-02-21 17:00:00,3,256,19,High
2024-02-21 18:00:00,3,280,14,High
2024-02-21 19:00:00,1,298,10,High
2024-02-21 20:00:00,1,277,18,High
2024-02-21 21:00:00,4,38,49,Low
2024-02-21 22:00:00,2,88,55,Low
2024-02-21 23:00:00,1,78,48,Low
2024-02-22 00:00:00,1,32,59,Low
2024-02-22 01:00:00,2,44,44,Low
2024-02-22 02:00:00,2,44,56,Low
2024-02-22 03:00:00,2,69,43,Low
2024-02-22 04:00:00,4,43,59,Low
2024-02-22 05:00:00,2,80,41,Low
2024-02-22 06:00:00,4,72,53,Low
2024-02-22 07:00:00,1,306,10,High
2024-02-22 08:00:00,3,342,22,High
2024-02-22 09:00:00,1,241,24,High
2024-02-22 10:00:00,4,268,20,High
2024-02-22 11:00:00,3,196,40,Medium
2024-02-22 12:00:00,3,151,25,Medium
2024-02-22 13:00:00,4,111,28,Medium
2024-02-22 14:00:00,1,200,38,Medium
2024-02-22 15:00:00,3,103,38,Medium
2024-02-22 16:00:00,3,188,34,Medium
2024-02-22 17:00:00,2,250,14,High
2024-02-22 18:00:00,4,227,25,High
2024-02-22 19:00:00,1,254,10,High
2024-02-22 20:00:00,1,233,23,High
2024-02-22 21:00:00,3,58,65,Low
2024-02-22 22:00:00,2,100,54,Low
2024-02-22 23:00:00,2,76,57,Low
2024-02-23 00:00:00,4,46,55,Low
2024-02-23 01:00:00,4,56,42,Low
2024-02-23 02:00:00,2,23,46,Low
2024-02-23 03:00:00,2,62,64,Low
2024-02-23 04:00:00,2,93,45,Low
2024-02-23 05:00:00,1,23,58,Low
2024-02-23 06:00:00,1,34,42,Low
2024-02-23 07:00:00,4,259,11,High
2024-02-23 08:00:00,2,308,14,High
2024-02-23 09:00:00,4,278,14,High
2024-02-23 10:00:00,1,342,22,High
2024-02-23 11:00:00,3,118,40,Medium
2024-02-23 12:00:00,3,108,28,Medium
2024-02-23 13:00:00,2,183,28,Medium
2024-02-23 14:00:00,2,136,40,Medium
2024-02-23 15:00:00,4,145,32,Medium
2024-02-23 16:00:00,1,138,36,Medium
2024-02-23 17:00:00,2,277,24,High
2024-02-23 18:00:00,1,221,16,High
2024-02-23 19:00:00,2,211,14,High
2024-02-23 20:00:00,1,214,20,High
2024-02-23 21:00:00,3,95,60,Low
2024-02-23 22:00:00,1,82,46,Low
2024-02-23 23:00:00,1,54,44,Low
2024-02-24 00:00:00,3,48,53,Low
2024-02-24 01:00:00,3,40,61,Low
2024-02-24 02:00:00,4,70,64,Low
2024-02-24 03:00:00,1,82,54,Low
2024-02-24 04:00:00,2,20,57,Low
2024-02-24 05:00:00,4,62,49,Low
2024-02-24 06:00:00,2,91,43,Low
2024-02-24 07:00:00,3,308,24,High
2024-02-24 08:00:00,4,302,16,High
2024-02-24 09:00:00,3,264,25,High
2024-02-24 10:00:00,1,264,25,High
2024-02-24 11:00:00,1,175,36,Medium
2024-02-24 12:00:00,1,187,37,Medium
2024-02-24 13:00:00,1,101,28,Medium
2024-02-24 14:00:00,1,125,27,Medium
2024-02-24 15:00:00,1,160,25,Medium
2024-02-24 16:00:00,3,160,39,Medium
2024-02-24 17:00:00,3,330,12,High
2024-02-24 18:00:00,3,268,18,High
2024-02-24 19:00:00,3,284,24,High
2024-02-24 20:00:00,3,335,24,High
2024-02-24 21:00:00,2,72,55,Low
2024-02-24 22:00:00,4,78,59,Low
2024-02-24 23:00:00,2,71,43,Low
2024-02-25 00:00:00,4,95,63,Low
2024-02-25 01:00:00,4,33,51,Low
2024-02-25 02:00:00,2,97,55,Low
2024-02-25 03:00:00,3,72,43,Low
2024-02-25 04:00:00,4,28,54,Low
2024-02-25 05:00:00,2,70,61,Low
2024-02-25 06:00:00,4,45,65,Low
2024-02-25 07:00:00,2,324,23,High
2024-02-25 08:00:00,3,298,13,High
2024-02-25 09:00:00,1,268,10,High
2024-02-25 10:00:00,1,281,24,High
2024-02-25 11:00:00,3,182,34,Medium
2024-02-25 12:00:00,3,167,38,Medium
2024-02-25 13:00:00,2,175,39,Medium
2024-02-25 14:00:00,3,181,30,Medium
2024-02-25 15:00:00,2,120,33,Medium
2024-02-25 16:00:00,2,154,39,Medium
2024-02-25 17:00:00,4,314,15,High
2024-02-25 18:00:00,1,277,12,High
2024-02-25 19:00:00,4,212,21,High
2024-02-25 20:00:00,4,337,10,High
2024-02-25 21:00:00,3,22,63,Low
2024-02-25 22:00:00,4,57,44,Low
2024-02-25 23:00:00,4,85,61,Low
2024-02-26 00:00:00,4,68,64,Low
2024-02-26 01:00:00,4,85,53,Low
2024-02-26 02:00:00,1,30,63,Low
2024-02-26 03:00:00,2,93,63,Low
2024-02-26 04:00:00,4,95,61,Low
2024-02-26 05:00:00,4,25,62,Low
2024-02-26 06:00:00,3,72,60,Low
2024-02-26 07:00:00,1,225,21,High
2024-02-26 08:00:00,1,346,11,High
2024-02-26 09:00:00,3,230,23,High
2024-02-26 10:00:00,4,301,25,High
2024-02-26 11:00:00,3,198,27,Medium
2024-02-26 12:00:00,4,111,32,Medium
2024-02-26 13:00:00,3,183,33,Medium
2024-02-26 14:00:00,4,174,38,Medium
2024-02-26 15:00:00,1,161,38,Medium
2024-02-26 16:00:00,3,167,37,Medium
2024-02-26 17:00:00,3,335,12,High
2024-02-26 18:00:00,4,306,16,High
2024-02-26 19:00:00,4,264,11,High
2024-02-26 20:00:00,1,289,14,High
2024-02-26 21:00:00,4,41,56,Low
2024-02-26 22:00:00,3,48,49,Low
2024-02-26 23:00:00,2,34,62,Low
2024-02-27 00:00:00,4,26,46,Low
2024-02-27 01:00:00,4,71,42,Low
2024-02-27 02:00:00,1,20,65,Low
2024-02-27 03:00:00,2,92,65,Low
2024-02-27 04:00:00,2,57,53,Low
2024-02-27 05:00:00,1,95,40,Low
2024-02-27 06:00:00,4,75,50,Low
2024-02-27 07:00:00,1,219,24,High
2024-02-27 08:00:00,1,350,17,High
2024-02-27 09:00:00,3,292,11,High
2024-02-27 10:00:00,4,252,20,High
2024-02-27 11:00:00,2,107,27,Medium
2024-02-27 12:00:00,4,199,28,Medium
2024-02-27 13:00:00,4,130,34,Medium
2024-02-27 14:00:00,4,196,31,Medium
2024-02-27 15:00:00,2,183,30,Medium
2024-02-27 16:00:00,4,199,26,Medium
2024-02-27 17:00:00,4,248,19,High
2024-02-27 18:00:00,3,344,15,High
2024-02-27 19:00:00,2,342,25,High
2024-02-27 20:00:00,4,291,22,High
2024-02-27 21:00:00,3,74,48,Low
2024-02-27 22:00:00,1,99,60,Low
2024-02-27 23:00:00,2,80,46,Low
2024-02-28 00:00:00,2,71,63,Low
2024-02-28 01:00:00,1,98,43,Low
2024-02-28 02:00:00,4,31,49,Low
2024-02-28 03:00:00,2,28,62,Low
2024-02-28 04:00:00,3,31,53,Low
2024-02-28 05:00:00,1,53,50,Low
2024-02-28 06:00:00,3,85,63,Low
2024-02-28 07:00:00,1,209,14,High
2024-02-28 08:00:00,3,230,23,High
2024-02-28 09:00:00,4,277,18,High
2024-02-28 10:00:00,1,256,22,High
2024-02-28 11:00:00,1,128,25,Medium
2024-02-28 12:00:00,3,150,36,Medium
2024-02-28 13:00:00,4,187,40,Medium
2024-02-28 14:00:00,4,172,32,Medium
2024-02-28 15:00:00,1,131,36,Medium
2024-02-28 16:00:00,2,126,26,Medium
2024-02-28 17:00:00,4,212,19,High
2024-02-28 18:00:00,3,200,24,High
2024-02-28 19:00:00,2,288,10,High
2024-02-28 20:00:00,4,213,21,High
2024-02-28 21:00:00,1,55,49,Low
2024-02-28 22:00:00,3,97,40,Low
2024-02-28 23:00:00,3,53,62,Low
2024-02-29 00:00:00,4,73,50,Low
2024-02-29 01:00:00,4,31,52,Low
2024-02-29 02:00:00,1,72,58,Low
2024-02-29 03:00:00,2,66,40,Low
2024-02-29 04:00:00,3,20,56,Low
2024-02-29 05:00:00,4,43,43,Low
2024-02-29 06:00:00,1,93,62,Low
2024-02-29 07:00:00,4,277,12,High
2024-02-29 08:00:00,1,312,15,High
2024-02-29 09:00:00,1,206,22,High
2024-02-29 10:00:00,4,228,15,High
2024-02-29 11:00:00,1,163,35,Medium
2024-02-29 12:00:00,4,182,33,Medium
2024-02-29 13:00:00,1,155,31,Medium
2024-02-29 14:00:00,2,104,37,Medium
2024-02-29 15:00:00,4,128,27,Medium
2024-02-29 16:00:00,1,193,28,Medium
2024-02-29 17:00:00,1,341,18,High
2024-02-29 18:00:00,3,316,11,High
2024-02-29 19:00:00,2,325,19,High
2024-02-29 20:00:00,2,293,14,High
2024-02-29 21:00:00,1,94,46,Low
2024-02-29 22:00:00,4,81,59,Low
2024-02-29 23:00:00,4,74,58,Low
2024-03-01 00:00:00,2,24,55,Low
2024-03-01 01:00:00,4,50,43,Low
2024-03-01 02:00:00,1,70,49,Low
2024-03-01 03:00:00,4,36,48,Low
2024-03-01 04:00:00,3,77,63,Low
2024-03-01 05:00:00,1,54,55,Low
2024-03-01 06:00:00,3,28,62,Low
2024-03-01 07:00:00,4,207,11,High
2024-03-01 08:00:00,2,335,18,High
2024-03-01 09:00:00,4,210,10,High
2024-03-01 10:00:00,3,219,16,High
2024-03-01 11:00:00,2,188,33,Medium
2024-03-01 12:00:00,4,162,38,Medium
2024-03-01 13:00:00,1,100,33,Medium
2024-03-01 14:00:00,1,123,29,Medium
2024-03-01 15:00:00,3,183,27,Medium
2024-03-01 16:00:00,1,171,30,Medium
2024-03-01 17:00:00,3,319,12,High
2024-03-01 18:00:00,3,336,15,High
2024-03-01 19:00:00,1,277,21,High
2024-03-01 20:00:00,3,344,17,High
2024-03-01 21:00:00,2,56,44,Low
2024-03-01 22:00:00,3,92,60,Low
2024-03-01 23:00:00,3,61,41,Low
2024-03-02 00:00:00,2,75,49,Low
2024-03-02 01:00:00,1,86,50,Low
2024-03-02 02:00:00,2,78,41,Low
2024-03-02 03:00:00,4,83,47,Low
2024-03-02 04:00:00,1,76,42,Low
2024-03-02 05:00:00,4,59,51,Low
2024-03-02 06:00:00,4,24,58,Low
2024-03-02 07:00:00,2,303,13,High
2024-03-02 08:00:00,3,339,23,High
2024-03-02 09:00:00,3,348,10,High
2024-03-02 10:00:00,2,241,23,High
2024-03-02 11:00:00,3,196,39,Medium
2024-03-02 12:00:00,1,198,40,Medium
2024-03-02 13:00:00,2,128,28,Medium
2024-03-02 14:00:00,3,139,34,Medium
2024-03-02 15:00:00,2,130,40,Medium
2024-03-02 16:00:00,1,138,33,Medium
2024-03-02 17:00:00,1,322,19,High
2024-03-02 18:00:00,3,310,16,High
2024-03-02 19:00:00,2,218,16,High
2024-03-02 20:00:00,2,328,13,High
2024-03-02 21:00:00,2,36,51,Low
2024-03-02 22:00:00,1,87,58,Low
2024-03-02 23:00:00,4,68,42,Low
2024-03-03 00:00:00,1,88,56,Low
2024-03-03 01:00:00,3,80,45,Low
2024-03-03 02:00:00,3,40,46,Low
2024-03-03 03:00:00,2,26,53,Low
2024-03-03 04:00:00,3,30,60,Low
2024-03-03 05:00:00,4,72,61,Low
2024-03-03 06:00:00,1,48,56,Low
2024-03-03 07:00:00,2,337,10,High
2024-03-03 08:00:00,1,233,21,High
2024-03-03 09:00:00,3,271,12,High
2024-03-03 10:00:00,4,279,14,High
2024-03-03 11:00:00,1,139,33,Medium
2024-03-03 12:00:00,4,145,27,Medium
2024-03-03 13:00:00,2,135,40,Medium
2024-03-03 14:00:00,3,189,30,Medium
2024-03-03 15:00:00,1,170,37,Medium
2024-03-03 16:00:00,2,186,40,Medium
2024-03-03 17:00:00,4,323,25,High
2024-03-03 18:00:00,2,346,16,High
2024-03-03 19:00:00,4,221,25,High
2024-03-03 20:00:00,3,212,22,High
2024-03-03 21:00:00,3,33,51,Low
2024-03-03 22:00:00,3,76,47,Low
2024-03-03 23:00:00,2,55,63,Low
2024-03-04 00:00:00,2,66,61,Low
2024-03-04 01:00:00,2,32,53,Low
2024-03-04 02:00:00,4,34,42,Low
2024-03-04 03:00:00,3,22,53,Low
2024-03-04 04:00:00,2,65,62,Low
2024-03-04 05:00:00,4,23,47,Low
2024-03-04 06:00:00,1,40,47,Low
2024-03-04 07:00:00,2,201,15,High
2024-03-04 08:00:00,2,348,10,High
2024-03-04 09:00:00,2,304,25,High
2024-03-04 10:00:00,4,207,20,High
2024-03-04 11:00:00,2,151,33,Medium
2024-03-04 12:00:00,2,123,35,Medium
2024-03-04 13:00:00,1,131,38,Medium
2024-03-04 14:00:00,1,181,27,Medium
2024-03-04 15:00:00,4,106,29,Medium
2024-03-04 16:00:00,2,115,38,Medium
2024-03-04 17:00:00,3,216,16,High
2024-03-04 18:00:00,4,319,10,High
2024-03-04 19:00:00,2,285,18,High
2024-03-04 20:00:00,3,305,25,High
2024-03-04 21:00:00,3,36,41,Low
2024-03-04 22:00:00,4,26,53,Low
2024-03-04 23:00:00,1,24,63,Low
2024-03-05 00:00:00,3,33,50,Low
2024-03-05 01:00:00,1,69,44,Low
2024-03-05 02:00:00,2,78,43,Low
2024-03-05 03:00:00,3,85,43,Low
2024-03-05 04:00:00,3,68,63,Low
2024-03-05 05:00:00,2,75,55,Low
2024-03-05 06:00:00,3,81,65,Low
2024-03-05 07:00:00,2,283,15,High
2024-03-05 08:00:00,1,274,11,High
2024-03-05 09:00:00,2,271,17,High
2024-03-05 10:00:00,1,238,25,High
2024-03-05 11:00:00,1,166,26,Medium
2024-03-05 12:00:00,1,127,32,Medium
2024-03-05 13:00:00,4,134,36,Medium
2024-03-05 14:00:00,1,148,36,Medium
2024-03-05 15:00:00,4,175,40,Medium
2024-03-05 16:00:00,4,173,40,Medium
2024-03-05 17:00:00,3,242,17,High
2024-03-05 18:00:00,2,210,11,High
2024-03-05 19:00:00,1,218,11,High
2024-03-05 20:00:00,3,291,13,High
2024-03-05 21:00:00,3,40,60,Low
2024-03-05 22:00:00,4,51,61,Low
2024-03-05 23:00:00,3,70,45,Low
2024-03-06 00:00:00,3,64,64,Low
2024-03-06 01:00:00,2,77,52,Low
2024-03-06 02:00:00,2,85,61,Low
2024-03-06 03:00:00,2,93,61,Low
2024-03-06 04:00:00,3,61,65,Low
2024-03-06 05:00:00,1,76,42,Low
2024-03-06 06:00:00,3,63,44,Low
2024-03-06 07:00:00,3,292,16,High
2024-03-06 08:00:00,1,216,22,High
2024-03-06 09:00:00,3,258,10,High
2024-03-06 10:00:00,2,246,23,High
2024-03-06 11:00:00,1,185,29,Medium
2024-03-06 12:00:00,3,101,37,Medium
2024-03-06 13:00:00,1,195,39,Medium
2024-03-06 14:00:00,1,199,25,Medium
2024-03-06 15:00:00,2,196,27,Medium
2024-03-06 16:00:00,2,152,34,Medium
2024-03-06 17:00:00,4,331,24,High
2024-03-06 18:00:00,3,204,17,High
2024-03-06 19:00:00,2,337,11,High
2024-03-06 20:00:00,2,212,13,High
2024-03-06 21:00:00,4,76,62,Low
2024-03-06 22:00:00,2,60,52,Low
2024-03-06 23:00:00,1,88,41,Low
2024-03-07 00:00:00,3,68,62,Low
2024-03-07 01:00:00,4,39,42,Low
2024-03-07 02:00:00,3,28,50,Low
2024-03-07 03:00:00,2,54,48,Low
2024-03-07 04:00:00,1,29,59,Low
2024-03-07 05:00:00,3,35,49,Low
2024-03-07 06:00:00,2,44,51,Low
2024-03-07 07:00:00,2,341,23,High
2024-03-07 08:00:00,3,330,19,High
2024-03-07 09:00:00,1,218,16,High
2024-03-07 10:00:00,4,324,18,High
2024-03-07 11:00:00,4,198,32,Medium
2024-03-07 12:00:00,4,111,39,Medium
2024-03-07 13:00:00,1,111,32,Medium
2024-03-07 14:00:00,4,197,38,Medium
2024-03-07 15:00:00,4,125,38,Medium
2024-03-07 16:00:00,1,106,39,Medium
2024-03-07 17:00:00,4,266,24,High
2024-03-07 18:00:00,1,242,18,High
2024-03-07 19:00:00,2,253,21,High
2024-03-07 20:00:00,3,209,15,High
2024-03-07 21:00:00,4,29,57,Low
2024-03-07 22:00:00,3,46,60,Low
2024-03-07 23:00:00,4,20,42,Low
2024-03-08 00:00:00,1,63,53,Low
2024-03-08 01:00:00,3,30,49,Low
2024-03-08 02:00:00,4,55,50,Low
2024-03-08 03:00:00,2,58,56,Low
2024-03-08 04:00:00,1,46,63,Low
2024-03-08 05:00:00,2,56,59,Low
2024-03-08 06:00:00,1,92,45,Low
2024-03-08 07:00:00,4,314,21,High
2024-03-08 08:00:00,2,319,11,High
2024-03-08 09:00:00,4,272,12,High
2024-03-08 10:00:00,3,323,22,High
2024-03-08 11:00:00,4,192,34,Medium
2024-03-08 12:00:00,1,158,27,Medium
2024-03-08 13:00:00,1,134,39,Medium
2024-03-08 14:00:00,3,189,32,Medium
2024-03-08 15:00:00,1,110,39,Medium
2024-03-08 16:00:00,1,129,29,Medium
2024-03-08 17:00:00,4,220,11,High
2024-03-08 18:00:00,4,283,24,High
2024-03-08 19:00:00,2,292,24,High
2024-03-08 20:00:00,1,237,12,High
2024-03-08 21:00:00,1,61,51,Low
2024-03-08 22:00:00,1,93,56,Low
2024-03-08 23:00:00,4,49,64,Low
2024-03-09 00:00:00,3,49,65,Low
2024-03-09 01:00:00,3,42,40,Low
2024-03-09 02:00:00,4,92,61,Low
2024-03-09 03:00:00,4,50,63,Low
2024-03-09 04:00:00,3,92,61,Low
2024-03-09 05:00:00,4,46,60,Low
2024-03-09 06:00:00,1,90,60,Low
2024-03-09 07:00:00,1,226,15,High
2024-03-09 08:00:00,3,331,15,High
2024-03-09 09:00:00,1,303,23,High
2024-03-09 10:00:00,2,219,17,High
2024-03-09 11:00:00,4,178,34,Medium
2024-03-09 12:00:00,4,194,33,Medium
2024-03-09 13:00:00,3,121,25,Medium
2024-03-09 14:00:00,4,185,27,Medium
2024-03-09 15:00:00,4,137,35,Medium
2024-03-09 16:00:00,3,111,25,Medium
2024-03-09 17:00:00,3,230,19,High
2024-03-09 18:00:00,3,238,12,High
2024-03-09 19:00:00,4,235,15,High
2024-03-09 20:00:00,1,245,11,High
2024-03-09 21:00:00,4,54,42,Low
2024-03-09 22:00:00,1,52,53,Low
2024-03-09 23:00:00,4,25,42,Low
2024-03-10 00:00:00,2,61,57,Low
2024-03-10 01:00:00,4,27,57,Low
2024-03-10 02:00:00,2,24,60,Low
2024-03-10 03:00:00,4,24,54,Low
2024-03-10 04:00:00,1,23,42,Low
2024-03-10 05:00:00,3,30,56,Low
2024-03-10 06:00:00,4,31,62,Low
2024-03-10 07:00:00,2,214,19,High
2024-03-10 08:00:00,4,316,17,High
2024-03-10 09:00:00,3,209,16,High
2024-03-10 10:00:00,4,201,19,High
2024-03-10 11:00:00,2,199,33,Medium
2024-03-10 12:00:00,2,129,31,Medium
2024-03-10 13:00:00,4,147,28,Medium
2024-03-10 14:00:00,1,114,31,Medium
2024-03-10 15:00:00,3,164,33,Medium
2024-03-10 16:00:00,2,128,26,Medium
2024-03-10 17:00:00,1,316,22,High
2024-03-10 18:00:00,4,214,20,High
2024-03-10 19:00:00,3,254,11,High
2024-03-10 20:00:00,2,316,11,High
2024-03-10 21:00:00,4,38,57,Low
2024-03-10 22:00:00,3,81,60,Low
2024-03-10 23:00:00,2,30,50,Low
2024-03-11 00:00:00,4,36,65,Low
2024-03-11 01:00:00,2,56,60,Low
2024-03-11 02:00:00,4,92,64,Low
2024-03-11 03:00:00,4,55,61,Low
2024-03-11 04:00:00,2,46,45,Low
2024-03-11 05:00:00,1,31,40,Low
2024-03-11 06:00:00,4,93,47,Low
2024-03-11 07:00:00,2,262,16,High
2024-03-11 08:00:00,3,292,18,High
2024-03-11 09:00:00,2,269,25,High
2024-03-11 10:00:00,4,331,14,High
2024-03-11 11:00:00,4,128,38,Medium
2024-03-11 12:00:00,1,156,31,Medium
2024-03-11 13:00:00,3,142,31,Medium
2024-03-11 14:00:00,3,189,36,Medium
2024-03-11 15:00:00,4,111,32,Medium
2024-03-11 16:00:00,1,118,35,Medium
2024-03-11 17:00:00,3,274,18,High
2024-03-11 18:00:00,4,293,11,High
2024-03-11 19:00:00,4,244,24,High
2024-03-11 20:00:00,2,313,17,High
2024-03-11 21:00:00,3,40,58,Low
2024-03-11 22:00:00,4,78,41,Low
2024-03-11 23:00:00,2,61,58,Low
2024-03-12 00:00:00,1,29,56,Low
2024-03-12 01:00:00,1,84,44,Low
2024-03-12 02:00:00,2,62,48,Low
2024-03-12 03:00:00,1,42,48,Low
2024-03-12 04:00:00,3,36,52,Low
2024-03-12 05:00:00,2,20,57,Low
2024-03-12 06:00:00,4,25,46,Low
2024-03-12 07:00:00,4,245,25,High
2024-03-12 08:00:00,3,264,22,High
2024-03-12 09:00:00,4,240,17,High
2024-03-12 10:00:00,1,274,22,High
2024-03-12 11:00:00,1,142,32,Medium
2024-03-12 12:00:00,4,123,26,Medium
2024-03-12 13:00:00,2,122,36,Medium
2024-03-12 14:00:00,1,187,27,Medium
2024-03-12 15:00:00,2,164,37,Medium
2024-03-12 16:00:00,3,152,30,Medium
2024-03-12 17:00:00,2,286,14,High
2024-03-12 18:00:00,1,289,15,High
2024-03-12 19:00:00,2,305,15,High
2024-03-12 20:00:00,2,326,19,High
2024-03-12 21:00:00,4,64,53,Low
2024-03-12 22:00:00,4,39,43,Low
2024-03-12 23:00:00,1,76,63,Low
2024-03-13 00:00:00,4,59,54,Low
2024-03-13 01:00:00,4,40,53,Low
2024-03-13 02:00:00,2,23,49,Low
2024-03-13 03:00:00,1,69,54,Low
2024-03-13 04:00:00,4,69,48,Low
2024-03-13 05:00:00,2,76,48,Low
2024-03-13 06:00:00,2,47,52,Low
2024-03-13 07:00:00,4,307,23,High
2024-03-13 08:00:00,1,204,21,High
2024-03-13 09:00:00,4,341,13,High
2024-03-13 10:00:00,2,246,22,High
2024-03-13 11:00:00,2,142,35,Medium
2024-03-13 12:00:00,2,198,26,Medium
2024-03-13 13:00:00,2,166,37,Medium
2024-03-13 14:00:00,3,126,31,Medium
2024-03-13 15:00:00,2,111,29,Medium
2024-03-13 16:00:00,3,100,35,Medium
2024-03-13 17:00:00,4,224,25,High
2024-03-13 18:00:00,2,318,12,High
2024-03-13 19:00:00,4,334,14,High
2024-03-13 20:00:00,1,304,22,High
2024-03-13 21:00:00,1,68,45,Low
2024-03-13 22:00:00,1,42,58,Low
2024-03-13 23:00:00,2,76,40,Low
2024-03-14 00:00:00,3,97,48,Low
2024-03-14 01:00:00,3,65,41,Low
2024-03-14 02:00:00,4,23,48,Low
2024-03-14 03:00:00,3,96,58,Low
2024-03-14 04:00:00,2,60,64,Low
2024-03-14 05:00:00,4,26,65,Low
2024-03-14 06:00:00,3,28,42,Low
2024-03-14 07:00:00,2,289,20,High
2024-03-14 08:00:00,2,348,25,High
2024-03-14 09:00:00,1,330,20,High
2024-03-14 10:00:00,1,243,20,High
2024-03-14 11:00:00,1,152,33,Medium
2024-03-14 12:00:00,3,194,28,Medium
2024-03-14 13:00:00,3,183,35,Medium
2024-03-14 14:00:00,2,107,28,Medium
2024-03-14 15:00:00,3,177,33,Medium
2024-03-14 16:00:00,4,177,34,Medium
2024-03-14 17:00:00,3,215,20,High
2024-03-14 18:00:00,2,276,20,High
2024-03-14 19:00:00,3,224,18,High
2024-03-14 20:00:00,3,315,13,High
2024-03-14 21:00:00,3,75,46,Low
2024-03-14 22:00:00,4,40,47,Low
2024-03-14 23:00:00,3,78,55,Low
2024-03-15 00:00:00,2,27,52,Low
2024-03-15 01:00:00,1,67,61,Low
2024-03-15 02:00:00,4,85,51,Low
2024-03-15 03:00:00,1,53,50,Low
2024-03-15 04:00:00,2,92,52,Low
2024-03-15 05:00:00,2,66,65,Low
2024-03-15 06:00:00,4,68,58,Low
2024-03-15 07:00:00,2,243,13,High
2024-03-15 08:00:00,4,322,24,High
2024-03-15 09:00:00,2,310,11,High
2024-03-15 10:00:00,3,334,14,High
2024-03-15 11:00:00,1,162,32,Medium
2024-03-15 12:00:00,3,151,36,Medium
2024-03-15 13:00:00,2,141,31,Medium
2024-03-15 14:00:00,2,115,38,Medium
2024-03-15 15:00:00,4,129,27,Medium
2024-03-15 16:00:00,2,194,33,Medium
2024-03-15 17:00:00,2,345,11,High
2024-03-15 18:00:00,4,255,24,High
2024-03-15 19:00:00,3,220,21,High
2024-03-15 20:00:00,1,212,23,High
2024-03-15 21:00:00,3,88,49,Low
2024-03-15 22:00:00,4,56,56,Low
2024-03-15 23:00:00,4,93,42,Low
2024-03-16 00:00:00,2,94,47,Low
2024-03-16 01:00:00,1,24,45,Low
2024-03-16 02:00:00,4,70,45,Low
2024-03-16 03:00:00,2,86,41,Low
2024-03-16 04:00:00,2,74,63,Low
2024-03-16 05:00:00,1,94,64,Low
2024-03-16 06:00:00,4,53,54,Low
2024-03-16 07:00:00,1,276,14,High
2024-03-16 08:00:00,4,254,24,High
2024-03-16 09:00:00,4,324,13,High
2024-03-16 10:00:00,1,278,12,High
2024-03-16 11:00:00,1,179,27,Medium
2024-03-16 12:00:00,2,159,31,Medium
2024-03-16 13:00:00,2,184,32,Medium
2024-03-16 14:00:00,3,103,34,Medium
2024-03-16 15:00:00,4,151,29,Medium
2024-03-16 16:00:00,1,188,40,Medium
2024-03-16 17:00:00,4,245,23,High
2024-03-16 18:00:00,4,252,19,High
2024-03-16 19:00:00,4,255,24,High
2024-03-16 20:00:00,3,236,13,High
2024-03-16 21:00:00,1,44,62,Low
2024-03-16 22:00:00,2,96,63,Low
2024-03-16 23:00:00,1,82,40,Low
2024-03-17 00:00:00,3,68,64,Low
2024-03-17 01:00:00,2,62,61,Low
2024-03-17 02:00:00,2,68,42,Low
2024-03-17 03:00:00,1,33,57,Low
2024-03-17 04:00:00,1,56,41,Low
2024-03-17 05:00:00,3,66,43,Low
2024-03-17 06:00:00,1,44,47,Low
2024-03-17 07:00:00,2,256,24,High
2024-03-17 08:00:00,3,290,19,High
2024-03-17 09:00:00,1,285,20,High
2024-03-17 10:00:00,1,301,21,High
2024-03-17 11:00:00,3,156,28,Medium
2024-03-17 12:00:00,2,158,30,Medium
2024-03-17 13:00:00,4,121,26,Medium
2024-03-17 14:00:00,1,152,27,Medium
2024-03-17 15:00:00,4,159,31,Medium
2024-03-17 16:00:00,2,106,25,Medium
2024-03-17 17:00:00,2,261,19,High
2024-03-17 18:00:00,2,228,25,High
2024-03-17 19:00:00,4,277,12,High
2024-03-17 20:00:00,2,221,24,High
2024-03-17 21:00:00,2,33,43,Low
2024-03-17 22:00:00,1,97,50,Low
2024-03-17 23:00:00,4,90,49,Low
2024-03-18 00:00:00,3,74,64,Low
2024-03-18 01:00:00,1,93,40,Low
2024-03-18 02:00:00,3,20,45,Low
2024-03-18 03:00:00,1,55,49,Low
2024-03-18 04:00:00,4,84,59,Low
2024-03-18 05:00:00,2,92,52,Low
2024-03-18 06:00:00,1,43,61,Low
2024-03-18 07:00:00,4,269,16,High
2024-03-18 08:00:00,2,292,19,High
2024-03-18 09:00:00,1,221,11,High
2024-03-18 10:00:00,1,327,22,High
2024-03-18 11:00:00,3,163,36,Medium
2024-03-18 12:00:00,3,193,26,Medium
2024-03-18 13:00:00,2,171,37,Medium
2024-03-18 14:00:00,1,159,25,Medium
2024-03-18 15:00:00,2,174,38,Medium
2024-03-18 16:00:00,3,139,39,Medium
2024-03-18 17:00:00,1,311,17,High
2024-03-18 18:00:00,2,222,24,High
2024-03-18 19:00:00,3,344,25,High
2024-03-18 20:00:00,4,214,18,High
2024-03-18 21:00:00,3,20,62,Low
2024-03-18 22:00:00,1,25,50,Low
2024-03-18 23:00:00,1,76,51,Low
2024-03-19 00:00:00,2,56,45,Low
2024-03-19 01:00:00,2,75,41,Low
2024-03-19 02:00:00,2,25,61,Low
2024-03-19 03:00:00,1,54,41,Low
2024-03-19 04:00:00,1,91,54,Low
2024-03-19 05:00:00,4,94,55,Low
2024-03-19 06:00:00,4,76,40,Low
2024-03-19 07:00:00,4,295,11,High
2024-03-19 08:00:00,2,242,13,High
2024-03-19 09:00:00,3,225,23,High
2024-03-19 10:00:00,4,236,24,High
2024-03-19 11:00:00,3,140,29,Medium
2024-03-19 12:00:00,3,150,36,Medium
2024-03-19 13:00:00,4,197,35,Medium
2024-03-19 14:00:00,3,166,35,Medium
2024-03-19 15:00:00,1,185,33,Medium
2024-03-19 16:00:00,3,175,29,Medium
2024-03-19 17:00:00,4,289,21,High
2024-03-19 18:00:00,4,218,21,High
2024-03-19 19:00:00,3,209,10,High
2024-03-19 20:00:00,4,241,24,High
2024-03-19 21:00:00,4,57,58,Low
2024-03-19 22:00:00,2,62,57,Low
2024-03-19 23:00:00,1,61,64,Low
2024-03-20 00:00:00,1,99,61,Low
2024-03-20 01:00:00,2,69,40,Low
2024-03-20 02:00:00,1,87,45,Low
2024-03-20 03:00:00,3,55,41,Low
2024-03-20 04:00:00,1,45,53,Low
2024-03-20 05:00:00,2,41,44,Low
2024-03-20 06:00:00,2,47,46,Low
2024-03-20 07:00:00,1,257,13,High
2024-03-20 08:00:00,4,302,15,High
2024-03-20 09:00:00,4,249,16,High
2024-03-20 10:00:00,2,200,25,High
2024-03-20 11:00:00,3,139,40,Medium
2024-03-20 12:00:00,3,110,34,Medium
2024-03-20 13:00:00,3,109,28,Medium
2024-03-20 14:00:00,3,136,35,Medium
2024-03-20 15:00:00,2,113,29,Medium
2024-03-20 16:00:00,3,106,27,Medium
2024-03-20 17:00:00,2,344,12,High
2024-03-20 18:00:00,2,201,10,High
2024-03-20 19:00:00,2,203,11,High
2024-03-20 20:00:00,2,278,14,High
2024-03-20 21:00:00,3,36,64,Low
2024-03-20 22:00:00,2,38,62,Low
2024-03-20 23:00:00,3,56,59,Low
2024-03-21 00:00:00,3,72,51,Low
2024-03-21 01:00:00,1,35,58,Low
2024-03-21 02:00:00,1,79,62,Low
2024-03-21 03:00:00,4,35,47,Low
2024-03-21 04:00:00,3,75,59,Low
2024-03-21 05:00:00,1,70,45,Low
2024-03-21 06:00:00,1,78,57,Low
2024-03-21 07:00:00,3,327,12,High
2024-03-21 08:00:00,1,262,23,High
2024-03-21 09:00:00,1,331,16,High
2024-03-21 10:00:00,2,208,24,High
2024-03-21 11:00:00,4,112,40,Medium
2024-03-21 12:00:00,4,132,38,Medium
2024-03-21 13:00:00,3,190,39,Medium
2024-03-21 14:00:00,3,112,34,Medium
2024-03-21 15:00:00,2,158,28,Medium
2024-03-21 16:00:00,4,185,30,Medium
2024-03-21 17:00:00,1,226,22,High
2024-03-21 18:00:00,4,287,11,High
2024-03-21 19:00:00,3,257,25,High
2024-03-21 20:00:00,1,308,11,High
2024-03-21 21:00:00,3,79,65,Low
2024-03-21 22:00:00,2,85,57,Low
2024-03-21 23:00:00,2,60,51,Low
2024-03-22 00:00:00,2,21,52,Low
2024-03-22 01:00:00,2,31,58,Low
2024-03-22 02:00:00,1,46,58,Low
2024-03-22 03:00:00,2,54,46,Low
2024-03-22 04:00:00,2,93,54,Low
2024-03-22 05:00:00,1,41,64,Low
2024-03-22 06:00:00,3,88,41,Low
2024-03-22 07:00:00,2,309,13,High
2024-03-22 08:00:00,2,314,12,High
2024-03-22 09:00:00,3,337,14,High
2024-03-22 10:00:00,3,277,24,High
2024-03-22 11:00:00,3,172,33,Medium
2024-03-22 12:00:00,4,168,30,Medium
2024-03-22 13:00:00,4,176,25,Medium
2024-03-22 14:00:00,3,170,38,Medium
2024-03-22 15:00:00,2,199,38,Medium
2024-03-22 16:00:00,4,186,34,Medium
2024-03-22 17:00:00,4,234,14,High
2024-03-22 18:00:00,2,260,16,High
2024-03-22 19:00:00,3,346,15,High
2024-03-22 20:00:00,4,337,19,High
2024-03-22 21:00:00,3,27,63,Low
2024-03-22 22:00:00,1,42,56,Low
2024-03-22 23:00:00,4,37,47,Low
2024-03-23 00:00:00,2,82,43,Low
2024-03-23 01:00:00,4,73,49,Low
2024-03-23 02:00:00,1,30,54,Low
2024-03-23 03:00:00,4,38,40,Low
2024-03-23 04:00:00,1,42,60,Low
2024-03-23 05:00:00,4,31,62,Low
2024-03-23 06:00:00,1,38,44,Low
2024-03-23 07:00:00,4,232,14,High
2024-03-23 08:00:00,4,211,16,High
2024-03-23 09:00:00,2,332,16,High
2024-03-23 10:00:00,1,294,18,High
2024-03-23 11:00:00,3,183,29,Medium
2024-03-23 12:00:00,2,147,37,Medium
2024-03-23 13:00:00,1,128,32,Medium
2024-03-23 14:00:00,2,186,34,Medium
2024-03-23 15:00:00,3,144,35,Medium
2024-03-23 16:00:00,2,176,33,Medium
2024-03-23 17:00:00,4,275,19,High
2024-03-23 18:00:00,1,202,20,High
2024-03-23 19:00:00,1,341,15,High
2024-03-23 20:00:00,2,268,20,High
2024-03-23 21:00:00,2,100,41,Low
2024-03-23 22:00:00,2,71,61,Low
2024-03-23 23:00:00,2,98,40,Low
2024-03-24 00:00:00,2,52,42,Low
2024-03-24 01:00:00,1,44,52,Low
2024-03-24 02:00:00,1,85,65,Low
2024-03-24 03:00:00,4,92,49,Low
2024-03-24 04:00:00,1,83,43,Low
2024-03-24 05:00:00,4,36,61,Low
2024-03-24 06:00:00,1,46,65,Low
2024-03-24 07:00:00,3,299,23,High
2024-03-24 08:00:00,4,342,15,High
2024-03-24 09:00:00,3,231,24,High
2024-03-24 10:00:00,3,312,20,High
2024-03-24 11:00:00,4,181,27,Medium
2024-03-24 12:00:00,2,114,26,Medium
2024-03-24 13:00:00,4,161,40,Medium
2024-03-24 14:00:00,1,129,31,Medium
2024-03-24 15:00:00,2,199,34,Medium
2024-03-24 16:00:00,4,144,32,Medium
2024-03-24 17:00:00,2,211,18,High
2024-03-24 18:00:00,1,317,13,High
2024-03-24 19:00:00,3,200,16,High
2024-03-24 20:00:00,4,282,20,High
2024-03-24 21:00:00,2,59,64,Low
2024-03-24 22:00:00,2,34,50,Low
2024-03-24 23:00:00,3,49,64,Low
2024-03-25 00:00:00,1,38,61,Low
2024-03-25 01:00:00,4,93,65,Low
2024-03-25 02:00:00,3,65,63,Low
2024-03-25 03:00:00,3,68,60,Low
2024-03-25 04:00:00,3,45,45,Low
2024-03-25 05:00:00,3,24,50,Low
2024-03-25 06:00:00,2,50,51,Low
2024-03-25 07:00:00,2,313,15,High
2024-03-25 08:00:00,2,207,20,High
2024-03-25 09:00:00,2,295,19,High
2024-03-25 10:00:00,2,233,15,High
2024-03-25 11:00:00,1,149,40,Medium
2024-03-25 12:00:00,2,165,25,Medium
2024-03-25 13:00:00,2,113,38,Medium
2024-03-25 14:00:00,4,117,27,Medium
2024-03-25 15:00:00,2,166,38,Medium
2024-03-25 16:00:00,4,133,27,Medium
2024-03-25 17:00:00,2,262,18,High
2024-03-25 18:00:00,1,253,15,High
2024-03-25 19:00:00,2,280,20,High
2024-03-25 20:00:00,2,322,10,High
2024-03-25 21:00:00,2,37,57,Low
2024-03-25 22:00:00,3,80,49,Low
2024-03-25 23:00:00,1,28,43,Low
2024-03-26 00:00:00,2,34,42,Low
2024-03-26 01:00:00,4,20,57,Low
2024-03-26 02:00:00,2,21,51,Low
2024-03-26 03:00:00,2,33,44,Low
2024-03-26 04:00:00,4,83,62,Low
2024-03-26 05:00:00,4,71,56,Low
2024-03-26 06:00:00,4,41,42,Low
2024-03-26 07:00:00,4,294,21,High
2024-03-26 08:00:00,4,242,21,High
2024-03-26 09:00:00,2,251,10,High
2024-03-26 10:00:00,3,349,17,High
2024-03-26 11:00:00,3,183,28,Medium
2024-03-26 12:00:00,1,177,40,Medium
2024-03-26 13:00:00,3,141,32,Medium
2024-03-26 14:00:00,2,151,37,Medium
2024-03-26 15:00:00,4,114,37,Medium
2024-03-26 16:00:00,1,161,35,Medium
2024-03-26 17:00:00,4,344,17,High
2024-03-26 18:00:00,3,275,17,High
2024-03-26 19:00:00,1,273,21,High
2024-03-26 20:00:00,2,210,21,High
2024-03-26 21:00:00,3,30,59,Low
2024-03-26 22:00:00,1,29,50,Low
2024-03-26 23:00:00,4,73,62,Low
2024-03-27 00:00:00,4,34,48,Low
2024-03-27 01:00:00,1,48,63,Low
2024-03-27 02:00:00,2,49,63,Low
2024-03-27 03:00:00,3,28,50,Low
2024-03-27 04:00:00,2,95,54,Low
2024-03-27 05:00:00,2,97,54,Low
2024-03-27 06:00:00,1,94,46,Low
2024-03-27 07:00:00,3,333,18,High
2024-03-27 08:00:00,1,306,24,High
2024-03-27 09:00:00,3,203,25,High
2024-03-27 10:00:00,3,237,20,High
2024-03-27 11:00:00,4,162,26,Medium
2024-03-27 12:00:00,2,126,33,Medium
2024-03-27 13:00:00,1,176,29,Medium
2024-03-27 14:00:00,3,162,30,Medium
2024-03-27 15:00:00,2,110,34,Medium
2024-03-27 16:00:00,1,145,25,Medium
2024-03-27 17:00:00,2,286,14,High
2024-03-27 18:00:00,2,315,18,High
2024-03-27 19:00:00,2,342,13,High
2024-03-27 20:00:00,2,244,25,High
2024-03-27 21:00:00,2,83,65,Low
2024-03-27 22:00:00,3,32,49,Low
2024-03-27 23:00:00,3,35,47,Low
2024-03-28 00:00:00,3,46,41,Low
2024-03-28 01:00:00,1,91,65,Low
2024-03-28 02:00:00,3,77,61,Low
2024-03-28 03:00:00,4,40,65,Low
2024-03-28 04:00:00,4,48,51,Low
2024-03-28 05:00:00,4,75,63,Low
2024-03-28 06:00:00,2,61,46,Low
2024-03-28 07:00:00,1,341,22,High
2024-03-28 08:00:00,2,260,19,High
2024-03-28 09:00:00,4,262,12,High
2024-03-28 10:00:00,4,342,25,High
2024-03-28 11:00:00,1,136,40,Medium
2024-03-28 12:00:00,4,191,37,Medium
2024-03-28 13:00:00,1,122,30,Medium
2024-03-28 14:00:00,1,165,37,Medium
2024-03-28 15:00:00,1,103,33,Medium
2024-03-28 16:00:00,3,144,32,Medium
2024-03-28 17:00:00,2,278,12,High
2024-03-28 18:00:00,1,290,15,High
2024-03-28 19:00:00,4,287,21,High
2024-03-28 20:00:00,2,203,14,High
2024-03-28 21:00:00,2,47,58,Low
2024-03-28 22:00:00,3,58,62,Low
2024-03-28 23:00:00,4,88,53,Low
2024-03-29 00:00:00,4,53,62,Low
2024-03-29 01:00:00,4,91,63,Low
2024-03-29 02:00:00,1,67,52,Low
2024-03-29 03:00:00,2,65,47,Low
2024-03-29 04:00:00,4,89,61,Low
2024-03-29 05:00:00,3,52,57,Low
2024-03-29 06:00:00,2,35,50,Low
2024-03-29 07:00:00,1,307,14,High
2024-03-29 08:00:00,3,269,11,High
2024-03-29 09:00:00,1,310,13,High
2024-03-29 10:00:00,3,271,19,High
2024-03-29 11:00:00,2,114,34,Medium
2024-03-29 12:00:00,4,146,39,Medium
2024-03-29 13:00:00,2,188,27,Medium
2024-03-29 14:00:00,4,104,38,Medium
2024-03-29 15:00:00,2,143,27,Medium
2024-03-29 16:00:00,3,122,28,Medium
2024-03-29 17:00:00,1,289,17,High
2024-03-29 18:00:00,1,285,16,High
2024-03-29 19:00:00,3,319,12,High
2024-03-29 20:00:00,4,247,19,High
2024-03-29 21:00:00,4,20,55,Low
2024-03-29 22:00:00,4,50,43,Low
2024-03-29 23:00:00,2,85,53,Low
2024-03-30 00:00:00,1,59,40,Low
2024-03-30 01:00:00,2,37,54,Low
2024-03-30 02:00:00,4,23,44,Low
2024-03-30 03:00:00,2,88,59,Low
2024-03-30 04:00:00,3,95,45,Low
2024-03-30 05:00:00,3,24,42,Low
2024-03-30 06:00:00,2,88,45,Low
2024-03-30 07:00:00,1,230,21,High
2024-03-30 08:00:00,1,260,16,High
2024-03-30 09:00:00,2,202,13,High
2024-03-30 10:00:00,3,264,21,High
2024-03-30 11:00:00,1,107,26,Medium
2024-03-30 12:00:00,4,102,37,Medium
2024-03-30 13:00:00,1,168,26,Medium
2024-03-30 14:00:00,2,115,38,Medium
2024-03-30 15:00:00,3,102,35,Medium
2024-03-30 16:00:00,4,194,30,Medium
2024-03-30 17:00:00,4,304,18,High
2024-03-30 18:00:00,1,336,10,High
2024-03-30 19:00:00,2,205,19,High
2024-03-30 20:00:00,1,330,15,High
2024-03-30 21:00:00,3,87,57,Low
2024-03-30 22:00:00,2,93,46,Low
2024-03-30 23:00:00,1,25,44,Low
2024-03-31 00:00:00,2,59,46,Low
2024-03-31 01:00:00,1,46,61,Low
2024-03-31 02:00:00,3,42,54,Low
2024-03-31 03:00:00,4,20,46,Low
2024-03-31 04:00:00,1,76,42,Low
2024-03-31 05:00:00,3,59,50,Low
2024-03-31 06:00:00,3,28,41,Low
2024-03-31 07:00:00,4,206,18,High
2024-03-31 08:00:00,3,226,19,High
2024-03-31 09:00:00,4,271,17,High
2024-03-31 10:00:00,2,245,11,High
2024-03-31 11:00:00,3,119,35,Medium
2024-03-31 12:00:00,4,191,38,Medium
2024-03-31 13:00:00,4,173,25,Medium
2024-03-31 14:00:00,3,141,40,Medium
2024-03-31 15:00:00,1,109,39,Medium
2024-03-31 16:00:00,2,162,33,Medium
2024-03-31 17:00:00,3,298,20,High
2024-03-31 18:00:00,2,219,13,High
2024-03-31 19:00:00,4,271,15,High
2024-03-31 20:00:00,3,283,10,High
2024-03-31 21:00:00,2,38,43,Low
2024-03-31 22:00:00,4,61,53,Low
2024-03-31 23:00:00,4,23,64,Low
2024-04-01 00:00:00,3,58,50,Low
2024-04-01 01:00:00,4,79,63,Low
2024-04-01 02:00:00,3,65,62,Low
2024-04-01 03:00:00,2,65,59,Low
2024-04-01 04:00:00,1,52,49,Low
2024-04-01 05:00:00,3,67,47,Low
2024-04-01 06:00:00,4,70,58,Low
2024-04-01 07:00:00,3,340,17,High
2024-04-01 08:00:00,3,334,20,High
2024-04-01 09:00:00,1,243,21,High
2024-04-01 10:00:00,3,234,16,High
2024-04-01 11:00:00,2,111,36,Medium
2024-04-01 12:00:00,1,107,28,Medium
2024-04-01 13:00:00,3,137,35,Medium
2024-04-01 14:00:00,2,122,37,Medium
2024-04-01 15:00:00,2,153,34,Medium
2024-04-01 16:00:00,4,120,36,Medium
2024-04-01 17:00:00,3,236,13,High
2024-04-01 18:00:00,4,286,21,High
2024-04-01 19:00:00,3,293,11,High
2024-04-01 20:00:00,3,209,15,High
2024-04-01 21:00:00,3,35,50,Low
2024-04-01 22:00:00,3,48,62,Low
2024-04-01 23:00:00,4,95,59,Low
2024-04-02 00:00:00,1,86,50,Low
2024-04-02 01:00:00,1,51,45,Low
2024-04-02 02:00:00,3,69,55,Low
2024-04-02 03:00:00,2,51,45,Low
2024-04-02 04:00:00,4,20,58,Low
2024-04-02 05:00:00,1,92,51,Low
2024-04-02 06:00:00,2,35,43,Low
2024-04-02 07:00:00,3,341,23,High
2024-04-02 08:00:00,3,285,18,High
2024-04-02 09:00:00,1,231,15,High
2024-04-02 10:00:00,2,258,17,High
2024-04-02 11:00:00,2,200,28,Medium
2024-04-02 12:00:00,3,114,30,Medium
2024-04-02 13:00:00,4,181,25,Medium
2024-04-02 14:00:00,1,101,25,Medium
2024-04-02 15:00:00,3,135,39,Medium
2024-04-02 16:00:00,1,183,40,Medium
2024-04-02 17:00:00,4,228,16,High
2024-04-02 18:00:00,4,249,18,High
2024-04-02 19:00:00,2,263,16,High
2024-04-02 20:00:00,1,287,11,High
2024-04-02 21:00:00,4,21,41,Low
2024-04-02 22:00:00,4,58,54,Low
2024-04-02 23:00:00,4,100,50,Low
2024-04-03 00:00:00,2,34,53,Low
2024-04-03 01:00:00,2,24,62,Low
2024-04-03 02:00:00,4,80,64,Low
2024-04-03 03:00:00,4,75,57,Low
2024-04-03 04:00:00,3,62,50,Low
2024-04-03 05:00:00,3,45,54,Low
2024-04-03 06:00:00,3,32,53,Low
2024-04-03 07:00:00,3,330,19,High
2024-04-03 08:00:00,3,202,15,High
2024-04-03 09:00:00,2,200,18,High
2024-04-03 10:00:00,2,324,24,High
2024-04-03 11:00:00,3,147,38,Medium
2024-04-03 12:00:00,3,118,31,Medium
2024-04-03 13:00:00,3,129,38,Medium
2024-04-03 14:00:00,4,127,35,Medium
2024-04-03 15:00:00,4,171,30,Medium
2024-04-03 16:00:00,3,101,26,Medium
2024-04-03 17:00:00,1,253,24,High
2024-04-03 18:00:00,1,292,18,High
2024-04-03 19:00:00,4,284,16,High
2024-04-03 20:00:00,1,342,19,High
2024-04-03 21:00:00,2,35,56,Low
2024-04-03 22:00:00,3,51,61,Low
2024-04-03 23:00:00,3,75,57,Low
2024-04-04 00:00:00,3,46,53,Low
2024-04-04 01:00:00,4,78,50,Low
2024-04-04 02:00:00,4,35,64,Low
2024-04-04 03:00:00,4,36,42,Low
2024-04-04 04:00:00,1,42,40,Low
2024-04-04 05:00:00,1,75,50,Low
2024-04-04 06:00:00,4,27,48,Low
2024-04-04 07:00:00,3,201,25,High
2024-04-04 08:00:00,1,291,16,High
2024-04-04 09:00:00,3,246,10,High
2024-04-04 10:00:00,2,332,22,High
2024-04-04 11:00:00,3,198,28,Medium
2024-04-04 12:00:00,3,168,39,Medium
2024-04-04 13:00:00,4,150,40,Medium
2024-04-04 14:00:00,4,191,33,Medium
2024-04-04 15:00:00,2,170,28,Medium
2024-04-04 16:00:00,1,140,32,Medium
2024-04-04 17:00:00,3,316,15,High
2024-04-04 18:00:00,4,291,24,High
2024-04-04 19:00:00,4,281,20,High
2024-04-04 20:00:00,2,230,13,High
2024-04-04 21:00:00,1,36,55,Low
2024-04-04 22:00:00,4,72,47,Low
2024-04-04 23:00:00,1,43,60,Low
2024-04-05 00:00:00,3,60,60,Low
2024-04-05 01:00:00,3,85,42,Low
2024-04-05 02:00:00,2,25,53,Low
2024-04-05 03:00:00,2,35,43,Low
2024-04-05 04:00:00,2,48,56,Low
2024-04-05 05:00:00,1,86,48,Low
2024-04-05 06:00:00,2,33,65,Low
2024-04-05 07:00:00,1,299,13,High
2024-04-05 08:00:00,4,295,23,High
2024-04-05 09:00:00,1,267,19,High
2024-04-05 10:00:00,1,265,11,High
2024-04-05 11:00:00,2,133,40,Medium
2024-04-05 12:00:00,1,116,37,Medium
2024-04-05 13:00:00,3,143,38,Medium
2024-04-05 14:00:00,3,111,25,Medium
2024-04-05 15:00:00,3,200,38,Medium
2024-04-05 16:00:00,4,192,34,Medium
2024-04-05 17:00:00,2,236,10,High
2024-04-05 18:00:00,4,314,24,High
2024-04-05 19:00:00,1,228,25,High
2024-04-05 20:00:00,4,211,25,High
2024-04-05 21:00:00,1,100,56,Low
2024-04-05 22:00:00,1,48,58,Low
2024-04-05 23:00:00,1,62,65,Low
2024-04-06 00:00:00,3,95,50,Low
2024-04-06 01:00:00,3,40,55,Low
2024-04-06 02:00:00,2,70,59,Low
2024-04-06 03:00:00,3,40,59,Low
2024-04-06 04:00:00,2,62,64,Low
2024-04-06 05:00:00,3,96,47,Low
2024-04-06 06:00:00,2,80,61,Low
2024-04-06 07:00:00,1,318,23,High
2024-04-06 08:00:00,4,299,25,High
2024-04-06 09:00:00,2,321,18,High
2024-04-06 10:00:00,3,282,13,High
2024-04-06 11:00:00,1,151,40,Medium
2024-04-06 12:00:00,3,148,39,Medium
2024-04-06 13:00:00,4,179,26,Medium
2024-04-06 14:00:00,3,124,40,Medium
2024-04-06 15:00:00,4,190,39,Medium
2024-04-06 16:00:00,4,135,28,Medium
2024-04-06 17:00:00,4,324,25,High
2024-04-06 18:00:00,3,242,12,High
2024-04-06 19:00:00,1,345,13,High
2024-04-06 20:00:00,3,330,13,High
2024-04-06 21:00:00,2,57,65,Low
2024-04-06 22:00:00,3,35,41,Low
2024-04-06 23:00:00,4,65,56,Low
2024-04-07 00:00:00,1,29,64,Low
2024-04-07 01:00:00,1,84,48,Low
2024-04-07 02:00:00,2,93,46,Low
2024-04-07 03:00:00,2,30,64,Low
2024-04-07 04:00:00,1,91,41,Low
2024-04-07 05:00:00,1,21,52,Low
2024-04-07 06:00:00,2,91,50,Low
2024-04-07 07:00:00,1,205,13,High
2024-04-07 08:00:00,2,291,23,High
2024-04-07 09:00:00,2,226,14,High
2024-04-07 10:00:00,2,300,17,High
2024-04-07 11:00:00,3,118,36,Medium
2024-04-07 12:00:00,1,113,36,Medium
2024-04-07 13:00:00,4,153,33,Medium
2024-04-07 14:00:00,3,158,27,Medium
2024-04-07 15:00:00,1,108,27,Medium
2024-04-07 16:00:00,2,199,40,Medium
2024-04-07 17:00:00,1,262,11,High
2024-04-07 18:00:00,2,226,13,High
2024-04-07 19:00:00,2,273,14,High
2024-04-07 20:00:00,2,200,19,High
2024-04-07 21:00:00,1,60,57,Low
2024-04-07 22:00:00,4,90,49,Low
2024-04-07 23:00:00,2,83,56,Low
2024-04-08 00:00:00,3,26,65,Low
2024-04-08 01:00:00,4,47,42,Low
2024-04-08 02:00:00,2,79,61,Low
2024-04-08 03:00:00,4,28,53,Low
2024-04-08 04:00:00,3,65,59,Low
2024-04-08 05:00:00,1,93,44,Low
2024-04-08 06:00:00,1,31,45,Low
2024-04-08 07:00:00,1,344,20,High
2024-04-08 08:00:00,1,225,12,High
2024-04-08 09:00:00,4,299,13,High
2024-04-08 10:00:00,2,240,19,High
2024-04-08 11:00:00,4,113,35,Medium
2024-04-08 12:00:00,4,180,34,Medium
2024-04-08 13:00:00,1,165,40,Medium
2024-04-08 14:00:00,1,197,31,Medium
2024-04-08 15:00:00,4,116,40,Medium
2024-04-08 16:00:00,1,132,34,Medium
2024-04-08 17:00:00,3,218,19,High
2024-04-08 18:00:00,2,325,20,High
2024-04-08 19:00:00,1,250,24,High
2024-04-08 20:00:00,2,250,21,High
2024-04-08 21:00:00,3,96,40,Low
2024-04-08 22:00:00,3,85,52,Low
2024-04-08 23:00:00,2,47,65,Low
2024-04-09 00:00:00,3,53,55,Low
2024-04-09 01:00:00,1,72,62,Low
2024-04-09 02:00:00,2,25,64,Low
2024-04-09 03:00:00,4,39,61,Low
2024-04-09 04:00:00,4,81,49,Low
2024-04-09 05:00:00,2,90,60,Low
2024-04-09 06:00:00,1,56,51,Low
2024-04-09 07:00:00,4,286,22,High
2024-04-09 08:00:00,1,303,16,High
2024-04-09 09:00:00,1,339,20,High
2024-04-09 10:00:00,4,200,18,High
2024-04-09 11:00:00,2,166,37,Medium
2024-04-09 12:00:00,3,137,37,Medium
2024-04-09 13:00:00,3,124,38,Medium
2024-04-09 14:00:00,1,194,37,Medium
2024-04-09 15:00:00,2,171,31,Medium
2024-04-09 16:00:00,4,107,27,Medium
2024-04-09 17:00:00,3,284,24,High
2024-04-09 18:00:00,2,324,10,High
2024-04-09 19:00:00,3,283,12,High
2024-04-09 20:00:00,2,265,10,High
2024-04-09 21:00:00,4,28,51,Low
2024-04-09 22:00:00,4,57,61,Low
2024-04-09 23:00:00,3,98,41,Low
2024-04-10 00:00:00,2,46,57,Low
2024-04-10 01:00:00,2,43,54,Low
2024-04-10 02:00:00,4,21,45,Low
2024-04-10 03:00:00,3,95,63,Low
2024-04-10 04:00:00,3,20,60,Low
2024-04-10 05:00:00,4,84,59,Low
2024-04-10 06:00:00,1,20,47,Low
2024-04-10 07:00:00,1,216,21,High
2024-04-10 08:00:00,3,343,18,High
2024-04-10 09:00:00,1,248,10,High
2024-04-10 10:00:00,3,317,24,High
2024-04-10 11:00:00,2,147,30,Medium
2024-04-10 12:00:00,1,150,39,Medium
2024-04-10 13:00:00,1,107,32,Medium
2024-04-10 14:00:00,4,157,38,Medium
2024-04-10 15:00:00,4,120,38,Medium
2024-04-10 16:00:00,3,110,36,Medium
2024-04-10 17:00:00,3,313,23,High
2024-04-10 18:00:00,3,257,14,High
2024-04-10 19:00:00,4,281,16,High
2024-04-10 20:00:00,4,212,10,High
2024-04-10 21:00:00,2,35,57,Low
2024-04-10 22:00:00,1,40,61,Low
2024-04-10 23:00:00,4,84,46,Low
2024-04-11 00:00:00,3,95,49,Low
2024-04-11 01:00:00,3,32,64,Low
2024-04-11 02:00:00,4,27,50,Low
2024-04-11 03:00:00,4,89,64,Low
2024-04-11 04:00:00,1,31,53,Low
2024-04-11 05:00:00,2,67,47,Low
2024-04-11 06:00:00,2,53,65,Low
2024-04-11 07:00:00,3,333,15,High
2024-04-11 08:00:00,2,342,19,High
2024-04-11 09:00:00,3,232,18,High
2024-04-11 10:00:00,2,218,16,High
2024-04-11 11:00:00,4,179,28,Medium
2024-04-11 12:00:00,2,134,28,Medium
2024-04-11 13:00:00,2,197,37,Medium
2024-04-11 14:00:00,4,146,27,Medium
2024-04-11 15:00:00,3,136,32,Medium
2024-04-11 16:00:00,2,175,32,Medium
2024-04-11 17:00:00,2,239,23,High
2024-04-11 18:00:00,4,265,25,High
2024-04-11 19:00:00,3,225,12,High
2024-04-11 20:00:00,2,233,10,High
2024-04-11 21:00:00,4,87,46,Low
2024-04-11 22:00:00,2,21,43,Low
2024-04-11 23:00:00,2,80,55,Low
2024-04-12 00:00:00,1,95,52,Low
2024-04-12 01:00:00,3,38,51,Low
2024-04-12 02:00:00,1,72,44,Low
2024-04-12 03:00:00,4,96,44,Low
2024-04-12 04:00:00,2,76,51,Low
2024-04-12 05:00:00,4,42,51,Low
2024-04-12 06:00:00,1,87,54,Low
2024-04-12 07:00:00,2,322,17,High
2024-04-12 08:00:00,1,252,19,High
2024-04-12 09:00:00,4,211,13,High
2024-04-12 10:00:00,1,246,16,High
2024-04-12 11:00:00,4,101,39,Medium
2024-04-12 12:00:00,2,139,29,Medium
2024-04-12 13:00:00,1,138,40,Medium
2024-04-12 14:00:00,1,148,36,Medium
2024-04-12 15:00:00,4,135,25,Medium
2024-04-12 16:00:00,2,185,32,Medium
2024-04-12 17:00:00,2,340,14,High
2024-04-12 18:00:00,1,213,18,High
2024-04-12 19:00:00,4,281,14,High
2024-04-12 20:00:00,2,337,17,High
2024-04-12 21:00:00,4,86,46,Low
2024-04-12 22:00:00,2,64,44,Low
2024-04-12 23:00:00,2,31,56,Low
2024-04-13 00:00:00,2,52,48,Low
2024-04-13 01:00:00,4,80,52,Low
2024-04-13 02:00:00,3,94,55,Low
2024-04-13 03:00:00,3,90,64,Low
2024-04-13 04:00:00,2,31,49,Low
2024-04-13 05:00:00,4,59,65,Low
2024-04-13 06:00:00,3,62,64,Low
2024-04-13 07:00:00,4,273,24,High
2024-04-13 08:00:00,1,217,23,High
2024-04-13 09:00:00,2,328,14,High
2024-04-13 10:00:00,4,306,22,High
2024-04-13 11:00:00,2,163,36,Medium
2024-04-13 12:00:00,1,170,40,Medium
2024-04-13 13:00:00,2,117,28,Medium
2024-04-13 14:00:00,1,186,29,Medium
2024-04-13 15:00:00,2,147,30,Medium
2024-04-13 16:00:00,4,111,30,Medium
2024-04-13 17:00:00,4,230,21,High
2024-04-13 18:00:00,2,335,19,High
2024-04-13 19:00:00,3,324,14,High
2024-04-13 20:00:00,1,307,11,High
2024-04-13 21:00:00,4,31,65,Low
2024-04-13 22:00:00,1,83,62,Low
2024-04-13 23:00:00,4,77,45,Low
2024-04-14 00:00:00,3,30,53,Low
2024-04-14 01:00:00,1,78,51,Low
2024-04-14 02:00:00,3,24,55,Low
2024-04-14 03:00:00,1,91,45,Low
2024-04-14 04:00:00,2,54,47,Low
2024-04-14 05:00:00,2,24,57,Low
2024-04-14 06:00:00,4,92,47,Low
2024-04-14 07:00:00,2,301,17,High
2024-04-14 08:00:00,4,327,16,High
2024-04-14 09:00:00,4,332,18,High
2024-04-14 10:00:00,2,287,12,High
2024-04-14 11:00:00,3,134,35,Medium
2024-04-14 12:00:00,1,193,28,Medium
2024-04-14 13:00:00,3,124,26,Medium
2024-04-14 14:00:00,2,164,25,Medium
2024-04-14 15:00:00,3,186,25,Medium
2024-04-14 16:00:00,4,153,34,Medium
2024-04-14 17:00:00,1,261,15,High
2024-04-14 18:00:00,2,237,19,High
2024-04-14 19:00:00,2,246,18,High
2024-04-14 20:00:00,3,323,18,High
2024-04-14 21:00:00,1,54,58,Low
2024-04-14 22:00:00,4,97,64,Low
2024-04-14 23:00:00,3,22,63,Low
2024-04-15 00:00:00,3,80,56,Low
2024-04-15 01:00:00,1,94,47,Low
2024-04-15 02:00:00,3,28,61,Low
2024-04-15 03:00:00,3,89,65,Low
2024-04-15 04:00:00,3,91,45,Low
2024-04-15 05:00:00,1,65,60,Low
2024-04-15 06:00:00,4,95,49,Low
2024-04-15 07:00:00,2,313,15,High
2024-04-15 08:00:00,2,279,24,High
2024-04-15 09:00:00,4,200,15,High
2024-04-15 10:00:00,1,333,10,High
2024-04-15 11:00:00,1,139,32,Medium
2024-04-15 12:00:00,2,188,36,Medium
2024-04-15 13:00:00,1,176,28,Medium
2024-04-15 14:00:00,2,108,27,Medium
2024-04-15 15:00:00,3,168,35,Medium
2024-04-15 16:00:00,4,137,29,Medium
2024-04-15 17:00:00,3,327,16,High
2024-04-15 18:00:00,3,208,15,High
2024-04-15 19:00:00,2,271,15,High
2024-04-15 20:00:00,1,242,11,High
2024-04-15 21:00:00,4,74,40,Low
2024-04-15 22:00:00,3,80,51,Low
2024-04-15 23:00:00,1,26,58,Low
2024-04-16 00:00:00,4,51,48,Low
2024-04-16 01:00:00,2,22,61,Low
2024-04-16 02:00:00,1,24,48,Low
2024-04-16 03:00:00,2,69,48,Low
2024-04-16 04:00:00,3,61,62,Low
2024-04-16 05:00:00,1,49,45,Low
2024-04-16 06:00:00,1,63,56,Low
2024-04-16 07:00:00,1,307,18,High
2024-04-16 08:00:00,3,203,20,High
2024-04-16 09:00:00,4,210,18,High
2024-04-16 10:00:00,4,203,15,High
2024-04-16 11:00:00,4,185,26,Medium
2024-04-16 12:00:00,1,101,39,Medium
2024-04-16 13:00:00,2,164,26,Medium
2024-04-16 14:00:00,1,163,32,Medium
2024-04-16 15:00:00,3,174,39,Medium
2024-04-16 16:00:00,4,149,30,Medium
2024-04-16 17:00:00,4,283,20,High
2024-04-16 18:00:00,3,229,21,High
2024-04-16 19:00:00,3,316,24,High
2024-04-16 20:00:00,4,307,24,High
2024-04-16 21:00:00,3,51,50,Low
2024-04-16 22:00:00,3,86,40,Low
2024-04-16 23:00:00,1,60,47,Low
2024-04-17 00:00:00,3,87,40,Low
2024-04-17 01:00:00,1,90,49,Low
2024-04-17 02:00:00,3,79,57,Low
2024-04-17 03:00:00,2,87,41,Low
2024-04-17 04:00:00,2,88,55,Low
2024-04-17 05:00:00,1,64,50,Low
2024-04-17 06:00:00,2,67,46,Low
2024-04-17 07:00:00,3,214,24,High
2024-04-17 08:00:00,2,300,14,High
2024-04-17 09:00:00,4,236,20,High
2024-04-17 10:00:00,2,258,20,High
2024-04-17 11:00:00,1,138,34,Medium
2024-04-17 12:00:00,4,118,28,Medium
2024-04-17 13:00:00,3,188,30,Medium
2024-04-17 14:00:00,3,169,27,Medium
2024-04-17 15:00:00,2,105,37,Medium
2024-04-17 16:00:00,1,181,39,Medium
2024-04-17 17:00:00,1,328,19,High
2024-04-17 18:00:00,4,216,20,High
2024-04-17 19:00:00,3,326,15,High
2024-04-17 20:00:00,1,300,19,High
2024-04-17 21:00:00,2,29,44,Low
2024-04-17 22:00:00,3,54,43,Low
2024-04-17 23:00:00,2,22,53,Low
2024-04-18 00:00:00,3,85,56,Low
2024-04-18 01:00:00,2,69,65,Low
2024-04-18 02:00:00,3,29,65,Low
2024-04-18 03:00:00,2,34,43,Low
2024-04-18 04:00:00,2,34,49,Low
2024-04-18 05:00:00,3,70,47,Low
2024-04-18 06:00:00,1,47,54,Low
2024-04-18 07:00:00,4,202,18,High
2024-04-18 08:00:00,2,288,18,High
2024-04-18 09:00:00,2,341,17,High
2024-04-18 10:00:00,3,333,12,High
2024-04-18 11:00:00,4,119,32,Medium
2024-04-18 12:00:00,3,168,25,Medium
2024-04-18 13:00:00,1,156,35,Medium
2024-04-18 14:00:00,2,121,38,Medium
2024-04-18 15:00:00,4,188,26,Medium
2024-04-18 16:00:00,2,116,26,Medium
2024-04-18 17:00:00,3,291,18,High
2024-04-18 18:00:00,4,326,20,High
2024-04-18 19:00:00,2,330,20,High
2024-04-18 20:00:00,1,315,15,High
2024-04-18 21:00:00,3,55,41,Low
2024-04-18 22:00:00,1,70,57,Low
2024-04-18 23:00:00,2,79,44,Low
2024-04-19 00:00:00,3,65,43,Low
2024-04-19 01:00:00,1,87,51,Low
2024-04-19 02:00:00,4,88,41,Low
2024-04-19 03:00:00,4,33,58,Low
2024-04-19 04:00:00,2,82,59,Low
2024-04-19 05:00:00,4,91,64,Low
2024-04-19 06:00:00,2,73,64,Low
2024-04-19 07:00:00,4,317,24,High
2024-04-19 08:00:00,1,315,19,High
2024-04-19 09:00:00,2,207,10,High
2024-04-19 10:00:00,4,221,18,High
2024-04-19 11:00:00,2,132,29,Medium
2024-04-19 12:00:00,1,106,39,Medium
2024-04-19 13:00:00,1,166,32,Medium
2024-04-19 14:00:00,3,171,30,Medium
2024-04-19 15:00:00,2,166,31,Medium
2024-04-19 16:00:00,1,146,35,Medium
2024-04-19 17:00:00,2,241,17,High
2024-04-19 18:00:00,3,231,20,High
2024-04-19 19:00:00,4,315,17,High
2024-04-19 20:00:00,4,278,18,High
2024-04-19 21:00:00,2,65,58,Low
2024-04-19 22:00:00,3,89,47,Low
2024-04-19 23:00:00,1,31,40,Low
2024-04-20 00:00:00,4,94,63,Low
2024-04-20 01:00:00,2,35,47,Low
2024-04-20 02:00:00,3,29,45,Low
2024-04-20 03:00:00,4,53,58,Low
2024-04-20 04:00:00,2,77,53,Low
2024-04-20 05:00:00,3,34,64,Low
2024-04-20 06:00:00,3,39,62,Low
2024-04-20 07:00:00,1,205,24,High
2024-04-20 08:00:00,1,348,20,High
2024-04-20 09:00:00,1,332,23,High
2024-04-20 10:00:00,2,200,10,High
2024-04-20 11:00:00,2,194,34,Medium
2024-04-20 12:00:00,2,102,27,Medium
2024-04-20 13:00:00,1,147,27,Medium
2024-04-20 14:00:00,4,179,37,Medium
2024-04-20 15:00:00,3,120,28,Medium
2024-04-20 16:00:00,1,154,32,Medium
2024-04-20 17:00:00,4,233,12,High
2024-04-20 18:00:00,2,296,23,High
2024-04-20 19:00:00,2,267,12,High
2024-04-20 20:00:00,4,291,23,High
2024-04-20 21:00:00,4,82,60,Low
2024-04-20 22:00:00,1,44,45,Low
2024-04-20 23:00:00,2,97,58,Low
2024-04-21 00:00:00,1,24,59,Low
2024-04-21 01:00:00,2,93,45,Low
2024-04-21 02:00:00,2,47,40,Low
2024-04-21 03:00:00,2,49,64,Low
2024-04-21 04:00:00,3,72,40,Low
2024-04-21 05:00:00,1,53,46,Low
2024-04-21 06:00:00,2,43,62,Low
2024-04-21 07:00:00,1,294,20,High
2024-04-21 08:00:00,1,292,15,High
2024-04-21 09:00:00,2,279,18,High
2024-04-21 10:00:00,2,256,24,High
2024-04-21 11:00:00,2,146,31,Medium
2024-04-21 12:00:00,3,195,36,Medium
2024-04-21 13:00:00,1,141,25,Medium
2024-04-21 14:00:00,1,169,33,Medium
2024-04-21 15:00:00,3,186,40,Medium
2024-04-21 16:00:00,4,165,28,Medium
2024-04-21 17:00:00,3,290,11,High
2024-04-21 18:00:00,2,228,10,High
2024-04-21 19:00:00,3,224,15,High
2024-04-21 20:00:00,3,295,24,High
2024-04-21 21:00:00,2,85,59,Low
2024-04-21 22:00:00,2,51,55,Low
2024-04-21 23:00:00,4,93,50,Low
2024-04-22 00:00:00,3,54,64,Low
2024-04-22 01:00:00,4,77,59,Low
2024-04-22 02:00:00,1,79,64,Low
2024-04-22 03:00:00,1,62,64,Low
2024-04-22 04:00:00,2,63,59,Low
2024-04-22 05:00:00,2,89,46,Low
2024-04-22 06:00:00,3,27,50,Low
2024-04-22 07:00:00,4,295,11,High
2024-04-22 08:00:00,4,343,25,High
2024-04-22 09:00:00,3,285,13,High
2024-04-22 10:00:00,3,245,23,High
2024-04-22 11:00:00,2,139,35,Medium
2024-04-22 12:00:00,1,132,40,Medium
2024-04-22 13:00:00,1,149,38,Medium
2024-04-22 14:00:00,1,118,25,Medium
2024-04-22 15:00:00,3,164,38,Medium
2024-04-22 16:00:00,4,164,33,Medium
2024-04-22 17:00:00,1,253,23,High
2024-04-22 18:00:00,1,228,22,High
2024-04-22 19:00:00,2,237,20,High
2024-04-22 20:00:00,2,205,25,High
2024-04-22 21:00:00,1,76,54,Low
2024-04-22 22:00:00,3,83,48,Low
2024-04-22 23:00:00,3,62,48,Low
2024-04-23 00:00:00,1,85,59,Low
2024-04-23 01:00:00,1,77,52,Low
2024-04-23 02:00:00,2,74,63,Low
2024-04-23 03:00:00,3,52,55,Low
2024-04-23 04:00:00,4,27,61,Low
2024-04-23 05:00:00,2,76,48,Low
2024-04-23 06:00:00,4,91,50,Low
2024-04-23 07:00:00,4,347,14,High
2024-04-23 08:00:00,3,320,13,High
2024-04-23 09:00:00,4,265,12,High
2024-04-23 10:00:00,1,233,22,High
2024-04-23 11:00:00,2,117,26,Medium
2024-04-23 12:00:00,2,180,35,Medium
2024-04-23 13:00:00,2,123,29,Medium
2024-04-23 14:00:00,3,172,38,Medium
2024-04-23 15:00:00,3,194,34,Medium
2024-04-23 16:00:00,3,172,33,Medium
2024-04-23 17:00:00,1,242,25,High
2024-04-23 18:00:00,1,257,17,High
2024-04-23 19:00:00,4,237,24,High
2024-04-23 20:00:00,2,329,12,High
2024-04-23 21:00:00,2,53,57,Low
2024-04-23 22:00:00,1,89,63,Low
2024-04-23 23:00:00,4,88,62,Low
2024-04-24 00:00:00,1,57,58,Low
2024-04-24 01:00:00,2,29,43,Low
2024-04-24 02:00:00,4,53,54,Low
2024-04-24 03:00:00,1,68,42,Low
2024-04-24 04:00:00,3,25,42,Low
2024-04-24 05:00:00,2,59,56,Low
2024-04-24 06:00:00,3,27,60,Low
2024-04-24 07:00:00,2,260,17,High
2024-04-24 08:00:00,2,271,15,High
2024-04-24 09:00:00,2,274,23,High
2024-04-24 10:00:00,3,309,21,High
2024-04-24 11:00:00,4,160,32,Medium
2024-04-24 12:00:00,2,118,39,Medium
2024-04-24 13:00:00,1,190,33,Medium
2024-04-24 14:00:00,3,122,36,Medium
2024-04-24 15:00:00,4,191,32,Medium
2024-04-24 16:00:00,1,170,38,Medium
2024-04-24 17:00:00,3,258,10,High
2024-04-24 18:00:00,3,276,22,High
2024-04-24 19:00:00,1,350,16,High
2024-04-24 20:00:00,4,235,21,High
2024-04-24 21:00:00,2,26,40,Low
2024-04-24 22:00:00,1,42,43,Low
2024-04-24 23:00:00,2,85,57,Low
2024-04-25 00:00:00,2,85,65,Low
2024-04-25 01:00:00,4,45,50,Low
2024-04-25 02:00:00,3,44,42,Low
2024-04-25 03:00:00,4,94,43,Low
2024-04-25 04:00:00,1,54,44,Low
2024-04-25 05:00:00,2,93,59,Low
2024-04-25 06:00:00,4,39,49,Low
2024-04-25 07:00:00,4,340,21,High
2024-04-25 08:00:00,4,215,21,High
2024-04-25 09:00:00,3,298,19,High
2024-04-25 10:00:00,4,343,15,High
2024-04-25 11:00:00,1,140,26,Medium
2024-04-25 12:00:00,4,156,31,Medium
2024-04-25 13:00:00,1,135,40,Medium
2024-04-25 14:00:00,3,127,39,Medium
2024-04-25 15:00:00,2,118,33,Medium
2024-04-25 16:00:00,3,135,30,Medium
2024-04-25 17:00:00,2,346,14,High
2024-04-25 18:00:00,4,258,24,High
2024-04-25 19:00:00,4,251,25,High
2024-04-25 20:00:00,4,273,24,High
2024-04-25 21:00:00,1,91,62,Low
2024-04-25 22:00:00,1,63,58,Low
2024-04-25 23:00:00,2,72,51,Low
2024-04-26 00:00:00,4,74,50,Low
2024-04-26 01:00:00,1,40,59,Low
2024-04-26 02:00:00,1,70,43,Low
2024-04-26 03:00:00,2,36,60,Low
2024-04-26 04:00:00,4,50,62,Low
2024-04-26 05:00:00,3,25,41,Low
2024-04-26 06:00:00,1,86,57,Low
2024-04-26 07:00:00,4,209,20,High
2024-04-26 08:00:00,1,349,16,High
2024-04-26 09:00:00,1,298,18,High
2024-04-26 10:00:00,2,305,21,High
2024-04-26 11:00:00,1,194,40,Medium
2024-04-26 12:00:00,2,165,26,Medium
2024-04-26 13:00:00,2,107,36,Medium
2024-04-26 14:00:00,2,175,39,Medium
2024-04-26 15:00:00,3,125,38,Medium
2024-04-26 16:00:00,4,143,28,Medium
2024-04-26 17:00:00,1,269,13,High
2024-04-26 18:00:00,4,277,16,High
2024-04-26 19:00:00,4,242,22,High
2024-04-26 20:00:00,2,349,18,High
2024-04-26 21:00:00,2,49,47,Low
2024-04-26 22:00:00,1,45,56,Low
2024-04-26 23:00:00,2,83,45,Low
2024-04-27 00:00:00,3,52,56,Low
2024-04-27 01:00:00,2,41,53,Low
2024-04-27 02:00:00,4,93,52,Low
2024-04-27 03:00:00,4,55,45,Low
2024-04-27 04:00:00,1,82,53,Low
2024-04-27 05:00:00,4,90,51,Low
2024-04-27 06:00:00,4,49,47,Low
2024-04-27 07:00:00,3,240,14,High
2024-04-27 08:00:00,1,260,24,High
2024-04-27 09:00:00,1,310,10,High
2024-04-27 10:00:00,3,323,18,High
2024-04-27 11:00:00,3,105,33,Medium
2024-04-27 12:00:00,1,104,36,Medium
2024-04-27 13:00:00,2,173,35,Medium
2024-04-27 14:00:00,2,155,25,Medium
2024-04-27 15:00:00,2,188,38,Medium
2024-04-27 16:00:00,3,189,37,Medium
2024-04-27 17:00:00,3,216,19,High
2024-04-27 18:00:00,1,209,21,High
2024-04-27 19:00:00,4,344,20,High
2024-04-27 20:00:00,3,234,10,High
2024-04-27 21:00:00,4,82,51,Low
2024-04-27 22:00:00,2,62,59,Low
2024-04-27 23:00:00,2,49,47,Low
2024-04-28 00:00:00,1,83,49,Low
2024-04-28 01:00:00,3,46,58,Low
2024-04-28 02:00:00,3,94,52,Low
2024-04-28 03:00:00,2,48,59,Low
2024-04-28 04:00:00,3,62,46,Low
2024-04-28 05:00:00,4,26,62,Low
2024-04-28 06:00:00,4,43,47,Low
2024-04-28 07:00:00,3,332,15,High
2024-04-28 08:00:00,4,282,19,High
2024-04-28 09:00:00,2,328,17,High
2024-04-28 10:00:00,4,262,18,High
2024-04-28 11:00:00,1,153,38,Medium
2024-04-28 12:00:00,3,155,30,Medium
2024-04-28 13:00:00,2,122,29,Medium
2024-04-28 14:00:00,2,139,29,Medium
2024-04-28 15:00:00,2,144,35,Medium
2024-04-28 16:00:00,2,175,35,Medium
2024-04-28 17:00:00,2,279,10,High
2024-04-28 18:00:00,3,205,20,High
2024-04-28 19:00:00,4,255,20,High
2024-04-28 20:00:00,1,278,25,High
2024-04-28 21:00:00,2,45,58,Low
2024-04-28 22:00:00,1,23,43,Low
2024-04-28 23:00:00,4,62,47,Low
2024-04-29 00:00:00,4,51,42,Low
2024-04-29 01:00:00,1,94,46,Low
2024-04-29 02:00:00,3,95,59,Low
2024-04-29 03:00:00,4,37,57,Low
2024-04-29 04:00:00,4,31,64,Low
2024-04-29 05:00:00,3,82,46,Low
2024-04-29 06:00:00,1,22,51,Low
2024-04-29 07:00:00,4,296,20,High
2024-04-29 08:00:00,1,264,11,High
2024-04-29 09:00:00,1,252,11,High
2024-04-29 10:00:00,3,260,19,High
2024-04-29 11:00:00,2,100,33,Medium
2024-04-29 12:00:00,1,148,36,Medium
2024-04-29 13:00:00,3,141,31,Medium
2024-04-29 14:00:00,2,120,37,Medium
2024-04-29 15:00:00,2,126,29,Medium
2024-04-29 16:00:00,4,197,30,Medium
2024-04-29 17:00:00,2,246,13,High
2024-04-29 18:00:00,3,280,20,High
2024-04-29 19:00:00,2,346,23,High
2024-04-29 20:00:00,2,340,12,High
2024-04-29 21:00:00,3,67,58,Low
2024-04-29 22:00:00,4,55,47,Low
2024-04-29 23:00:00,4,97,57,Low
2024-04-30 00:00:00,2,20,60,Low
2024-04-30 01:00:00,2,47,59,Low
2024-04-30 02:00:00,3,37,57,Low
2024-04-30 03:00:00,1,46,63,Low
2024-04-30 04:00:00,4,20,46,Low
2024-04-30 05:00:00,2,45,62,Low
2024-04-30 06:00:00,2,35,49,Low
2024-04-30 07:00:00,1,252,16,High
2024-04-30 08:00:00,3,212,10,High
2024-04-30 09:00:00,2,319,13,High
2024-04-30 10:00:00,3,288,14,High
2024-04-30 11:00:00,3,137,32,Medium
2024-04-30 12:00:00,1,106,39,Medium
2024-04-30 13:00:00,4,156,36,Medium
2024-04-30 14:00:00,2,198,40,Medium
2024-04-30 15:00:00,4,138,35,Medium
2024-04-30 16:00:00,1,143,36,Medium
2024-04-30 17:00:00,3,272,12,High
2024-04-30 18:00:00,2,301,23,High
2024-04-30 19:00:00,2,258,15,High
2024-04-30 20:00:00,2,342,12,High
2024-04-30 21:00:00,2,80,57,Low
2024-04-30 22:00:00,2,50,48,Low
2024-04-30 23:00:00,1,57,41,Low
2024-05-01 00:00:00,4,64,61,Low
2024-05-01 01:00:00,2,46,61,Low
2024-05-01 02:00:00,1,83,47,Low
2024-05-01 03:00:00,2,76,65,Low
2024-05-01 04:00:00,3,77,60,Low
2024-05-01 05:00:00,1,96,63,Low
2024-05-01 06:00:00,2,43,42,Low
2024-05-01 07:00:00,1,201,10,High
2024-05-01 08:00:00,3,303,20,High
2024-05-01 09:00:00,1,235,15,High
2024-05-01 10:00:00,2,226,14,High
2024-05-01 11:00:00,2,120,38,Medium
2024-05-01 12:00:00,3,155,27,Medium
2024-05-01 13:00:00,2,176,38,Medium
2024-05-01 14:00:00,3,109,27,Medium
2024-05-01 15:00:00,2,148,34,Medium
2024-05-01 16:00:00,4,115,40,Medium
2024-05-01 17:00:00,3,310,21,High
2024-05-01 18:00:00,1,328,18,High
2024-05-01 19:00:00,2,307,20,High
2024-05-01 20:00:00,3,281,12,High
2024-05-01 21:00:00,1,91,46,Low
2024-05-01 22:00:00,3,77,40,Low
2024-05-01 23:00:00,4,71,55,Low
2024-05-02 00:00:00,2,71,40,Low
2024-05-02 01:00:00,1,78,58,Low
2024-05-02 02:00:00,2,37,52,Low
2024-05-02 03:00:00,1,56,45,Low
2024-05-02 04:00:00,2,41,40,Low
2024-05-02 05:00:00,3,60,65,Low
2024-05-02 06:00:00,1,43,51,Low
2024-05-02 07:00:00,3,224,15,High
2024-05-02 08:00:00,3,279,15,High
2024-05-02 09:00:00,3,334,20,High
2024-05-02 10:00:00,2,283,13,High
2024-05-02 11:00:00,4,106,30,Medium
2024-05-02 12:00:00,4,191,31,Medium
2024-05-02 13:00:00,3,128,39,Medium
2024-05-02 14:00:00,3,117,27,Medium
2024-05-02 15:00:00,1,136,39,Medium
2024-05-02 16:00:00,4,165,32,Medium
2024-05-02 17:00:00,1,261,15,High
2024-05-02 18:00:00,4,295,14,High
2024-05-02 19:00:00,1,278,16,High
2024-05-02 20:00:00,1,212,15,High
2024-05-02 21:00:00,2,47,62,Low
2024-05-02 22:00:00,4,37,47,Low
2024-05-02 23:00:00,1,28,60,Low
2024-05-03 00:00:00,3,35,56,Low
2024-05-03 01:00:00,2,31,51,Low
2024-05-03 02:00:00,3,62,58,Low
2024-05-03 03:00:00,3,25,41,Low
2024-05-03 04:00:00,4,25,50,Low
2024-05-03 05:00:00,2,76,43,Low
2024-05-03 06:00:00,2,90,40,Low
2024-05-03 07:00:00,2,327,20,High
2024-05-03 08:00:00,2,273,10,High
2024-05-03 09:00:00,2,348,19,High
2024-05-03 10:00:00,1,339,21,High
2024-05-03 11:00:00,2,173,32,Medium
2024-05-03 12:00:00,2,119,29,Medium
2024-05-03 13:00:00,2,183,36,Medium
2024-05-03 14:00:00,1,153,38,Medium
2024-05-03 15:00:00,3,140,32,Medium
2024-05-03 16:00:00,4,168,36,Medium
2024-05-03 17:00:00,3,326,22,High
2024-05-03 18:00:00,4,250,21,High
2024-05-03 19:00:00,2,226,17,High
2024-05-03 20:00:00,4,211,12,High
2024-05-03 21:00:00,1,72,53,Low
2024-05-03 22:00:00,1,73,42,Low
2024-05-03 23:00:00,2,93,65,Low
2024-05-04 00:00:00,3,94,58,Low
2024-05-04 01:00:00,4,98,45,Low
2024-05-04 02:00:00,2,39,48,Low
2024-05-04 03:00:00,2,92,48,Low
2024-05-04 04:00:00,3,67,45,Low
2024-05-04 05:00:00,3,99,59,Low
2024-05-04 06:00:00,1,30,58,Low
2024-05-04 07:00:00,1,258,10,High
2024-05-04 08:00:00,1,232,11,High
2024-05-04 09:00:00,4,228,11,High
2024-05-04 10:00:00,4,266,24,High
2024-05-04 11:00:00,4,178,31,Medium
2024-05-04 12:00:00,4,135,40,Medium
2024-05-04 13:00:00,3,108,27,Medium
2024-05-04 14:00:00,2,100,33,Medium
2024-05-04 15:00:00,3,116,31,Medium
2024-05-04 16:00:00,4,136,29,Medium
2024-05-04 17:00:00,1,346,20,High
2024-05-04 18:00:00,3,332,21,High
2024-05-04 19:00:00,1,212,25,High
2024-05-04 20:00:00,3,308,21,High
2024-05-04 21:00:00,3,73,52,Low
2024-05-04 22:00:00,3,54,57,Low
2024-05-04 23:00:00,3,57,60,Low
2024-05-05 00:00:00,1,61,49,Low
2024-05-05 01:00:00,3,95,50,Low
2024-05-05 02:00:00,4,26,46,Low
2024-05-05 03:00:00,4,76,51,Low
2024-05-05 04:00:00,3,85,54,Low
2024-05-05 05:00:00,3,93,40,Low
2024-05-05 06:00:00,3,26,56,Low
2024-05-05 07:00:00,1,302,17,High
2024-05-05 08:00:00,2,278,10,High
2024-05-05 09:00:00,3,214,21,High
2024-05-05 10:00:00,4,346,17,High
2024-05-05 11:00:00,2,115,36,Medium
2024-05-05 12:00:00,1,175,27,Medium
2024-05-05 13:00:00,3,100,40,Medium
2024-05-05 14:00:00,3,141,36,Medium
2024-05-05 15:00:00,4,177,38,Medium
2024-05-05 16:00:00,2,131,25,Medium
2024-05-05 17:00:00,3,255,18,High
2024-05-05 18:00:00,4,296,21,High
2024-05-05 19:00:00,1,340,15,High
2024-05-05 20:00:00,3,287,23,High
2024-05-05 21:00:00,1,86,49,Low
2024-05-05 22:00:00,4,84,46,Low
2024-05-05 23:00:00,1,56,54,Low
2024-05-06 00:00:00,3,50,47,Low
2024-05-06 01:00:00,4,67,56,Low
2024-05-06 02:00:00,3,41,48,Low
2024-05-06 03:00:00,3,93,50,Low
2024-05-06 04:00:00,1,28,48,Low
2024-05-06 05:00:00,1,88,40,Low
2024-05-06 06:00:00,2,64,53,Low
2024-05-06 07:00:00,2,346,23,High
2024-05-06 08:00:00,4,255,13,High
2024-05-06 09:00:00,3,341,18,High
2024-05-06 10:00:00,4,322,13,High
2024-05-06 11:00:00,4,151,35,Medium
2024-05-06 12:00:00,1,196,39,Medium
2024-05-06 13:00:00,4,196,40,Medium
2024-05-06 14:00:00,4,196,38,Medium
2024-05-06 15:00:00,3,178,32,Medium
2024-05-06 16:00:00,3,133,32,Medium
2024-05-06 17:00:00,3,309,17,High
2024-05-06 18:00:00,3,335,12,High
2024-05-06 19:00:00,4,246,24,High
2024-05-06 20:00:00,3,319,17,High
2024-05-06 21:00:00,3,83,40,Low
2024-05-06 22:00:00,4,52,40,Low
2024-05-06 23:00:00,2,85,56,Low
2024-05-07 00:00:00,4,56,44,Low
2024-05-07 01:00:00,4,77,53,Low
2024-05-07 02:00:00,2,85,64,Low
2024-05-07 03:00:00,4,70,51,Low
2024-05-07 04:00:00,1,71,65,Low
2024-05-07 05:00:00,4,66,48,Low
2024-05-07 06:00:00,1,91,61,Low
2024-05-07 07:00:00,4,249,18,High
2024-05-07 08:00:00,2,304,10,High
2024-05-07 09:00:00,3,253,18,High
2024-05-07 10:00:00,2,342,11,High
2024-05-07 11:00:00,3,177,27,Medium
2024-05-07 12:00:00,4,171,39,Medium
2024-05-07 13:00:00,4,191,27,Medium
2024-05-07 14:00:00,1,127,32,Medium
2024-05-07 15:00:00,2,175,26,Medium
2024-05-07 16:00:00,3,145,28,Medium
2024-05-07 17:00:00,3,229,23,High
2024-05-07 18:00:00,2,331,16,High
2024-05-07 19:00:00,3,287,11,High
2024-05-07 20:00:00,4,305,11,High
2024-05-07 21:00:00,3,58,63,Low
2024-05-07 22:00:00,2,70,56,Low
2024-05-07 23:00:00,2,20,40,Low
2024-05-08 00:00:00,3,61,59,Low
2024-05-08 01:00:00,4,57,51,Low
2024-05-08 02:00:00,1,77,64,Low
2024-05-08 03:00:00,1,83,54,Low
2024-05-08 04:00:00,1,63,57,Low
2024-05-08 05:00:00,2,56,62,Low
2024-05-08 06:00:00,3,56,59,Low
2024-05-08 07:00:00,3,229,22,High
2024-05-08 08:00:00,1,347,25,High
2024-05-08 09:00:00,3,314,21,High
2024-05-08 10:00:00,2,341,15,High
2024-05-08 11:00:00,2,174,28,Medium
2024-05-08 12:00:00,1,107,26,Medium
2024-05-08 13:00:00,1,118,37,Medium
2024-05-08 14:00:00,3,163,39,Medium
2024-05-08 15:00:00,3,182,37,Medium
2024-05-08 16:00:00,4,108,39,Medium
2024-05-08 17:00:00,3,205,10,High
2024-05-08 18:00:00,2,210,11,High
2024-05-08 19:00:00,3,295,17,High
2024-05-08 20:00:00,3,306,18,High
2024-05-08 21:00:00,4,94,58,Low
2024-05-08 22:00:00,2,36,44,Low
2024-05-08 23:00:00,2,99,64,Low
2024-05-09 00:00:00,4,33,56,Low
2024-05-09 01:00:00,3,39,61,Low
2024-05-09 02:00:00,2,66,57,Low
2024-05-09 03:00:00,2,62,49,Low
2024-05-09 04:00:00,4,84,52,Low
2024-05-09 05:00:00,2,77,49,Low
2024-05-09 06:00:00,1,58,56,Low
2024-05-09 07:00:00,2,270,13,High
2024-05-09 08:00:00,2,208,22,High
2024-05-09 09:00:00,1,326,25,High
2024-05-09 10:00:00,4,284,22,High
2024-05-09 11:00:00,3,178,27,Medium
2024-05-09 12:00:00,3,133,30,Medium
2024-05-09 13:00:00,1,194,27,Medium
2024-05-09 14:00:00,1,133,32,Medium
2024-05-09 15:00:00,4,101,31,Medium
2024-05-09 16:00:00,3,121,37,Medium
2024-05-09 17:00:00,1,305,11,High
2024-05-09 18:00:00,4,217,22,High
2024-05-09 19:00:00,1,284,12,High
2024-05-09 20:00:00,3,297,19,High
2024-05-09 21:00:00,4,94,52,Low
2024-05-09 22:00:00,2,87,62,Low
2024-05-09 23:00:00,3,35,46,Low
2024-05-10 00:00:00,4,78,43,Low
2024-05-10 01:00:00,4,52,56,Low
2024-05-10 02:00:00,4,81,42,Low
2024-05-10 03:00:00,4,88,44,Low
2024-05-10 04:00:00,2,42,48,Low
2024-05-10 05:00:00,3,56,42,Low
2024-05-10 06:00:00,3,83,63,Low
2024-05-10 07:00:00,2,278,15,High
2024-05-10 08:00:00,2,246,25,High
2024-05-10 09:00:00,4,234,15,High
2024-05-10 10:00:00,4,279,15,High
2024-05-10 11:00:00,3,192,32,Medium
2024-05-10 12:00:00,3,106,26,Medium
2024-05-10 13:00:00,4,108,30,Medium
2024-05-10 14:00:00,3,137,25,Medium
2024-05-10 15:00:00,3,139,25,Medium
2024-05-10 16:00:00,3,166,28,Medium
2024-05-10 17:00:00,1,324,11,High
2024-05-10 18:00:00,1,288,20,High
2024-05-10 19:00:00,1,322,17,High
2024-05-10 20:00:00,4,270,15,High
2024-05-10 21:00:00,3,66,60,Low
2024-05-10 22:00:00,1,40,48,Low
2024-05-10 23:00:00,1,59,52,Low
2024-05-11 00:00:00,2,95,55,Low
2024-05-11 01:00:00,3,23,45,Low
2024-05-11 02:00:00,1,42,54,Low
2024-05-11 03:00:00,1,83,43,Low
2024-05-11 04:00:00,2,41,53,Low
2024-05-11 05:00:00,1,64,64,Low
2024-05-11 06:00:00,4,95,42,Low
2024-05-11 07:00:00,4,218,25,High
2024-05-11 08:00:00,2,300,22,High
2024-05-11 09:00:00,3,333,13,High
2024-05-11 10:00:00,3,245,13,High
2024-05-11 11:00:00,4,145,30,Medium
2024-05-11 12:00:00,3,103,38,Medium
2024-05-11 13:00:00,3,112,36,Medium
2024-05-11 14:00:00,2,150,32,Medium
2024-05-11 15:00:00,4,135,32,Medium
2024-05-11 16:00:00,4,101,36,Medium
2024-05-11 17:00:00,4,242,10,High
2024-05-11 18:00:00,4,203,23,High
2024-05-11 19:00:00,2,259,22,High
2024-05-11 20:00:00,4,303,11,High
2024-05-11 21:00:00,2,95,52,Low
2024-05-11 22:00:00,2,64,60,Low
2024-05-11 23:00:00,3,60,54,Low
2024-05-12 00:00:00,2,33,56,Low
2024-05-12 01:00:00,1,98,56,Low
2024-05-12 02:00:00,1,28,65,Low
2024-05-12 03:00:00,3,93,60,Low
2024-05-12 04:00:00,2,41,46,Low
2024-05-12 05:00:00,4,61,44,Low
2024-05-12 06:00:00,3,36,65,Low
2024-05-12 07:00:00,3,207,21,High
2024-05-12 08:00:00,2,248,17,High
2024-05-12 09:00:00,3,306,17,High
2024-05-12 10:00:00,3,256,20,High
2024-05-12 11:00:00,3,176,37,Medium
2024-05-12 12:00:00,2,149,33,Medium
2024-05-12 13:00:00,3,118,38,Medium
2024-05-12 14:00:00,3,144,26,Medium
2024-05-12 15:00:00,2,152,34,Medium
2024-05-12 16:00:00,4,156,30,Medium
2024-05-12 17:00:00,4,252,13,High
2024-05-12 18:00:00,3,301,22,High
2024-05-12 19:00:00,4,347,23,High
2024-05-12 20:00:00,3,234,18,High
2024-05-12 21:00:00,3,87,52,Low
2024-05-12 22:00:00,1,80,50,Low
2024-05-12 23:00:00,1,39,54,Low
2024-05-13 00:00:00,1,20,56,Low
2024-05-13 01:00:00,2,38,44,Low
2024-05-13 02:00:00,4,28,62,Low
2024-05-13 03:00:00,2,60,62,Low
2024-05-13 04:00:00,4,33,45,Low
2024-05-13 05:00:00,1,97,40,Low
2024-05-13 06:00:00,2,41,63,Low
2024-05-13 07:00:00,4,292,20,High
2024-05-13 08:00:00,4,337,17,High
2024-05-13 09:00:00,4,282,13,High
2024-05-13 10:00:00,3,241,12,High
2024-05-13 11:00:00,1,110,29,Medium
2024-05-13 12:00:00,4,196,40,Medium
2024-05-13 13:00:00,2,163,39,Medium
2024-05-13 14:00:00,4,116,31,Medium
2024-05-13 15:00:00,4,197,25,Medium
2024-05-13 16:00:00,1,116,28,Medium
2024-05-13 17:00:00,2,333,15,High
2024-05-13 18:00:00,2,253,21,High
2024-05-13 19:00:00,1,314,24,High
2024-05-13 20:00:00,1,227,14,High
2024-05-13 21:00:00,3,68,48,Low
2024-05-13 22:00:00,2,28,55,Low
2024-05-13 23:00:00,4,66,41,Low
2024-05-14 00:00:00,2,38,61,Low
2024-05-14 01:00:00,2,34,56,Low
2024-05-14 02:00:00,3,32,49,Low
2024-05-14 03:00:00,3,41,63,Low
2024-05-14 04:00:00,3,50,60,Low
2024-05-14 05:00:00,4,99,53,Low
2024-05-14 06:00:00,4,22,40,Low
2024-05-14 07:00:00,1,270,12,High
2024-05-14 08:00:00,4,288,17,High
2024-05-14 09:00:00,2,260,17,High
2024-05-14 10:00:00,4,266,16,High
2024-05-14 11:00:00,1,101,29,Medium
2024-05-14 12:00:00,1,197,28,Medium
2024-05-14 13:00:00,1,194,28,Medium
2024-05-14 14:00:00,2,124,31,Medium
2024-05-14 15:00:00,4,184,30,Medium
2024-05-14 16:00:00,4,149,33,Medium
2024-05-14 17:00:00,3,220,23,High
2024-05-14 18:00:00,4,337,23,High
2024-05-14 19:00:00,2,226,17,High
2024-05-14 20:00:00,2,242,12,High
2024-05-14 21:00:00,1,32,61,Low
2024-05-14 22:00:00,2,92,41,Low
2024-05-14 23:00:00,3,30,53,Low
2024-05-15 00:00:00,3,79,51,Low
2024-05-15 01:00:00,4,43,58,Low
2024-05-15 02:00:00,3,58,58,Low
2024-05-15 03:00:00,3,33,56,Low
2024-05-15 04:00:00,1,20,57,Low
2024-05-15 05:00:00,4,98,43,Low
2024-05-15 06:00:00,1,20,59,Low
2024-05-15 07:00:00,2,214,19,High
2024-05-15 08:00:00,1,205,18,High
2024-05-15 09:00:00,2,286,19,High
2024-05-15 10:00:00,4,258,14,High
2024-05-15 11:00:00,1,150,34,Medium
2024-05-15 12:00:00,3,106,26,Medium
2024-05-15 13:00:00,2,167,36,Medium
2024-05-15 14:00:00,1,168,26,Medium
2024-05-15 15:00:00,4,187,36,Medium
2024-05-15 16:00:00,1,193,29,Medium
2024-05-15 17:00:00,3,299,22,High
2024-05-15 18:00:00,3,319,14,High
2024-05-15 19:00:00,2,281,10,High
2024-05-15 20:00:00,2,237,20,High
2024-05-15 21:00:00,1,64,53,Low
2024-05-15 22:00:00,2,63,57,Low
2024-05-15 23:00:00,4,95,42,Low
2024-05-16 00:00:00,4,62,56,Low
2024-05-16 01:00:00,4,83,52,Low
2024-05-16 02:00:00,2,25,41,Low
2024-05-16 03:00:00,4,36,59,Low
2024-05-16 04:00:00,2,44,48,Low
2024-05-16 05:00:00,1,76,57,Low
2024-05-16 06:00:00,2,94,45,Low
2024-05-16 07:00:00,3,212,19,High
2024-05-16 08:00:00,4,236,17,High
2024-05-16 09:00:00,3,236,21,High
2024-05-16 10:00:00,1,283,11,High
2024-05-16 11:00:00,1,199,33,Medium
2024-05-16 12:00:00,1,142,27,Medium
2024-05-16 13:00:00,3,123,29,Medium
2024-05-16 14:00:00,1,133,25,Medium
2024-05-16 15:00:00,2,118,40,Medium
2024-05-16 16:00:00,2,179,33,Medium
2024-05-16 17:00:00,3,209,13,High
2024-05-16 18:00:00,1,290,18,High
2024-05-16 19:00:00,1,315,13,High
2024-05-16 20:00:00,1,328,22,High
2024-05-16 21:00:00,2,96,51,Low
2024-05-16 22:00:00,1,87,48,Low
2024-05-16 23:00:00,4,90,51,Low
2024-05-17 00:00:00,4,30,55,Low
2024-05-17 01:00:00,2,71,58,Low
2024-05-17 02:00:00,4,94,44,Low
2024-05-17 03:00:00,1,65,62,Low
2024-05-17 04:00:00,3,25,65,Low
2024-05-17 05:00:00,1,31,53,Low
2024-05-17 06:00:00,4,20,53,Low
2024-05-17 07:00:00,1,203,17,High
2024-05-17 08:00:00,2,217,21,High
2024-05-17 09:00:00,1,341,13,High
2024-05-17 10:00:00,4,306,18,High
2024-05-17 11:00:00,1,116,35,Medium
2024-05-17 12:00:00,1,182,26,Medium
2024-05-17 13:00:00,1,126,32,Medium
2024-05-17 14:00:00,4,172,37,Medium
2024-05-17 15:00:00,1,169,25,Medium
2024-05-17 16:00:00,2,188,30,Medium
2024-05-17 17:00:00,1,246,10,High
2024-05-17 18:00:00,4,239,25,High
2024-05-17 19:00:00,3,249,16,High
2024-05-17 20:00:00,3,203,10,High
2024-05-17 21:00:00,3,89,64,Low
2024-05-17 22:00:00,4,59,50,Low
2024-05-17 23:00:00,4,54,46,Low
2024-05-18 00:00:00,3,94,55,Low
2024-05-18 01:00:00,3,96,54,Low
2024-05-18 02:00:00,1,72,57,Low
2024-05-18 03:00:00,4,60,50,Low
2024-05-18 04:00:00,2,72,48,Low
2024-05-18 05:00:00,4,98,52,Low
2024-05-18 06:00:00,1,37,59,Low
2024-05-18 07:00:00,1,226,19,High
2024-05-18 08:00:00,3,284,12,High
2024-05-18 09:00:00,4,228,25,High
2024-05-18 10:00:00,3,203,21,High
2024-05-18 11:00:00,3,196,26,Medium
2024-05-18 12:00:00,2,110,30,Medium
2024-05-18 13:00:00,3,190,40,Medium
2024-05-18 14:00:00,2,140,32,Medium
2024-05-18 15:00:00,2,140,35,Medium
2024-05-18 16:00:00,1,190,39,Medium
2024-05-18 17:00:00,3,251,14,High
2024-05-18 18:00:00,2,210,21,High
2024-05-18 19:00:00,4,246,18,High
2024-05-18 20:00:00,2,279,12,High
2024-05-18 21:00:00,4,66,64,Low
2024-05-18 22:00:00,4,26,47,Low
2024-05-18 23:00:00,2,98,65,Low
2024-05-19 00:00:00,2,64,54,Low
2024-05-19 01:00:00,1,71,47,Low
2024-05-19 02:00:00,4,90,57,Low
2024-05-19 03:00:00,4,79,59,Low
2024-05-19 04:00:00,4,53,42,Low
2024-05-19 05:00:00,4,83,41,Low
2024-05-19 06:00:00,2,96,55,Low
2024-05-19 07:00:00,3,212,10,High
2024-05-19 08:00:00,1,321,17,High
2024-05-19 09:00:00,1,202,18,High
2024-05-19 10:00:00,4,239,24,High
2024-05-19 11:00:00,1,135,39,Medium
2024-05-19 12:00:00,2,100,38,Medium
2024-05-19 13:00:00,2,175,32,Medium
2024-05-19 14:00:00,2,179,31,Medium
2024-05-19 15:00:00,4,101,33,Medium
2024-05-19 16:00:00,2,166,40,Medium
2024-05-19 17:00:00,4,294,11,High
2024-05-19 18:00:00,3,297,11,High
2024-05-19 19:00:00,3,208,12,High
2024-05-19 20:00:00,2,329,18,High
2024-05-19 21:00:00,3,44,50,Low
2024-05-19 22:00:00,3,43,62,Low
2024-05-19 23:00:00,3,54,45,Low
2024-05-20 00:00:00,1,51,44,Low
2024-05-20 01:00:00,2,81,49,Low
2024-05-20 02:00:00,1,92,65,Low
2024-05-20 03:00:00,4,69,57,Low
2024-05-20 04:00:00,3,21,54,Low
2024-05-20 05:00:00,2,94,55,Low
2024-05-20 06:00:00,4,82,46,Low
2024-05-20 07:00:00,4,349,12,High
2024-05-20 08:00:00,3,228,18,High
2024-05-20 09:00:00,1,230,15,High
2024-05-20 10:00:00,3,233,17,High
2024-05-20 11:00:00,3,182,40,Medium
2024-05-20 12:00:00,3,121,35,Medium
2024-05-20 13:00:00,1,153,34,Medium
2024-05-20 14:00:00,2,179,25,Medium
2024-05-20 15:00:00,2,115,39,Medium
2024-05-20 16:00:00,1,120,27,Medium
2024-05-20 17:00:00,3,231,24,High
2024-05-20 18:00:00,4,238,25,High
2024-05-20 19:00:00,1,256,24,High
2024-05-20 20:00:00,4,326,16,High
2024-05-20 21:00:00,4,89,55,Low
2024-05-20 22:00:00,3,90,60,Low
2024-05-20 23:00:00,2,48,45,Low
2024-05-21 00:00:00,4,67,43,Low
2024-05-21 01:00:00,4,52,55,Low
2024-05-21 02:00:00,4,88,48,Low
2024-05-21 03:00:00,2,27,63,Low
2024-05-21 04:00:00,3,69,47,Low
2024-05-21 05:00:00,3,43,64,Low
2024-05-21 06:00:00,1,22,42,Low
2024-05-21 07:00:00,4,250,23,High
2024-05-21 08:00:00,4,321,13,High
2024-05-21 09:00:00,1,300,18,High
2024-05-21 10:00:00,4,220,10,High
2024-05-21 11:00:00,4,134,38,Medium
2024-05-21 12:00:00,2,148,25,Medium
2024-05-21 13:00:00,3,198,30,Medium
2024-05-21 14:00:00,4,198,40,Medium
2024-05-21 15:00:00,1,118,29,Medium
2024-05-21 16:00:00,2,127,37,Medium
2024-05-21 17:00:00,1,269,20,High
2024-05-21 18:00:00,1,275,22,High
2024-05-21 19:00:00,3,211,13,High
2024-05-21 20:00:00,1,273,22,High
2024-05-21 21:00:00,3,55,54,Low
2024-05-21 22:00:00,2,43,61,Low
2024-05-21 23:00:00,1,36,40,Low
2024-05-22 00:00:00,4,20,62,Low
2024-05-22 01:00:00,3,97,52,Low
2024-05-22 02:00:00,2,67,64,Low
2024-05-22 03:00:00,3,92,58,Low
2024-05-22 04:00:00,3,74,41,Low
2024-05-22 05:00:00,3,44,50,Low
2024-05-22 06:00:00,4,87,64,Low
2024-05-22 07:00:00,2,317,18,High
2024-05-22 08:00:00,4,329,10,High
2024-05-22 09:00:00,4,336,13,High
2024-05-22 10:00:00,2,201,13,High
2024-05-22 11:00:00,1,179,29,Medium
2024-05-22 12:00:00,2,155,37,Medium
2024-05-22 13:00:00,1,140,28,Medium
2024-05-22 14:00:00,2,151,32,Medium
2024-05-22 15:00:00,1,195,31,Medium
2024-05-22 16:00:00,1,188,27,Medium
2024-05-22 17:00:00,3,257,11,High
2024-05-22 18:00:00,4,299,19,High
2024-05-22 19:00:00,2,342,22,High
2024-05-22 20:00:00,1,335,17,High
2024-05-22 21:00:00,1,23,55,Low
2024-05-22 22:00:00,1,46,53,Low
2024-05-22 23:00:00,1,94,61,Low
2024-05-23 00:00:00,4,55,58,Low
2024-05-23 01:00:00,3,46,54,Low
2024-05-23 02:00:00,3,95,60,Low
2024-05-23 03:00:00,2,42,50,Low
2024-05-23 04:00:00,3,54,60,Low
2024-05-23 05:00:00,4,42,43,Low
2024-05-23 06:00:00,4,49,40,Low
2024-05-23 07:00:00,4,225,23,High
2024-05-23 08:00:00,2,336,19,High
2024-05-23 09:00:00,3,321,19,High
2024-05-23 10:00:00,1,309,11,High
2024-05-23 11:00:00,2,140,28,Medium
2024-05-23 12:00:00,2,170,33,Medium
2024-05-23 13:00:00,2,132,25,Medium
2024-05-23 14:00:00,2,117,33,Medium
2024-05-23 15:00:00,3,187,25,Medium
2024-05-23 16:00:00,3,105,30,Medium
2024-05-23 17:00:00,3,330,24,High
2024-05-23 18:00:00,3,283,24,High
2024-05-23 19:00:00,3,272,21,High
2024-05-23 20:00:00,1,203,15,High
2024-05-23 21:00:00,2,70,61,Low
2024-05-23 22:00:00,1,38,40,Low
2024-05-23 23:00:00,4,44,57,Low
2024-05-24 00:00:00,3,60,53,Low
2024-05-24 01:00:00,3,35,44,Low
2024-05-24 02:00:00,4,59,60,Low
2024-05-24 03:00:00,4,26,42,Low
2024-05-24 04:00:00,1,32,48,Low
2024-05-24 05:00:00,1,77,46,Low
2024-05-24 06:00:00,3,67,59,Low
2024-05-24 07:00:00,1,280,11,High
2024-05-24 08:00:00,4,216,14,High
2024-05-24 09:00:00,3,256,19,High
2024-05-24 10:00:00,3,311,20,High
2024-05-24 11:00:00,4,149,34,Medium
2024-05-24 12:00:00,3,189,32,Medium
2024-05-24 13:00:00,4,141,26,Medium
2024-05-24 14:00:00,3,193,29,Medium
2024-05-24 15:00:00,3,156,30,Medium
2024-05-24 16:00:00,3,197,25,Medium
2024-05-24 17:00:00,3,227,13,High
2024-05-24 18:00:00,3,260,25,High
2024-05-24 19:00:00,4,211,14,High
2024-05-24 20:00:00,3,279,13,High
2024-05-24 21:00:00,1,57,56,Low
2024-05-24 22:00:00,1,83,59,Low
2024-05-24 23:00:00,3,41,61,Low
2024-05-25 00:00:00,3,22,40,Low
2024-05-25 01:00:00,3,92,65,Low
2024-05-25 02:00:00,1,38,61,Low
2024-05-25 03:00:00,3,57,65,Low
2024-05-25 04:00:00,4,52,54,Low
2024-05-25 05:00:00,3,57,48,Low
2024-05-25 06:00:00,2,21,57,Low
2024-05-25 07:00:00,3,284,19,High
2024-05-25 08:00:00,2,336,14,High
2024-05-25 09:00:00,2,341,12,High
2024-05-25 10:00:00,2,238,13,High
2024-05-25 11:00:00,3,181,34,Medium
2024-05-25 12:00:00,2,104,25,Medium
2024-05-25 13:00:00,1,103,27,Medium
2024-05-25 14:00:00,4,136,30,Medium
2024-05-25 15:00:00,1,176,26,Medium
2024-05-25 16:00:00,4,114,31,Medium
2024-05-25 17:00:00,2,233,15,High
2024-05-25 18:00:00,4,241,14,High
2024-05-25 19:00:00,2,332,18,High
2024-05-25 20:00:00,2,255,18,High
2024-05-25 21:00:00,3,75,46,Low
2024-05-25 22:00:00,1,63,44,Low
2024-05-25 23:00:00,3,56,40,Low
2024-05-26 00:00:00,3,73,58,Low
2024-05-26 01:00:00,1,82,51,Low
2024-05-26 02:00:00,1,44,47,Low
2024-05-26 03:00:00,1,81,40,Low
2024-05-26 04:00:00,2,78,48,Low
2024-05-26 05:00:00,1,100,62,Low
2024-05-26 06:00:00,2,59,54,Low
2024-05-26 07:00:00,2,264,11,High
2024-05-26 08:00:00,1,264,15,High
2024-05-26 09:00:00,1,342,21,High
2024-05-26 10:00:00,4,308,14,High
2024-05-26 11:00:00,4,163,25,Medium
2024-05-26 12:00:00,1,161,39,Medium
2024-05-26 13:00:00,1,171,38,Medium
2024-05-26 14:00:00,3,198,30,Medium
2024-05-26 15:00:00,1,129,37,Medium
2024-05-26 16:00:00,2,156,26,Medium
2024-05-26 17:00:00,3,307,18,High
2024-05-26 18:00:00,3,249,16,High
2024-05-26 19:00:00,1,286,25,High
2024-05-26 20:00:00,4,317,15,High
2024-05-26 21:00:00,1,92,53,Low
2024-05-26 22:00:00,2,80,64,Low
2024-05-26 23:00:00,3,23,57,Low
2024-05-27 00:00:00,4,71,44,Low
2024-05-27 01:00:00,4,34,59,Low
2024-05-27 02:00:00,1,75,65,Low
2024-05-27 03:00:00,4,74,62,Low
2024-05-27 04:00:00,2,66,55,Low
2024-05-27 05:00:00,2,42,61,Low
2024-05-27 06:00:00,4,69,46,Low
2024-05-27 07:00:00,2,297,22,High
2024-05-27 08:00:00,1,328,14,High
2024-05-27 09:00:00,2,332,24,High
2024-05-27 10:00:00,4,250,25,High
2024-05-27 11:00:00,4,129,39,Medium
2024-05-27 12:00:00,2,165,39,Medium
2024-05-27 13:00:00,2,134,29,Medium
2024-05-27 14:00:00,4,162,25,Medium
2024-05-27 15:00:00,4,189,27,Medium
2024-05-27 16:00:00,4,118,36,Medium
2024-05-27 17:00:00,1,284,22,High
2024-05-27 18:00:00,4,264,10,High
2024-05-27 19:00:00,3,220,19,High
2024-05-27 20:00:00,3,301,25,High
2024-05-27 21:00:00,1,33,65,Low
2024-05-27 22:00:00,3,62,47,Low
2024-05-27 23:00:00,3,56,56,Low
2024-05-28 00:00:00,1,97,46,Low
2024-05-28 01:00:00,3,26,65,Low
2024-05-28 02:00:00,2,40,44,Low
2024-05-28 03:00:00,1,93,46,Low
2024-05-28 04:00:00,3,20,46,Low
2024-05-28 05:00:00,3,40,57,Low
2024-05-28 06:00:00,4,42,43,Low
2024-05-28 07:00:00,3,301,21,High
2024-05-28 08:00:00,3,324,11,High
2024-05-28 09:00:00,2,341,23,High
2024-05-28 10:00:00,2,324,22,High
2024-05-28 11:00:00,2,127,35,Medium
2024-05-28 12:00:00,4,109,27,Medium
2024-05-28 13:00:00,3,101,29,Medium
2024-05-28 14:00:00,1,193,35,Medium
2024-05-28 15:00:00,4,102,40,Medium
2024-05-28 16:00:00,3,121,33,Medium
2024-05-28 17:00:00,3,349,22,High
2024-05-28 18:00:00,3,233,21,High
2024-05-28 19:00:00,1,253,23,High
2024-05-28 20:00:00,3,312,10,High
2024-05-28 21:00:00,3,72,54,Low
2024-05-28 22:00:00,3,53,51,Low
2024-05-28 23:00:00,1,24,60,Low
2024-05-29 00:00:00,3,98,59,Low
2024-05-29 01:00:00,4,75,48,Low
2024-05-29 02:00:00,2,46,43,Low
2024-05-29 03:00:00,1,33,62,Low
2024-05-29 04:00:00,4,90,45,Low
2024-05-29 05:00:00,4,84,54,Low
2024-05-29 06:00:00,1,91,55,Low
2024-05-29 07:00:00,2,299,18,High
2024-05-29 08:00:00,1,296,23,High
2024-05-29 09:00:00,2,329,23,High
2024-05-29 10:00:00,2,239,11,High
2024-05-29 11:00:00,4,113,25,Medium
2024-05-29 12:00:00,2,185,29,Medium
2024-05-29 13:00:00,2,108,36,Medium
2024-05-29 14:00:00,2,105,37,Medium
2024-05-29 15:00:00,4,194,33,Medium
2024-05-29 16:00:00,2,159,28,Medium
2024-05-29 17:00:00,2,265,11,High
2024-05-29 18:00:00,3,232,15,High
2024-05-29 19:00:00,1,214,10,High
2024-05-29 20:00:00,1,223,20,High
2024-05-29 21:00:00,1,57,50,Low
2024-05-29 22:00:00,3,38,50,Low
2024-05-29 23:00:00,2,25,58,Low
2024-05-30 00:00:00,4,42,63,Low
2024-05-30 01:00:00,4,31,50,Low
2024-05-30 02:00:00,4,80,53,Low
2024-05-30 03:00:00,1,34,45,Low
2024-05-30 04:00:00,2,49,63,Low
2024-05-30 05:00:00,4,60,43,Low
2024-05-30 06:00:00,3,27,47,Low
2024-05-30 07:00:00,4,322,17,High
2024-05-30 08:00:00,2,219,18,High
2024-05-30 09:00:00,3,323,20,High
2024-05-30 10:00:00,3,274,23,High
2024-05-30 11:00:00,3,117,29,Medium
2024-05-30 12:00:00,3,200,40,Medium
2024-05-30 13:00:00,4,149,31,Medium
2024-05-30 14:00:00,4,162,26,Medium
2024-05-30 15:00:00,1,163,25,Medium
2024-05-30 16:00:00,2,166,26,Medium
2024-05-30 17:00:00,4,263,20,High
2024-05-30 18:00:00,4,261,14,High
2024-05-30 19:00:00,4,214,17,High
2024-05-30 20:00:00,4,337,22,High
2024-05-30 21:00:00,3,55,55,Low
2024-05-30 22:00:00,3,89,47,Low
2024-05-30 23:00:00,2,50,62,Low
2024-05-31 00:00:00,3,76,53,Low
2024-05-31 01:00:00,4,35,62,Low
2024-05-31 02:00:00,3,30,43,Low
2024-05-31 03:00:00,2,44,40,Low
2024-05-31 04:00:00,4,80,63,Low
2024-05-31 05:00:00,4,47,61,Low
2024-05-31 06:00:00,3,42,46,Low
2024-05-31 07:00:00,4,264,11,High
2024-05-31 08:00:00,3,276,10,High
2024-05-31 09:00:00,1,333,14,High
2024-05-31 10:00:00,4,245,17,High
2024-05-31 11:00:00,4,137,26,Medium
2024-05-31 12:00:00,1,125,39,Medium
2024-05-31 13:00:00,2,130,25,Medium
2024-05-31 14:00:00,3,156,30,Medium
2024-05-31 15:00:00,3,124,26,Medium
2024-05-31 16:00:00,3,184,32,Medium
2024-05-31 17:00:00,2,232,20,High
2024-05-31 18:00:00,4,239,24,High
2024-05-31 19:00:00,1,336,19,High
2024-05-31 20:00:00,1,332,11,High
2024-05-31 21:00:00,4,47,60,Low
2024-05-31 22:00:00,2,99,57,Low
2024-05-31 23:00:00,4,98,51,Low
2024-06-01 00:00:00,2,76,42,Low
2024-06-01 01:00:00,4,48,43,Low
2024-06-01 02:00:00,3,90,62,Low
2024-06-01 03:00:00,4,23,43,Low
2024-06-01 04:00:00,1,30,54,Low
2024-06-01 05:00:00,2,71,46,Low
2024-06-01 06:00:00,3,75,51,Low
2024-06-01 07:00:00,3,237,22,High
2024-06-01 08:00:00,3,317,10,High
2024-06-01 09:00:00,2,305,19,High
2024-06-01 10:00:00,4,323,15,High
2024-06-01 11:00:00,2,112,33,Medium
2024-06-01 12:00:00,1,151,29,Medium
2024-06-01 13:00:00,3,118,25,Medium
2024-06-01 14:00:00,3,176,28,Medium
2024-06-01 15:00:00,2,153,38,Medium
2024-06-01 16:00:00,2,143,37,Medium
2024-06-01 17:00:00,1,325,14,High
2024-06-01 18:00:00,4,318,10,High
2024-06-01 19:00:00,3,200,19,High
2024-06-01 20:00:00,2,293,15,High
2024-06-01 21:00:00,1,40,40,Low
2024-06-01 22:00:00,4,75,45,Low
2024-06-01 23:00:00,3,38,64,Low
2024-06-02 00:00:00,2,85,58,Low
2024-06-02 01:00:00,2,56,62,Low
2024-06-02 02:00:00,3,44,56,Low
2024-06-02 03:00:00,2,46,53,Low
2024-06-02 04:00:00,3,40,44,Low
2024-06-02 05:00:00,1,64,46,Low
2024-06-02 06:00:00,2,64,48,Low
2024-06-02 07:00:00,3,300,25,High
2024-06-02 08:00:00,1,338,24,High
2024-06-02 09:00:00,1,250,24,High
2024-06-02 10:00:00,1,289,25,High
2024-06-02 11:00:00,3,143,33,Medium
2024-06-02 12:00:00,2,136,35,Medium
2024-06-02 13:00:00,2,125,29,Medium
2024-06-02 14:00:00,2,158,30,Medium
2024-06-02 15:00:00,4,146,40,Medium
2024-06-02 16:00:00,2,171,33,Medium
2024-06-02 17:00:00,3,260,11,High
2024-06-02 18:00:00,4,227,25,High
2024-06-02 19:00:00,3,321,22,High
2024-06-02 20:00:00,1,327,11,High
2024-06-02 21:00:00,4,62,53,Low
2024-06-02 22:00:00,4,83,52,Low
2024-06-02 23:00:00,1,44,52,Low
2024-06-03 00:00:00,3,49,41,Low
2024-06-03 01:00:00,1,51,42,Low
2024-06-03 02:00:00,4,31,51,Low
2024-06-03 03:00:00,2,68,51,Low
2024-06-03 04:00:00,1,27,45,Low
2024-06-03 05:00:00,3,43,62,Low
2024-06-03 06:00:00,1,56,65,Low
2024-06-03 07:00:00,1,302,19,High
2024-06-03 08:00:00,1,292,21,High
2024-06-03 09:00:00,2,256,19,High
2024-06-03 10:00:00,1,220,19,High
2024-06-03 11:00:00,4,134,33,Medium
2024-06-03 12:00:00,2,179,27,Medium
2024-06-03 13:00:00,2,173,35,Medium
2024-06-03 14:00:00,1,101,34,Medium
2024-06-03 15:00:00,4,170,26,Medium
2024-06-03 16:00:00,4,108,29,Medium
2024-06-03 17:00:00,3,337,18,High
2024-06-03 18:00:00,3,289,16,High
2024-06-03 19:00:00,2,229,22,High
2024-06-03 20:00:00,3,211,11,High
2024-06-03 21:00:00,3,94,59,Low
2024-06-03 22:00:00,3,100,53,Low
2024-06-03 23:00:00,1,71,52,Low
2024-06-04 00:00:00,1,74,49,Low
2024-06-04 01:00:00,4,63,63,Low
2024-06-04 02:00:00,1,43,60,Low
2024-06-04 03:00:00,4,78,45,Low
2024-06-04 04:00:00,1,61,47,Low
2024-06-04 05:00:00,4,71,51,Low
2024-06-04 06:00:00,3,51,59,Low
2024-06-04 07:00:00,3,249,20,High
2024-06-04 08:00:00,1,267,18,High
2024-06-04 09:00:00,1,235,22,High
2024-06-04 10:00:00,2,287,12,High
2024-06-04 11:00:00,1,112,32,Medium
2024-06-04 12:00:00,3,136,31,Medium
2024-06-04 13:00:00,2,176,37,Medium
2024-06-04 14:00:00,2,178,39,Medium
2024-06-04 15:00:00,1,145,40,Medium
2024-06-04 16:00:00,3,134,39,Medium
2024-06-04 17:00:00,1,301,21,High
2024-06-04 18:00:00,2,301,22,High
2024-06-04 19:00:00,1,235,22,High
2024-06-04 20:00:00,1,324,23,High
2024-06-04 21:00:00,2,73,54,Low
2024-06-04 22:00:00,4,66,61,Low
2024-06-04 23:00:00,1,76,63,Low
2024-06-05 00:00:00,4,75,40,Low
2024-06-05 01:00:00,1,56,44,Low
2024-06-05 02:00:00,2,37,44,Low
2024-06-05 03:00:00,2,59,43,Low
2024-06-05 04:00:00,2,42,61,Low
2024-06-05 05:00:00,1,64,44,Low
2024-06-05 06:00:00,3,39,57,Low
2024-06-05 07:00:00,3,220,16,High
2024-06-05 08:00:00,4,345,24,High
2024-06-05 09:00:00,2,302,21,High
2024-06-05 10:00:00,1,296,12,High
2024-06-05 11:00:00,1,108,38,Medium
2024-06-05 12:00:00,2,163,29,Medium
2024-06-05 13:00:00,1,184,25,Medium
2024-06-05 14:00:00,4,144,26,Medium
2024-06-05 15:00:00,4,161,29,Medium
2024-06-05 16:00:00,1,167,33,Medium
2024-06-05 17:00:00,3,334,17,High
2024-06-05 18:00:00,3,271,12,High
2024-06-05 19:00:00,3,280,13,High
2024-06-05 20:00:00,4,240,14,High
2024-06-05 21:00:00,4,91,56,Low
2024-06-05 22:00:00,1,26,43,Low
2024-06-05 23:00:00,1,98,44,Low
2024-06-06 00:00:00,3,100,50,Low
2024-06-06 01:00:00,4,35,42,Low
2024-06-06 02:00:00,4,73,52,Low
2024-06-06 03:00:00,3,47,50,Low
2024-06-06 04:00:00,2,74,45,Low
2024-06-06 05:00:00,2,100,49,Low
2024-06-06 06:00:00,3,57,50,Low
2024-06-06 07:00:00,1,253,21,High
2024-06-06 08:00:00,4,255,24,High
2024-06-06 09:00:00,3,256,19,High
2024-06-06 10:00:00,4,325,20,High
2024-06-06 11:00:00,4,119,31,Medium
2024-06-06 12:00:00,4,180,32,Medium
2024-06-06 13:00:00,2,102,25,Medium
2024-06-06 14:00:00,2,151,36,Medium
2024-06-06 15:00:00,1,130,39,Medium
2024-06-06 16:00:00,2,112,40,Medium
2024-06-06 17:00:00,4,283,11,High
2024-06-06 18:00:00,4,339,18,High
2024-06-06 19:00:00,4,273,10,High
2024-06-06 20:00:00,3,326,20,High
2024-06-06 21:00:00,4,96,50,Low
2024-06-06 22:00:00,1,31,55,Low
2024-06-06 23:00:00,1,42,46,Low
2024-06-07 00:00:00,3,64,58,Low
2024-06-07 01:00:00,1,75,63,Low
2024-06-07 02:00:00,3,79,43,Low
2024-06-07 03:00:00,1,78,43,Low
2024-06-07 04:00:00,3,77,41,Low
2024-06-07 05:00:00,3,31,55,Low
2024-06-07 06:00:00,4,21,40,Low
2024-06-07 07:00:00,2,226,13,High
2024-06-07 08:00:00,2,337,15,High
2024-06-07 09:00:00,4,287,15,High
2024-06-07 10:00:00,2,325,15,High
2024-06-07 11:00:00,3,135,30,Medium
2024-06-07 12:00:00,3,188,32,Medium
2024-06-07 13:00:00,1,106,29,Medium
2024-06-07 14:00:00,2,141,38,Medium
2024-06-07 15:00:00,4,172,27,Medium
2024-06-07 16:00:00,4,171,33,Medium
2024-06-07 17:00:00,2,283,23,High
2024-06-07 18:00:00,3,324,23,High
2024-06-07 19:00:00,1,292,17,High
2024-06-07 20:00:00,1,338,10,High
2024-06-07 21:00:00,2,94,44,Low
2024-06-07 22:00:00,2,99,63,Low
2024-06-07 23:00:00,2,81,60,Low
2024-06-08 00:00:00,3,91,53,Low
2024-06-08 01:00:00,4,94,47,Low
2024-06-08 02:00:00,3,30,63,Low
2024-06-08 03:00:00,1,88,62,Low
2024-06-08 04:00:00,4,87,56,Low
2024-06-08 05:00:00,2,94,47,Low
2024-06-08 06:00:00,2,57,51,Low
2024-06-08 07:00:00,4,328,19,High
2024-06-08 08:00:00,1,204,18,High
2024-06-08 09:00:00,1,288,15,High
2024-06-08 10:00:00,2,349,23,High
2024-06-08 11:00:00,4,175,26,Medium
2024-06-08 12:00:00,3,125,27,Medium
2024-06-08 13:00:00,4,178,25,Medium
2024-06-08 14:00:00,2,150,28,Medium
2024-06-08 15:00:00,4,120,38,Medium
2024-06-08 16:00:00,2,182,32,Medium
2024-06-08 17:00:00,1,229,19,High
2024-06-08 18:00:00,4,335,11,High
2024-06-08 19:00:00,4,265,15,High
2024-06-08 20:00:00,1,304,10,High
2024-06-08 21:00:00,1,52,53,Low
2024-06-08 22:00:00,1,72,41,Low
2024-06-08 23:00:00,2,74,40,Low
2024-06-09 00:00:00,3,47,63,Low
2024-06-09 01:00:00,1,84,53,Low
2024-06-09 02:00:00,4,23,62,Low
2024-06-09 03:00:00,2,78,41,Low
2024-06-09 04:00:00,2,92,58,Low
2024-06-09 05:00:00,4,73,63,Low
2024-06-09 06:00:00,3,28,47,Low
2024-06-09 07:00:00,2,273,23,High
2024-06-09 08:00:00,2,273,21,High
2024-06-09 09:00:00,4,237,11,High
2024-06-09 10:00:00,2,290,19,High
2024-06-09 11:00:00,3,143,33,Medium
2024-06-09 12:00:00,3,110,38,Medium
2024-06-09 13:00:00,2,200,39,Medium
2024-06-09 14:00:00,3,165,34,Medium
2024-06-09 15:00:00,1,132,26,Medium
2024-06-09 16:00:00,3,121,33,Medium
2024-06-09 17:00:00,4,317,15,High
2024-06-09 18:00:00,2,271,20,High
2024-06-09 19:00:00,4,348,21,High
2024-06-09 20:00:00,3,218,10,High
2024-06-09 21:00:00,1,94,51,Low
2024-06-09 22:00:00,3,85,51,Low
2024-06-09 23:00:00,2,88,57,Low
2024-06-10 00:00:00,2,89,44,Low
2024-06-10 01:00:00,2,37,54,Low
2024-06-10 02:00:00,4,69,63,Low
2024-06-10 03:00:00,4,66,57,Low
2024-06-10 04:00:00,4,26,49,Low
2024-06-10 05:00:00,1,99,54,Low
2024-06-10 06:00:00,3,67,61,Low
2024-06-10 07:00:00,3,224,14,High
2024-06-10 08:00:00,1,229,12,High
2024-06-10 09:00:00,1,339,15,High
2024-06-10 10:00:00,2,279,10,High
2024-06-10 11:00:00,1,112,25,Medium
2024-06-10 12:00:00,1,199,39,Medium
2024-06-10 13:00:00,2,188,31,Medium
2024-06-10 14:00:00,3,169,33,Medium
2024-06-10 15:00:00,3,166,28,Medium
2024-06-10 16:00:00,2,185,39,Medium
2024-06-10 17:00:00,4,350,17,High
2024-06-10 18:00:00,3,214,12,High
2024-06-10 19:00:00,3,253,18,High
2024-06-10 20:00:00,2,215,25,High
2024-06-10 21:00:00,2,42,61,Low
2024-06-10 22:00:00,2,63,51,Low
2024-06-10 23:00:00,4,58,44,Low
2024-06-11 00:00:00,1,49,58,Low
2024-06-11 01:00:00,3,98,57,Low
2024-06-11 02:00:00,1,44,54,Low
2024-06-11 03:00:00,4,23,59,Low
2024-06-11 04:00:00,1,69,53,Low
2024-06-11 05:00:00,3,71,60,Low
2024-06-11 06:00:00,4,42,59,Low
2024-06-11 07:00:00,4,301,17,High
2024-06-11 08:00:00,3,221,18,High
2024-06-11 09:00:00,4,224,11,High
2024-06-11 10:00:00,4,255,25,High
2024-06-11 11:00:00,2,109,36,Medium
2024-06-11 12:00:00,3,106,26,Medium
2024-06-11 13:00:00,4,190,34,Medium
2024-06-11 14:00:00,4,122,31,Medium
2024-06-11 15:00:00,1,105,30,Medium
2024-06-11 16:00:00,3,138,32,Medium
2024-06-11 17:00:00,3,279,15,High
2024-06-11 18:00:00,1,282,21,High
2024-06-11 19:00:00,4,307,21,High
2024-06-11 20:00:00,3,276,19,High
2024-06-11 21:00:00,2,70,63,Low
2024-06-11 22:00:00,4,59,62,Low
2024-06-11 23:00:00,3,99,45,Low
2024-06-12 00:00:00,4,81,63,Low
2024-06-12 01:00:00,2,37,59,Low
2024-06-12 02:00:00,2,22,56,Low
2024-06-12 03:00:00,2,98,43,Low
2024-06-12 04:00:00,3,45,49,Low
2024-06-12 05:00:00,3,71,46,Low
2024-06-12 06:00:00,3,95,63,Low
2024-06-12 07:00:00,2,264,16,High
2024-06-12 08:00:00,3,214,20,High
2024-06-12 09:00:00,2,266,20,High
2024-06-12 10:00:00,2,233,20,High
2024-06-12 11:00:00,1,157,40,Medium
2024-06-12 12:00:00,4,158,30,Medium
2024-06-12 13:00:00,3,197,32,Medium
2024-06-12 14:00:00,2,113,30,Medium
2024-06-12 15:00:00,2,165,33,Medium
2024-06-12 16:00:00,1,112,38,Medium
2024-06-12 17:00:00,1,326,16,High
2024-06-12 18:00:00,4,215,22,High
2024-06-12 19:00:00,2,208,25,High
2024-06-12 20:00:00,2,214,17,High
2024-06-12 21:00:00,2,70,62,Low
2024-06-12 22:00:00,4,33,62,Low
2024-06-12 23:00:00,2,26,49,Low
2024-06-13 00:00:00,4,75,57,Low
2024-06-13 01:00:00,4,73,42,Low
2024-06-13 02:00:00,1,89,46,Low
2024-06-13 03:00:00,2,70,42,Low
2024-06-13 04:00:00,1,53,62,Low
2024-06-13 05:00:00,2,65,61,Low
2024-06-13 06:00:00,3,94,54,Low
2024-06-13 07:00:00,4,325,14,High
2024-06-13 08:00:00,4,292,24,High
2024-06-13 09:00:00,4,289,14,High
2024-06-13 10:00:00,4,312,14,High
2024-06-13 11:00:00,4,150,33,Medium
2024-06-13 12:00:00,4,192,40,Medium
2024-06-13 13:00:00,1,193,38,Medium
2024-06-13 14:00:00,4,155,32,Medium
2024-06-13 15:00:00,3,146,26,Medium
2024-06-13 16:00:00,4,134,28,Medium
2024-06-13 17:00:00,4,208,14,High
2024-06-13 18:00:00,3,232,13,High
2024-06-13 19:00:00,1,311,18,High
2024-06-13 20:00:00,4,305,15,High
2024-06-13 21:00:00,2,99,55,Low
2024-06-13 22:00:00,1,24,56,Low
2024-06-13 23:00:00,2,34,47,Low
2024-06-14 00:00:00,3,79,45,Low
2024-06-14 01:00:00,4,47,55,Low
2024-06-14 02:00:00,4,91,55,Low
2024-06-14 03:00:00,3,74,64,Low
2024-06-14 04:00:00,3,84,55,Low
2024-06-14 05:00:00,1,59,58,Low
2024-06-14 06:00:00,2,29,40,Low
2024-06-14 07:00:00,4,342,10,High
2024-06-14 08:00:00,3,347,16,High
2024-06-14 09:00:00,4,203,22,High
2024-06-14 10:00:00,4,267,16,High
2024-06-14 11:00:00,2,121,30,Medium
2024-06-14 12:00:00,2,139,40,Medium
2024-06-14 13:00:00,3,124,30,Medium
2024-06-14 14:00:00,4,120,32,Medium
2024-06-14 15:00:00,2,113,27,Medium
2024-06-14 16:00:00,4,120,36,Medium
2024-06-14 17:00:00,3,261,12,High
2024-06-14 18:00:00,3,345,18,High
2024-06-14 19:00:00,2,237,23,High
2024-06-14 20:00:00,3,256,22,High
2024-06-14 21:00:00,1,60,56,Low
2024-06-14 22:00:00,2,64,56,Low
2024-06-14 23:00:00,1,54,44,Low
2024-06-15 00:00:00,1,34,44,Low
2024-06-15 01:00:00,1,25,48,Low
2024-06-15 02:00:00,3,54,61,Low
2024-06-15 03:00:00,1,66,60,Low
2024-06-15 04:00:00,2,50,43,Low
2024-06-15 05:00:00,2,83,49,Low
2024-06-15 06:00:00,1,86,41,Low
2024-06-15 07:00:00,2,203,12,High
2024-06-15 08:00:00,3,210,19,High
2024-06-15 09:00:00,2,233,11,High
2024-06-15 10:00:00,1,204,17,High
2024-06-15 11:00:00,1,176,40,Medium
2024-06-15 12:00:00,3,102,26,Medium
2024-06-15 13:00:00,2,153,29,Medium
2024-06-15 14:00:00,3,123,32,Medium
2024-06-15 15:00:00,3,134,28,Medium
2024-06-15 16:00:00,4,112,33,Medium
2024-06-15 17:00:00,1,318,14,High
2024-06-15 18:00:00,1,316,21,High
2024-06-15 19:00:00,3,272,13,High
2024-06-15 20:00:00,1,287,19,High
2024-06-15 21:00:00,4,48,54,Low
2024-06-15 22:00:00,1,73,51,Low
2024-06-15 23:00:00,2,44,51,Low
2024-06-16 00:00:00,4,71,54,Low
2024-06-16 01:00:00,1,71,64,Low
2024-06-16 02:00:00,2,35,62,Low
2024-06-16 03:00:00,1,63,55,Low
2024-06-16 04:00:00,3,96,64,Low
2024-06-16 05:00:00,2,32,51,Low
2024-06-16 06:00:00,4,29,50,Low
2024-06-16 07:00:00,1,259,12,High
2024-06-16 08:00:00,1,288,24,High
2024-06-16 09:00:00,2,223,19,High
2024-06-16 10:00:00,1,210,20,High
2024-06-16 11:00:00,1,132,31,Medium
2024-06-16 12:00:00,1,182,26,Medium
2024-06-16 13:00:00,3,125,39,Medium
2024-06-16 14:00:00,3,163,39,Medium
2024-06-16 15:00:00,1,191,30,Medium
2024-06-16 16:00:00,3,154,37,Medium
2024-06-16 17:00:00,1,319,21,High
2024-06-16 18:00:00,3,293,17,High
2024-06-16 19:00:00,4,326,24,High
2024-06-16 20:00:00,3,272,10,High
2024-06-16 21:00:00,1,46,56,Low
2024-06-16 22:00:00,4,81,41,Low
2024-06-16 23:00:00,1,79,47,Low
2024-06-17 00:00:00,3,97,54,Low
2024-06-17 01:00:00,4,24,43,Low
2024-06-17 02:00:00,1,72,40,Low
2024-06-17 03:00:00,1,92,43,Low
2024-06-17 04:00:00,4,69,47,Low
2024-06-17 05:00:00,1,24,61,Low
2024-06-17 06:00:00,1,89,51,Low
2024-06-17 07:00:00,1,285,13,High
2024-06-17 08:00:00,1,347,21,High
2024-06-17 09:00:00,1,334,12,High
2024-06-17 10:00:00,4,319,19,High
2024-06-17 11:00:00,2,185,30,Medium
2024-06-17 12:00:00,2,110,27,Medium
2024-06-17 13:00:00,4,200,40,Medium
2024-06-17 14:00:00,3,188,25,Medium
2024-06-17 15:00:00,4,179,37,Medium
2024-06-17 16:00:00,4,187,39,Medium
2024-06-17 17:00:00,1,267,15,High
2024-06-17 18:00:00,3,272,13,High
2024-06-17 19:00:00,2,321,14,High
2024-06-17 20:00:00,4,322,16,High
2024-06-17 21:00:00,3,95,62,Low
2024-06-17 22:00:00,1,76,44,Low
2024-06-17 23:00:00,2,24,44,Low
2024-06-18 00:00:00,4,97,42,Low
2024-06-18 01:00:00,1,40,57,Low
2024-06-18 02:00:00,4,26,60,Low
2024-06-18 03:00:00,2,75,65,Low
2024-06-18 04:00:00,2,74,64,Low
2024-06-18 05:00:00,3,21,45,Low
2024-06-18 06:00:00,2,52,47,Low
2024-06-18 07:00:00,2,297,24,High
2024-06-18 08:00:00,3,226,11,High
2024-06-18 09:00:00,1,201,12,High
2024-06-18 10:00:00,2,244,14,High
2024-06-18 11:00:00,4,130,34,Medium
2024-06-18 12:00:00,3,150,39,Medium
2024-06-18 13:00:00,4,146,31,Medium
2024-06-18 14:00:00,3,133,32,Medium
2024-06-18 15:00:00,3,169,26,Medium
2024-06-18 16:00:00,4,198,25,Medium
2024-06-18 17:00:00,1,335,19,High
2024-06-18 18:00:00,2,277,10,High
2024-06-18 19:00:00,3,243,19,High
2024-06-18 20:00:00,3,204,21,High
2024-06-18 21:00:00,1,86,41,Low
2024-06-18 22:00:00,1,45,42,Low
2024-06-18 23:00:00,1,55,49,Low
2024-06-19 00:00:00,4,30,49,Low
2024-06-19 01:00:00,1,85,43,Low
2024-06-19 02:00:00,2,21,44,Low
2024-06-19 03:00:00,1,30,52,Low
2024-06-19 04:00:00,1,89,62,Low
2024-06-19 05:00:00,4,49,54,Low
2024-06-19 06:00:00,2,83,56,Low
2024-06-19 07:00:00,1,262,19,High
2024-06-19 08:00:00,4,286,21,High
2024-06-19 09:00:00,3,296,13,High
2024-06-19 10:00:00,4,276,20,High
2024-06-19 11:00:00,4,131,39,Medium
2024-06-19 12:00:00,4,160,35,Medium
2024-06-19 13:00:00,1,151,34,Medium
2024-06-19 14:00:00,2,102,25,Medium
2024-06-19 15:00:00,4,105,40,Medium
2024-06-19 16:00:00,2,190,30,Medium
2024-06-19 17:00:00,4,250,11,High
2024-06-19 18:00:00,3,277,23,High
2024-06-19 19:00:00,4,342,25,High
2024-06-19 20:00:00,2,215,25,High
2024-06-19 21:00:00,3,81,46,Low
2024-06-19 22:00:00,1,23,46,Low
2024-06-19 23:00:00,4,61,53,Low
2024-06-20 00:00:00,2,34,63,Low
2024-06-20 01:00:00,2,44,59,Low
2024-06-20 02:00:00,1,88,51,Low
2024-06-20 03:00:00,2,95,56,Low
2024-06-20 04:00:00,1,58,50,Low
2024-06-20 05:00:00,1,86,53,Low
2024-06-20 06:00:00,1,28,57,Low
2024-06-20 07:00:00,1,309,10,High
2024-06-20 08:00:00,1,258,15,High
2024-06-20 09:00:00,1,318,15,High
2024-06-20 10:00:00,3,333,14,High
2024-06-20 11:00:00,3,129,36,Medium
2024-06-20 12:00:00,2,120,28,Medium
2024-06-20 13:00:00,1,174,26,Medium
2024-06-20 14:00:00,2,147,35,Medium
2024-06-20 15:00:00,4,187,26,Medium
2024-06-20 16:00:00,2,108,27,Medium
2024-06-20 17:00:00,3,280,18,High
2024-06-20 18:00:00,4,349,25,High
2024-06-20 19:00:00,3,328,21,High
2024-06-20 20:00:00,2,334,17,High
2024-06-20 21:00:00,3,26,45,Low
2024-06-20 22:00:00,1,57,49,Low
2024-06-20 23:00:00,2,68,60,Low
2024-06-21 00:00:00,2,95,52,Low
2024-06-21 01:00:00,1,35,41,Low
2024-06-21 02:00:00,4,40,58,Low
2024-06-21 03:00:00,1,26,60,Low
2024-06-21 04:00:00,1,26,43,Low
2024-06-21 05:00:00,3,39,45,Low
2024-06-21 06:00:00,2,69,64,Low
2024-06-21 07:00:00,2,261,25,High
2024-06-21 08:00:00,3,265,17,High
2024-06-21 09:00:00,2,291,21,High
2024-06-21 10:00:00,1,314,16,High
2024-06-21 11:00:00,4,124,26,Medium
2024-06-21 12:00:00,4,158,26,Medium
2024-06-21 13:00:00,4,183,31,Medium
2024-06-21 14:00:00,1,171,36,Medium
2024-06-21 15:00:00,3,143,39,Medium
2024-06-21 16:00:00,3,157,40,Medium
2024-06-21 17:00:00,1,320,24,High
2024-06-21 18:00:00,2,222,11,High
2024-06-21 19:00:00,2,283,13,High
2024-06-21 20:00:00,3,205,16,High
2024-06-21 21:00:00,3,64,52,Low
2024-06-21 22:00:00,2,48,43,Low
2024-06-21 23:00:00,3,78,57,Low
2024-06-22 00:00:00,4,45,45,Low
2024-06-22 01:00:00,2,61,60,Low
2024-06-22 02:00:00,3,89,42,Low
2024-06-22 03:00:00,4,50,42,Low
2024-06-22 04:00:00,4,24,58,Low
2024-06-22 05:00:00,1,24,60,Low
2024-06-22 06:00:00,1,58,50,Low
2024-06-22 07:00:00,3,342,24,High
2024-06-22 08:00:00,2,207,18,High
2024-06-22 09:00:00,4,316,22,High
2024-06-22 10:00:00,2,231,20,High
2024-06-22 11:00:00,4,144,34,Medium
2024-06-22 12:00:00,1,137,36,Medium
2024-06-22 13:00:00,2,152,38,Medium
2024-06-22 14:00:00,3,137,34,Medium
2024-06-22 15:00:00,4,132,28,Medium
2024-06-22 16:00:00,2,181,35,Medium
2024-06-22 17:00:00,2,265,11,High
2024-06-22 18:00:00,4,205,19,High
2024-06-22 19:00:00,1,287,24,High
2024-06-22 20:00:00,1,308,18,High
2024-06-22 21:00:00,3,71,49,Low
2024-06-22 22:00:00,3,71,41,Low
2024-06-22 23:00:00,4,54,61,Low
2024-06-23 00:00:00,4,43,43,Low
2024-06-23 01:00:00,4,62,50,Low
2024-06-23 02:00:00,3,98,60,Low
2024-06-23 03:00:00,1,42,63,Low
2024-06-23 04:00:00,4,74,44,Low
2024-06-23 05:00:00,1,83,61,Low
2024-06-23 06:00:00,2,71,44,Low
2024-06-23 07:00:00,4,234,25,High
2024-06-23 08:00:00,4,223,10,High
2024-06-23 09:00:00,2,342,11,High
2024-06-23 10:00:00,3,232,21,High
2024-06-23 11:00:00,1,187,32,Medium
2024-06-23 12:00:00,2,196,25,Medium
2024-06-23 13:00:00,4,151,30,Medium
2024-06-23 14:00:00,1,192,28,Medium
2024-06-23 15:00:00,2,133,39,Medium
2024-06-23 16:00:00,4,156,26,Medium
2024-06-23 17:00:00,2,321,18,High
2024-06-23 18:00:00,3,215,15,High
2024-06-23 19:00:00,1,255,21,High
2024-06-23 20:00:00,2,328,12,High
2024-06-23 21:00:00,4,69,63,Low
2024-06-23 22:00:00,4,44,59,Low
2024-06-23 23:00:00,2,60,57,Low
2024-06-24 00:00:00,3,69,44,Low
2024-06-24 01:00:00,1,82,62,Low
2024-06-24 02:00:00,3,38,41,Low
2024-06-24 03:00:00,1,21,65,Low
2024-06-24 04:00:00,3,32,44,Low
2024-06-24 05:00:00,3,33,40,Low
2024-06-24 06:00:00,1,68,51,Low
2024-06-24 07:00:00,3,341,20,High
2024-06-24 08:00:00,4,280,10,High
2024-06-24 09:00:00,1,253,24,High
2024-06-24 10:00:00,3,345,23,High
2024-06-24 11:00:00,2,161,30,Medium
2024-06-24 12:00:00,1,191,27,Medium
2024-06-24 13:00:00,4,103,37,Medium
2024-06-24 14:00:00,3,103,26,Medium
2024-06-24 15:00:00,1,111,27,Medium
2024-06-24 16:00:00,3,139,37,Medium
2024-06-24 17:00:00,4,322,17,High
2024-06-24 18:00:00,1,261,22,High
2024-06-24 19:00:00,2,305,10,High
2024-06-24 20:00:00,4,344,22,High
2024-06-24 21:00:00,4,97,50,Low
2024-06-24 22:00:00,1,95,58,Low
2024-06-24 23:00:00,1,51,62,Low
2024-06-25 00:00:00,3,58,41,Low
2024-06-25 01:00:00,2,88,43,Low
2024-06-25 02:00:00,4,29,64,Low
2024-06-25 03:00:00,3,86,44,Low
2024-06-25 04:00:00,1,56,64,Low
2024-06-25 05:00:00,3,94,41,Low
2024-06-25 06:00:00,1,89,62,Low
2024-06-25 07:00:00,1,271,23,High
2024-06-25 08:00:00,2,201,18,High
2024-06-25 09:00:00,2,248,18,High
2024-06-25 10:00:00,4,334,16,High
2024-06-25 11:00:00,3,121,37,Medium
2024-06-25 12:00:00,4,117,38,Medium
2024-06-25 13:00:00,3,133,31,Medium
2024-06-25 14:00:00,3,197,32,Medium
2024-06-25 15:00:00,3,176,27,Medium
2024-06-25 16:00:00,4,188,27,Medium
2024-06-25 17:00:00,1,233,12,High
2024-06-25 18:00:00,4,256,15,High
2024-06-25 19:00:00,1,247,13,High
2024-06-25 20:00:00,1,328,20,High
2024-06-25 21:00:00,1,24,60,Low
2024-06-25 22:00:00,3,89,50,Low
2024-06-25 23:00:00,2,75,65,Low
2024-06-26 00:00:00,3,68,54,Low
2024-06-26 01:00:00,3,77,63,Low
2024-06-26 02:00:00,3,24,43,Low
2024-06-26 03:00:00,2,43,58,Low
2024-06-26 04:00:00,4,91,57,Low
2024-06-26 05:00:00,1,21,46,Low
2024-06-26 06:00:00,1,34,53,Low
2024-06-26 07:00:00,4,245,17,High
2024-06-26 08:00:00,1,216,22,High
2024-06-26 09:00:00,1,249,18,High
2024-06-26 10:00:00,4,256,20,High
2024-06-26 11:00:00,4,103,30,Medium
2024-06-26 12:00:00,3,114,25,Medium
2024-06-26 13:00:00,3,126,30,Medium
2024-06-26 14:00:00,4,135,40,Medium
2024-06-26 15:00:00,1,177,28,Medium
2024-06-26 16:00:00,3,137,28,Medium
2024-06-26 17:00:00,2,235,21,High
2024-06-26 18:00:00,1,321,22,High
2024-06-26 19:00:00,4,274,17,High
2024-06-26 20:00:00,4,324,23,High
2024-06-26 21:00:00,2,23,44,Low
2024-06-26 22:00:00,3,33,40,Low
2024-06-26 23:00:00,3,72,59,Low
2024-06-27 00:00:00,1,46,65,Low
2024-06-27 01:00:00,4,96,50,Low
2024-06-27 02:00:00,4,97,60,Low
2024-06-27 03:00:00,3,42,60,Low
2024-06-27 04:00:00,3,55,59,Low
2024-06-27 05:00:00,4,41,47,Low
2024-06-27 06:00:00,1,49,46,Low
2024-06-27 07:00:00,1,228,17,High
2024-06-27 08:00:00,4,257,15,High
2024-06-27 09:00:00,1,253,24,High
2024-06-27 10:00:00,4,334,14,High
2024-06-27 11:00:00,2,134,38,Medium
2024-06-27 12:00:00,1,121,25,Medium
2024-06-27 13:00:00,1,113,39,Medium
2024-06-27 14:00:00,4,118,27,Medium
2024-06-27 15:00:00,4,189,39,Medium
2024-06-27 16:00:00,2,114,36,Medium
2024-06-27 17:00:00,4,318,25,High
2024-06-27 18:00:00,2,337,16,High
2024-06-27 19:00:00,2,277,25,High
2024-06-27 20:00:00,2,260,18,High
2024-06-27 21:00:00,3,81,45,Low
2024-06-27 22:00:00,1,65,41,Low
2024-06-27 23:00:00,1,69,64,Low
2024-06-28 00:00:00,3,52,55,Low
2024-06-28 01:00:00,4,33,58,Low
2024-06-28 02:00:00,2,98,63,Low
2024-06-28 03:00:00,4,54,40,Low
2024-06-28 04:00:00,3,58,41,Low
2024-06-28 05:00:00,4,36,52,Low
2024-06-28 06:00:00,3,73,47,Low
2024-06-28 07:00:00,4,337,14,High
2024-06-28 08:00:00,4,292,15,High
2024-06-28 09:00:00,4,301,22,High
2024-06-28 10:00:00,3,342,17,High
2024-06-28 11:00:00,2,109,26,Medium
2024-06-28 12:00:00,3,181,31,Medium
2024-06-28 13:00:00,2,157,36,Medium
2024-06-28 14:00:00,1,109,40,Medium
2024-06-28 15:00:00,1,164,28,Medium
2024-06-28 16:00:00,2,137,25,Medium
2024-06-28 17:00:00,3,243,25,High
2024-06-28 18:00:00,2,328,10,High
2024-06-28 19:00:00,4,233,10,High
2024-06-28 20:00:00,4,281,19,High
2024-06-28 21:00:00,4,53,40,Low
2024-06-28 22:00:00,1,36,44,Low
2024-06-28 23:00:00,1,51,43,Low
2024-06-29 00:00:00,2,91,61,Low
2024-06-29 01:00:00,2,83,63,Low
2024-06-29 02:00:00,4,33,58,Low
2024-06-29 03:00:00,1,55,59,Low
2024-06-29 04:00:00,1,80,65,Low
2024-06-29 05:00:00,2,24,43,Low
2024-06-29 06:00:00,2,20,42,Low
2024-06-29 07:00:00,4,322,14,High
2024-06-29 08:00:00,1,237,23,High
2024-06-29 09:00:00,2,287,17,High
2024-06-29 10:00:00,1,212,21,High
2024-06-29 11:00:00,1,171,33,Medium
2024-06-29 12:00:00,1,134,28,Medium
2024-06-29 13:00:00,1,105,31,Medium
2024-06-29 14:00:00,3,112,33,Medium
2024-06-29 15:00:00,3,156,35,Medium
2024-06-29 16:00:00,2,137,36,Medium
2024-06-29 17:00:00,2,331,11,High
2024-06-29 18:00:00,4,322,20,High
2024-06-29 19:00:00,4,331,13,High
2024-06-29 20:00:00,2,340,11,High
2024-06-29 21:00:00,2,63,47,Low
2024-06-29 22:00:00,4,38,61,Low
2024-06-29 23:00:00,1,97,61,Low
2024-06-30 00:00:00,4,20,42,Low
2024-06-30 01:00:00,1,31,51,Low
2024-06-30 02:00:00,2,98,62,Low
2024-06-30 03:00:00,3,36,51,Low
2024-06-30 04:00:00,2,54,59,Low
2024-06-30 05:00:00,2,34,45,Low
2024-06-30 06:00:00,1,46,49,Low
2024-06-30 07:00:00,2,272,21,High
2024-06-30 08:00:00,3,256,12,High
2024-06-30 09:00:00,3,297,20,High
2024-06-30 10:00:00,3,268,15,High
2024-06-30 11:00:00,3,166,33,Medium
2024-06-30 12:00:00,4,157,36,Medium
2024-06-30 13:00:00,4,140,26,Medium
2024-06-30 14:00:00,4,137,32,Medium
2024-06-30 15:00:00,4,162,38,Medium
2024-06-30 16:00:00,3,173,34,Medium
2024-06-30 17:00:00,3,256,14,High
2024-06-30 18:00:00,1,224,16,High
2024-06-30 19:00:00,4,261,10,High
2024-06-30 20:00:00,3,311,21,High
2024-06-30 21:00:00,1,20,56,Low
2024-06-30 22:00:00,4,53,42,Low
2024-06-30 23:00:00,1,62,49,Low
2024-07-01 00:00:00,2,71,43,Low
2024-07-01 01:00:00,3,54,48,Low
2024-07-01 02:00:00,3,69,51,Low
2024-07-01 03:00:00,4,90,50,Low
2024-07-01 04:00:00,2,45,57,Low
2024-07-01 05:00:00,1,62,51,Low
2024-07-01 06:00:00,2,30,52,Low
2024-07-01 07:00:00,4,301,18,High
2024-07-01 08:00:00,4,301,17,High
2024-07-01 09:00:00,2,219,24,High
2024-07-01 10:00:00,2,324,18,High
2024-07-01 11:00:00,3,144,33,Medium
2024-07-01 12:00:00,4,131,31,Medium
2024-07-01 13:00:00,1,136,31,Medium
2024-07-01 14:00:00,2,185,27,Medium
2024-07-01 15:00:00,2,148,40,Medium
2024-07-01 16:00:00,4,164,33,Medium
2024-07-01 17:00:00,2,348,18,High
2024-07-01 18:00:00,1,341,16,High
2024-07-01 19:00:00,2,329,22,High
2024-07-01 20:00:00,3,272,12,High
2024-07-01 21:00:00,4,32,47,Low
2024-07-01 22:00:00,4,65,49,Low
2024-07-01 23:00:00,1,73,54,Low
2024-07-02 00:00:00,3,67,63,Low
2024-07-02 01:00:00,4,36,56,Low
2024-07-02 02:00:00,3,62,64,Low
2024-07-02 03:00:00,4,96,43,Low
2024-07-02 04:00:00,2,59,48,Low
2024-07-02 05:00:00,1,59,57,Low
2024-07-02 06:00:00,3,87,57,Low
2024-07-02 07:00:00,2,229,15,High
2024-07-02 08:00:00,1,245,16,High
2024-07-02 09:00:00,3,331,18,High
2024-07-02 10:00:00,2,223,18,High
2024-07-02 11:00:00,2,138,38,Medium
2024-07-02 12:00:00,4,190,29,Medium
2024-07-02 13:00:00,1,119,37,Medium
2024-07-02 14:00:00,3,161,27,Medium
2024-07-02 15:00:00,2,151,31,Medium
2024-07-02 16:00:00,2,127,37,Medium
2024-07-02 17:00:00,2,293,23,High
2024-07-02 18:00:00,3,277,15,High
2024-07-02 19:00:00,4,238,16,High
2024-07-02 20:00:00,3,206,14,High
2024-07-02 21:00:00,2,91,46,Low
2024-07-02 22:00:00,3,99,65,Low
2024-07-02 23:00:00,3,85,65,Low
2024-07-03 00:00:00,4,26,62,Low
2024-07-03 01:00:00,2,47,60,Low
2024-07-03 02:00:00,3,78,61,Low
2024-07-03 03:00:00,2,59,47,Low
2024-07-03 04:00:00,2,52,47,Low
2024-07-03 05:00:00,4,43,42,Low
2024-07-03 06:00:00,4,51,55,Low
2024-07-03 07:00:00,2,299,20,High
2024-07-03 08:00:00,4,299,15,High
2024-07-03 09:00:00,3,299,13,High
2024-07-03 10:00:00,2,204,14,High
2024-07-03 11:00:00,3,145,32,Medium
2024-07-03 12:00:00,4,186,36,Medium
2024-07-03 13:00:00,1,161,30,Medium
2024-07-03 14:00:00,4,179,31,Medium
2024-07-03 15:00:00,4,108,28,Medium
2024-07-03 16:00:00,4,129,25,Medium
2024-07-03 17:00:00,1,346,20,High
2024-07-03 18:00:00,1,331,13,High
2024-07-03 19:00:00,2,264,14,High
2024-07-03 20:00:00,4,247,16,High
2024-07-03 21:00:00,4,86,57,Low
2024-07-03 22:00:00,3,21,55,Low
2024-07-03 23:00:00,1,60,64,Low
2024-07-04 00:00:00,2,40,63,Low
2024-07-04 01:00:00,4,83,40,Low
2024-07-04 02:00:00,4,76,56,Low
2024-07-04 03:00:00,3,20,60,Low
2024-07-04 04:00:00,3,75,64,Low
2024-07-04 05:00:00,4,39,49,Low
2024-07-04 06:00:00,4,77,48,Low
2024-07-04 07:00:00,3,341,24,High
2024-07-04 08:00:00,3,218,19,High
2024-07-04 09:00:00,4,323,24,High
2024-07-04 10:00:00,2,254,11,High
2024-07-04 11:00:00,2,116,35,Medium
2024-07-04 12:00:00,3,170,40,Medium
2024-07-04 13:00:00,2,100,32,Medium
2024-07-04 14:00:00,3,134,35,Medium
2024-07-04 15:00:00,3,115,38,Medium
2024-07-04 16:00:00,1,162,28,Medium
2024-07-04 17:00:00,4,250,13,High
2024-07-04 18:00:00,4,325,12,High
2024-07-04 19:00:00,2,301,10,High
2024-07-04 20:00:00,1,258,13,High
2024-07-04 21:00:00,1,22,44,Low
2024-07-04 22:00:00,3,94,45,Low
2024-07-04 23:00:00,3,41,63,Low
2024-07-05 00:00:00,3,25,50,Low
2024-07-05 01:00:00,1,68,41,Low
2024-07-05 02:00:00,2,95,64,Low
2024-07-05 03:00:00,2,97,40,Low
2024-07-05 04:00:00,3,87,46,Low
2024-07-05 05:00:00,3,93,45,Low
2024-07-05 06:00:00,3,23,54,Low
2024-07-05 07:00:00,2,274,22,High
2024-07-05 08:00:00,4,252,16,High
2024-07-05 09:00:00,1,339,11,High
2024-07-05 10:00:00,4,290,23,High
2024-07-05 11:00:00,1,136,35,Medium
2024-07-05 12:00:00,1,159,31,Medium
2024-07-05 13:00:00,2,128,39,Medium
2024-07-05 14:00:00,2,191,28,Medium
2024-07-05 15:00:00,2,133,26,Medium
2024-07-05 16:00:00,1,158,27,Medium
2024-07-05 17:00:00,2,318,14,High
2024-07-05 18:00:00,4,293,10,High
2024-07-05 19:00:00,4,332,19,High
2024-07-05 20:00:00,4,252,12,High
2024-07-05 21:00:00,3,83,63,Low
2024-07-05 22:00:00,1,84,52,Low
2024-07-05 23:00:00,1,32,59,Low
2024-07-06 00:00:00,4,87,61,Low
2024-07-06 01:00:00,4,22,43,Low
2024-07-06 02:00:00,3,90,43,Low
2024-07-06 03:00:00,1,58,48,Low
2024-07-06 04:00:00,4,23,61,Low
2024-07-06 05:00:00,3,40,55,Low
2024-07-06 06:00:00,3,53,40,Low
2024-07-06 07:00:00,1,338,14,High
2024-07-06 08:00:00,2,268,16,High
2024-07-06 09:00:00,1,339,25,High
2024-07-06 10:00:00,2,285,17,High
2024-07-06 11:00:00,3,197,40,Medium
2024-07-06 12:00:00,2,152,34,Medium
2024-07-06 13:00:00,1,197,26,Medium
2024-07-06 14:00:00,2,133,39,Medium
2024-07-06 15:00:00,3,137,40,Medium
2024-07-06 16:00:00,1,193,36,Medium
2024-07-06 17:00:00,4,333,13,High
2024-07-06 18:00:00,4,203,17,High
2024-07-06 19:00:00,2,312,23,High
2024-07-06 20:00:00,1,223,10,High
2024-07-06 21:00:00,1,66,51,Low
2024-07-06 22:00:00,1,86,61,Low
2024-07-06 23:00:00,4,30,57,Low
2024-07-07 00:00:00,3,42,51,Low
2024-07-07 01:00:00,4,68,61,Low
2024-07-07 02:00:00,2,86,42,Low
2024-07-07 03:00:00,4,23,41,Low
2024-07-07 04:00:00,3,82,52,Low
2024-07-07 05:00:00,1,77,50,Low
2024-07-07 06:00:00,2,78,65,Low
2024-07-07 07:00:00,4,210,19,High
2024-07-07 08:00:00,1,269,14,High
2024-07-07 09:00:00,1,298,17,High
2024-07-07 10:00:00,1,345,11,High
2024-07-07 11:00:00,3,166,26,Medium
2024-07-07 12:00:00,3,163,32,Medium
2024-07-07 13:00:00,3,135,29,Medium
2024-07-07 14:00:00,1,128,34,Medium
2024-07-07 15:00:00,2,166,32,Medium
2024-07-07 16:00:00,2,171,32,Medium
2024-07-07 17:00:00,4,288,18,High
2024-07-07 18:00:00,1,303,21,High
2024-07-07 19:00:00,4,289,10,High
2024-07-07 20:00:00,2,347,11,High
2024-07-07 21:00:00,1,72,40,Low
2024-07-07 22:00:00,1,33,50,Low
2024-07-07 23:00:00,1,87,47,Low
2024-07-08 00:00:00,4,100,54,Low
2024-07-08 01:00:00,4,82,40,Low
2024-07-08 02:00:00,3,75,65,Low
2024-07-08 03:00:00,1,37,62,Low
2024-07-08 04:00:00,3,90,57,Low
2024-07-08 05:00:00,1,24,53,Low
2024-07-08 06:00:00,2,30,54,Low
2024-07-08 07:00:00,1,323,17,High
2024-07-08 08:00:00,1,230,20,High
2024-07-08 09:00:00,1,220,19,High
2024-07-08 10:00:00,3,310,22,High
2024-07-08 11:00:00,3,145,38,Medium
2024-07-08 12:00:00,4,200,36,Medium
2024-07-08 13:00:00,2,163,35,Medium
2024-07-08 14:00:00,2,155,28,Medium
2024-07-08 15:00:00,4,157,30,Medium
2024-07-08 16:00:00,2,196,38,Medium
2024-07-08 17:00:00,1,318,20,High
2024-07-08 18:00:00,2,219,17,High
2024-07-08 19:00:00,3,247,23,High
2024-07-08 20:00:00,1,256,17,High
2024-07-08 21:00:00,2,70,63,Low
2024-07-08 22:00:00,3,98,61,Low
2024-07-08 23:00:00,2,99,49,Low
2024-07-09 00:00:00,4,94,49,Low
2024-07-09 01:00:00,1,60,61,Low
2024-07-09 02:00:00,4,20,45,Low
2024-07-09 03:00:00,1,58,60,Low
2024-07-09 04:00:00,2,44,48,Low
2024-07-09 05:00:00,2,59,52,Low
2024-07-09 06:00:00,3,51,50,Low
2024-07-09 07:00:00,2,240,21,High
2024-07-09 08:00:00,3,330,18,High
2024-07-09 09:00:00,3,267,11,High
2024-07-09 10:00:00,2,294,13,High
2024-07-09 11:00:00,3,139,31,Medium
2024-07-09 12:00:00,4,118,37,Medium
2024-07-09 13:00:00,1,163,34,Medium
2024-07-09 14:00:00,1,180,28,Medium
2024-07-09 15:00:00,4,102,40,Medium
2024-07-09 16:00:00,1,164,37,Medium
2024-07-09 17:00:00,4,286,17,High
2024-07-09 18:00:00,1,327,21,High
2024-07-09 19:00:00,1,277,15,High
2024-07-09 20:00:00,2,344,20,High
2024-07-09 21:00:00,3,62,60,Low
2024-07-09 22:00:00,1,94,51,Low
2024-07-09 23:00:00,4,83,42,Low
2024-07-10 00:00:00,4,95,57,Low
2024-07-10 01:00:00,3,83,47,Low
2024-07-10 02:00:00,2,90,41,Low
2024-07-10 03:00:00,3,62,59,Low
2024-07-10 04:00:00,1,30,41,Low
2024-07-10 05:00:00,4,52,65,Low
2024-07-10 06:00:00,2,77,55,Low
2024-07-10 07:00:00,3,231,17,High
2024-07-10 08:00:00,2,320,18,High
2024-07-10 09:00:00,1,331,18,High
2024-07-10 10:00:00,4,311,24,High
2024-07-10 11:00:00,3,121,27,Medium
2024-07-10 12:00:00,4,182,34,Medium
2024-07-10 13:00:00,2,115,28,Medium
2024-07-10 14:00:00,2,200,26,Medium
2024-07-10 15:00:00,1,174,34,Medium
2024-07-10 16:00:00,3,157,33,Medium
2024-07-10 17:00:00,2,205,18,High
2024-07-10 18:00:00,4,310,11,High
2024-07-10 19:00:00,1,263,24,High
2024-07-10 20:00:00,2,207,21,High
2024-07-10 21:00:00,2,21,59,Low
2024-07-10 22:00:00,3,20,60,Low
2024-07-10 23:00:00,2,55,63,Low
2024-07-11 00:00:00,1,24,40,Low
2024-07-11 01:00:00,3,78,45,Low
2024-07-11 02:00:00,4,42,44,Low
2024-07-11 03:00:00,2,36,54,Low
2024-07-11 04:00:00,2,60,52,Low
2024-07-11 05:00:00,2,75,56,Low
2024-07-11 06:00:00,2,75,45,Low
2024-07-11 07:00:00,4,315,14,High
2024-07-11 08:00:00,4,275,19,High
2024-07-11 09:00:00,1,214,11,High
2024-07-11 10:00:00,3,222,23,High
2024-07-11 11:00:00,2,143,27,Medium
2024-07-11 12:00:00,4,134,30,Medium
2024-07-11 13:00:00,2,116,26,Medium
2024-07-11 14:00:00,4,112,30,Medium
2024-07-11 15:00:00,3,123,39,Medium
2024-07-11 16:00:00,2,169,32,Medium
2024-07-11 17:00:00,4,202,11,High
2024-07-11 18:00:00,3,247,19,High
2024-07-11 19:00:00,2,233,14,High
2024-07-11 20:00:00,1,237,20,High
2024-07-11 21:00:00,4,81,47,Low
2024-07-11 22:00:00,3,44,61,Low
2024-07-11 23:00:00,1,88,58,Low
2024-07-12 00:00:00,3,28,55,Low
2024-07-12 01:00:00,2,22,55,Low
2024-07-12 02:00:00,2,36,58,Low
2024-07-12 03:00:00,3,77,40,Low
2024-07-12 04:00:00,2,36,56,Low
2024-07-12 05:00:00,3,52,51,Low
2024-07-12 06:00:00,3,37,59,Low
2024-07-12 07:00:00,2,272,13,High
2024-07-12 08:00:00,3,345,25,High
2024-07-12 09:00:00,4,255,25,High
2024-07-12 10:00:00,4,265,24,High
2024-07-12 11:00:00,3,104,39,Medium
2024-07-12 12:00:00,1,138,37,Medium
2024-07-12 13:00:00,4,185,34,Medium
2024-07-12 14:00:00,2,119,32,Medium
2024-07-12 15:00:00,3,101,29,Medium
2024-07-12 16:00:00,4,111,38,Medium
2024-07-12 17:00:00,4,203,24,High
2024-07-12 18:00:00,1,295,14,High
2024-07-12 19:00:00,2,259,14,High
2024-07-12 20:00:00,4,250,25,High
2024-07-12 21:00:00,2,45,63,Low
2024-07-12 22:00:00,4,32,44,Low
2024-07-12 23:00:00,3,28,50,Low
2024-07-13 00:00:00,3,20,42,Low
2024-07-13 01:00:00,2,73,43,Low
2024-07-13 02:00:00,1,31,60,Low
2024-07-13 03:00:00,3,32,40,Low
2024-07-13 04:00:00,4,29,52,Low
2024-07-13 05:00:00,2,33,54,Low
2024-07-13 06:00:00,1,62,41,Low
2024-07-13 07:00:00,1,322,20,High
2024-07-13 08:00:00,2,256,12,High
2024-07-13 09:00:00,3,219,21,High
2024-07-13 10:00:00,4,219,14,High
2024-07-13 11:00:00,1,124,36,Medium
2024-07-13 12:00:00,4,135,27,Medium
2024-07-13 13:00:00,2,105,26,Medium
2024-07-13 14:00:00,2,110,27,Medium
2024-07-13 15:00:00,4,109,28,Medium
2024-07-13 16:00:00,3,113,26,Medium
2024-07-13 17:00:00,1,338,25,High
2024-07-13 18:00:00,3,286,21,High
2024-07-13 19:00:00,4,318,12,High
2024-07-13 20:00:00,2,225,19,High
2024-07-13 21:00:00,2,97,55,Low
2024-07-13 22:00:00,4,64,65,Low
2024-07-13 23:00:00,1,58,52,Low
2024-07-14 00:00:00,3,74,60,Low
2024-07-14 01:00:00,2,24,41,Low
2024-07-14 02:00:00,1,93,63,Low
2024-07-14 03:00:00,4,34,45,Low
2024-07-14 04:00:00,3,77,50,Low
2024-07-14 05:00:00,4,96,60,Low
2024-07-14 06:00:00,4,57,64,Low
2024-07-14 07:00:00,1,220,18,High
2024-07-14 08:00:00,3,342,12,High
2024-07-14 09:00:00,4,226,22,High
2024-07-14 10:00:00,2,295,23,High
2024-07-14 11:00:00,3,143,25,Medium
2024-07-14 12:00:00,3,196,29,Medium
2024-07-14 13:00:00,2,101,27,Medium
2024-07-14 14:00:00,3,110,27,Medium
2024-07-14 15:00:00,1,121,39,Medium
2024-07-14 16:00:00,4,123,38,Medium
2024-07-14 17:00:00,4,252,19,High
2024-07-14 18:00:00,3,289,21,High
2024-07-14 19:00:00,2,269,20,High
2024-07-14 20:00:00,2,265,24,High
2024-07-14 21:00:00,4,47,51,Low
2024-07-14 22:00:00,3,67,61,Low
2024-07-14 23:00:00,1,69,56,Low
2024-07-15 00:00:00,1,78,49,Low
2024-07-15 01:00:00,4,46,63,Low
2024-07-15 02:00:00,3,28,43,Low
2024-07-15 03:00:00,1,59,50,Low
2024-07-15 04:00:00,4,97,53,Low
2024-07-15 05:00:00,2,36,61,Low
2024-07-15 06:00:00,4,76,40,Low
2024-07-15 07:00:00,1,325,21,High
2024-07-15 08:00:00,4,343,13,High
2024-07-15 09:00:00,1,333,11,High
2024-07-15 10:00:00,4,225,24,High
2024-07-15 11:00:00,3,162,29,Medium
2024-07-15 12:00:00,3,147,25,Medium
2024-07-15 13:00:00,4,143,36,Medium
2024-07-15 14:00:00,2,199,28,Medium
2024-07-15 15:00:00,1,130,26,Medium
2024-07-15 16:00:00,2,139,34,Medium
2024-07-15 17:00:00,3,320,25,High
2024-07-15 18:00:00,2,230,24,High
2024-07-15 19:00:00,4,223,10,High
2024-07-15 20:00:00,4,331,23,High
2024-07-15 21:00:00,3,43,50,Low
2024-07-15 22:00:00,3,84,48,Low
2024-07-15 23:00:00,1,43,52,Low
2024-07-16 00:00:00,4,88,57,Low
2024-07-16 01:00:00,4,29,63,Low
2024-07-16 02:00:00,3,81,45,Low
2024-07-16 03:00:00,2,31,62,Low
2024-07-16 04:00:00,1,25,43,Low
2024-07-16 05:00:00,3,88,48,Low
2024-07-16 06:00:00,2,37,52,Low
2024-07-16 07:00:00,1,209,20,High
2024-07-16 08:00:00,2,345,11,High
2024-07-16 09:00:00,2,236,17,High
2024-07-16 10:00:00,2,316,24,High
2024-07-16 11:00:00,3,179,25,Medium
2024-07-16 12:00:00,1,138,35,Medium
2024-07-16 13:00:00,3,148,29,Medium
2024-07-16 14:00:00,3,190,27,Medium
2024-07-16 15:00:00,2,152,34,Medium
2024-07-16 16:00:00,3,124,27,Medium
2024-07-16 17:00:00,1,314,16,High
2024-07-16 18:00:00,4,250,14,High
2024-07-16 19:00:00,3,304,13,High
2024-07-16 20:00:00,4,304,11,High
2024-07-16 21:00:00,4,68,49,Low
2024-07-16 22:00:00,1,81,41,Low
2024-07-16 23:00:00,3,64,47,Low
2024-07-17 00:00:00,4,57,54,Low
2024-07-17 01:00:00,4,85,59,Low
2024-07-17 02:00:00,4,75,48,Low
2024-07-17 03:00:00,3,60,61,Low
2024-07-17 04:00:00,2,99,51,Low
2024-07-17 05:00:00,1,57,51,Low
2024-07-17 06:00:00,2,31,45,Low
2024-07-17 07:00:00,4,349,11,High
2024-07-17 08:00:00,3,275,17,High
2024-07-17 09:00:00,3,252,21,High
2024-07-17 10:00:00,1,334,12,High
2024-07-17 11:00:00,4,124,38,Medium
2024-07-17 12:00:00,4,153,26,Medium
2024-07-17 13:00:00,4,189,39,Medium
2024-07-17 14:00:00,1,153,30,Medium
2024-07-17 15:00:00,4,159,32,Medium
2024-07-17 16:00:00,2,168,31,Medium
2024-07-17 17:00:00,3,339,15,High
2024-07-17 18:00:00,2,343,20,High
2024-07-17 19:00:00,1,206,24,High
2024-07-17 20:00:00,2,305,14,High
2024-07-17 21:00:00,2,35,51,Low
2024-07-17 22:00:00,3,78,51,Low
2024-07-17 23:00:00,2,23,40,Low
2024-07-18 00:00:00,2,42,58,Low
2024-07-18 01:00:00,1,88,58,Low
2024-07-18 02:00:00,1,51,53,Low
2024-07-18 03:00:00,4,100,43,Low
2024-07-18 04:00:00,2,73,52,Low
2024-07-18 05:00:00,3,66,53,Low
2024-07-18 06:00:00,1,77,58,Low
2024-07-18 07:00:00,4,296,17,High
2024-07-18 08:00:00,4,273,10,High
2024-07-18 09:00:00,3,329,25,High
2024-07-18 10:00:00,3,270,11,High
2024-07-18 11:00:00,1,112,27,Medium
2024-07-18 12:00:00,1,128,35,Medium
2024-07-18 13:00:00,3,140,29,Medium
2024-07-18 14:00:00,4,131,40,Medium
2024-07-18 15:00:00,3,186,36,Medium
2024-07-18 16:00:00,2,160,30,Medium
2024-07-18 17:00:00,1,202,19,High
2024-07-18 18:00:00,3,239,11,High
2024-07-18 19:00:00,1,344,10,High
2024-07-18 20:00:00,1,225,22,High
2024-07-18 21:00:00,1,66,63,Low
2024-07-18 22:00:00,2,99,43,Low
2024-07-18 23:00:00,2,48,60,Low
2024-07-19 00:00:00,2,53,56,Low
2024-07-19 01:00:00,4,94,62,Low
2024-07-19 02:00:00,2,31,53,Low
2024-07-19 03:00:00,2,41,61,Low
2024-07-19 04:00:00,3,58,44,Low
2024-07-19 05:00:00,1,79,59,Low
2024-07-19 06:00:00,4,83,41,Low
2024-07-19 07:00:00,3,335,11,High
2024-07-19 08:00:00,2,280,19,High
2024-07-19 09:00:00,4,215,14,High
2024-07-19 10:00:00,2,306,23,High
2024-07-19 11:00:00,3,165,26,Medium
2024-07-19 12:00:00,4,164,27,Medium
2024-07-19 13:00:00,2,196,29,Medium
2024-07-19 14:00:00,1,166,36,Medium
2024-07-19 15:00:00,1,159,29,Medium
2024-07-19 16:00:00,4,153,40,Medium
2024-07-19 17:00:00,4,263,24,High
2024-07-19 18:00:00,3,204,18,High
2024-07-19 19:00:00,2,243,20,High
2024-07-19 20:00:00,1,268,17,High
2024-07-19 21:00:00,4,85,46,Low
2024-07-19 22:00:00,3,24,49,Low
2024-07-19 23:00:00,3,100,52,Low
2024-07-20 00:00:00,2,21,50,Low
2024-07-20 01:00:00,1,70,58,Low
2024-07-20 02:00:00,1,69,53,Low
2024-07-20 03:00:00,4,28,55,Low
2024-07-20 04:00:00,3,54,52,Low
2024-07-20 05:00:00,2,64,63,Low
2024-07-20 06:00:00,3,32,41,Low
2024-07-20 07:00:00,3,301,22,High
2024-07-20 08:00:00,2,251,13,High
2024-07-20 09:00:00,2,200,20,High
2024-07-20 10:00:00,4,307,16,High
2024-07-20 11:00:00,1,131,25,Medium
2024-07-20 12:00:00,3,150,37,Medium
2024-07-20 13:00:00,2,142,38,Medium
2024-07-20 14:00:00,4,167,29,Medium
2024-07-20 15:00:00,3,197,26,Medium
2024-07-20 16:00:00,1,126,36,Medium
2024-07-20 17:00:00,1,301,24,High
2024-07-20 18:00:00,3,293,25,High
2024-07-20 19:00:00,4,320,12,High
2024-07-20 20:00:00,1,292,13,High
2024-07-20 21:00:00,3,91,49,Low
2024-07-20 22:00:00,4,40,57,Low
2024-07-20 23:00:00,4,79,51,Low
2024-07-21 00:00:00,1,28,56,Low
2024-07-21 01:00:00,3,37,44,Low
2024-07-21 02:00:00,1,92,65,Low
2024-07-21 03:00:00,2,55,65,Low
2024-07-21 04:00:00,3,76,45,Low
2024-07-21 05:00:00,3,73,64,Low
2024-07-21 06:00:00,2,75,47,Low
2024-07-21 07:00:00,2,317,24,High
2024-07-21 08:00:00,3,272,23,High
2024-07-21 09:00:00,3,340,21,High
2024-07-21 10:00:00,1,350,15,High
2024-07-21 11:00:00,3,107,37,Medium
2024-07-21 12:00:00,2,128,27,Medium
2024-07-21 13:00:00,3,106,34,Medium
2024-07-21 14:00:00,2,157,33,Medium
2024-07-21 15:00:00,3,183,28,Medium
2024-07-21 16:00:00,3,174,29,Medium
2024-07-21 17:00:00,2,213,24,High
2024-07-21 18:00:00,4,211,16,High
2024-07-21 19:00:00,4,231,17,High
2024-07-21 20:00:00,2,207,22,High
2024-07-21 21:00:00,2,97,52,Low
2024-07-21 22:00:00,4,98,57,Low
2024-07-21 23:00:00,1,51,45,Low
2024-07-22 00:00:00,3,80,41,Low
2024-07-22 01:00:00,3,76,46,Low
2024-07-22 02:00:00,2,87,44,Low
2024-07-22 03:00:00,3,41,53,Low
2024-07-22 04:00:00,3,66,57,Low
2024-07-22 05:00:00,2,99,48,Low
2024-07-22 06:00:00,3,41,60,Low
2024-07-22 07:00:00,2,272,22,High
2024-07-22 08:00:00,4,284,22,High
2024-07-22 09:00:00,2,200,21,High
2024-07-22 10:00:00,4,272,24,High
2024-07-22 11:00:00,2,138,34,Medium
2024-07-22 12:00:00,2,185,40,Medium
2024-07-22 13:00:00,1,145,28,Medium
2024-07-22 14:00:00,4,179,27,Medium
2024-07-22 15:00:00,1,184,27,Medium
2024-07-22 16:00:00,3,166,25,Medium
2024-07-22 17:00:00,4,248,19,High
2024-07-22 18:00:00,3,294,25,High
2024-07-22 19:00:00,2,347,16,High
2024-07-22 20:00:00,3,322,21,High
2024-07-22 21:00:00,1,79,63,Low
2024-07-22 22:00:00,2,86,46,Low
2024-07-22 23:00:00,2,78,40,Low
2024-07-23 00:00:00,1,92,60,Low
2024-07-23 01:00:00,4,41,43,Low
2024-07-23 02:00:00,1,41,46,Low
2024-07-23 03:00:00,2,68,45,Low
2024-07-23 04:00:00,4,90,57,Low
2024-07-23 05:00:00,3,55,61,Low
2024-07-23 06:00:00,1,95,52,Low
2024-07-23 07:00:00,3,216,19,High
2024-07-23 08:00:00,2,274,24,High
2024-07-23 09:00:00,1,298,16,High
2024-07-23 10:00:00,3,203,13,High
2024-07-23 11:00:00,1,141,26,Medium
2024-07-23 12:00:00,1,111,32,Medium
2024-07-23 13:00:00,4,164,36,Medium
2024-07-23 14:00:00,3,198,33,Medium
2024-07-23 15:00:00,3,138,33,Medium
2024-07-23 16:00:00,1,179,33,Medium
2024-07-23 17:00:00,2,240,16,High
2024-07-23 18:00:00,1,200,15,High
2024-07-23 19:00:00,4,314,12,High
2024-07-23 20:00:00,1,229,14,High
2024-07-23 21:00:00,1,98,58,Low
2024-07-23 22:00:00,1,54,43,Low
2024-07-23 23:00:00,1,21,65,Low
2024-07-24 00:00:00,4,23,64,Low
2024-07-24 01:00:00,4,79,60,Low
2024-07-24 02:00:00,1,43,44,Low
2024-07-24 03:00:00,4,93,58,Low
2024-07-24 04:00:00,1,28,62,Low
2024-07-24 05:00:00,2,72,57,Low
2024-07-24 06:00:00,3,52,61,Low
2024-07-24 07:00:00,2,284,24,High
2024-07-24 08:00:00,2,309,16,High
2024-07-24 09:00:00,2,232,11,High
2024-07-24 10:00:00,4,322,22,High
2024-07-24 11:00:00,3,112,35,Medium
2024-07-24 12:00:00,1,149,39,Medium
2024-07-24 13:00:00,2,150,32,Medium
2024-07-24 14:00:00,1,200,26,Medium
2024-07-24 15:00:00,3,106,36,Medium
2024-07-24 16:00:00,2,147,28,Medium
2024-07-24 17:00:00,2,297,12,High
2024-07-24 18:00:00,4,272,22,High
2024-07-24 19:00:00,3,268,24,High
2024-07-24 20:00:00,1,343,10,High
2024-07-24 21:00:00,2,79,57,Low
2024-07-24 22:00:00,1,39,54,Low
2024-07-24 23:00:00,2,85,47,Low
2024-07-25 00:00:00,2,52,53,Low
2024-07-25 01:00:00,1,91,64,Low
2024-07-25 02:00:00,4,60,53,Low
2024-07-25 03:00:00,2,42,55,Low
2024-07-25 04:00:00,4,65,42,Low
2024-07-25 05:00:00,3,33,44,Low
2024-07-25 06:00:00,1,30,52,Low
2024-07-25 07:00:00,2,213,15,High
2024-07-25 08:00:00,1,334,18,High
2024-07-25 09:00:00,3,265,22,High
2024-07-25 10:00:00,1,208,25,High
2024-07-25 11:00:00,1,114,37,Medium
2024-07-25 12:00:00,3,177,31,Medium
2024-07-25 13:00:00,1,199,35,Medium
2024-07-25 14:00:00,1,200,38,Medium
2024-07-25 15:00:00,4,191,39,Medium
2024-07-25 16:00:00,3,200,29,Medium
2024-07-25 17:00:00,1,212,19,High
2024-07-25 18:00:00,4,256,21,High
2024-07-25 19:00:00,4,349,16,High
2024-07-25 20:00:00,4,245,20,High
2024-07-25 21:00:00,4,63,50,Low
2024-07-25 22:00:00,3,62,57,Low
2024-07-25 23:00:00,2,64,60,Low
2024-07-26 00:00:00,1,69,55,Low
2024-07-26 01:00:00,3,35,56,Low
2024-07-26 02:00:00,3,84,43,Low
2024-07-26 03:00:00,3,46,48,Low
2024-07-26 04:00:00,4,59,56,Low
2024-07-26 05:00:00,4,84,47,Low
2024-07-26 06:00:00,2,94,56,Low
2024-07-26 07:00:00,2,302,24,High
2024-07-26 08:00:00,4,205,15,High
2024-07-26 09:00:00,4,214,22,High
2024-07-26 10:00:00,1,325,16,High
2024-07-26 11:00:00,1,165,25,Medium
2024-07-26 12:00:00,3,166,31,Medium
2024-07-26 13:00:00,3,106,34,Medium
2024-07-26 14:00:00,2,142,27,Medium
2024-07-26 15:00:00,3,154,31,Medium
2024-07-26 16:00:00,2,100,29,Medium
2024-07-26 17:00:00,3,281,19,High
2024-07-26 18:00:00,4,283,16,High
2024-07-26 19:00:00,4,293,21,High
2024-07-26 20:00:00,2,316,15,High
2024-07-26 21:00:00,4,34,62,Low
2024-07-26 22:00:00,1,81,55,Low
2024-07-26 23:00:00,3,28,48,Low
2024-07-27 00:00:00,4,55,49,Low
2024-07-27 01:00:00,2,63,47,Low
2024-07-27 02:00:00,1,37,52,Low
2024-07-27 03:00:00,3,30,57,Low
2024-07-27 04:00:00,1,100,41,Low
2024-07-27 05:00:00,1,88,43,Low
2024-07-27 06:00:00,2,83,57,Low
2024-07-27 07:00:00,4,309,25,High
2024-07-27 08:00:00,1,294,25,High
2024-07-27 09:00:00,2,200,14,High
2024-07-27 10:00:00,3,233,12,High
2024-07-27 11:00:00,1,134,37,Medium
2024-07-27 12:00:00,4,177,36,Medium
2024-07-27 13:00:00,4,148,27,Medium
2024-07-27 14:00:00,2,155,27,Medium
2024-07-27 15:00:00,3,178,33,Medium
2024-07-27 16:00:00,2,117,32,Medium
2024-07-27 17:00:00,1,311,24,High
2024-07-27 18:00:00,2,294,25,High
2024-07-27 19:00:00,3,208,20,High
2024-07-27 20:00:00,4,207,11,High
2024-07-27 21:00:00,2,49,58,Low
2024-07-27 22:00:00,4,38,42,Low
2024-07-27 23:00:00,2,93,54,Low
2024-07-28 00:00:00,3,41,48,Low
2024-07-28 01:00:00,2,76,41,Low
2024-07-28 02:00:00,3,31,58,Low
2024-07-28 03:00:00,3,71,57,Low
2024-07-28 04:00:00,3,86,64,Low
2024-07-28 05:00:00,4,37,62,Low
2024-07-28 06:00:00,3,90,54,Low
2024-07-28 07:00:00,3,345,22,High
2024-07-28 08:00:00,4,318,18,High
2024-07-28 09:00:00,1,212,12,High
2024-07-28 10:00:00,2,279,13,High
2024-07-28 11:00:00,2,178,25,Medium
2024-07-28 12:00:00,3,166,39,Medium
2024-07-28 13:00:00,1,148,33,Medium
2024-07-28 14:00:00,1,136,39,Medium
2024-07-28 15:00:00,4,147,29,Medium
2024-07-28 16:00:00,3,119,37,Medium
2024-07-28 17:00:00,4,347,22,High
2024-07-28 18:00:00,4,342,18,High
2024-07-28 19:00:00,2,223,13,High
2024-07-28 20:00:00,2,330,12,High
2024-07-28 21:00:00,4,91,55,Low
2024-07-28 22:00:00,4,39,52,Low
2024-07-28 23:00:00,2,86,56,Low
2024-07-29 00:00:00,4,78,44,Low
2024-07-29 01:00:00,2,53,51,Low
2024-07-29 02:00:00,3,27,55,Low
2024-07-29 03:00:00,3,78,59,Low
2024-07-29 04:00:00,3,39,57,Low
2024-07-29 05:00:00,1,53,46,Low
2024-07-29 06:00:00,1,76,52,Low
2024-07-29 07:00:00,4,208,18,High
2024-07-29 08:00:00,1,217,23,High
2024-07-29 09:00:00,1,228,15,High
2024-07-29 10:00:00,1,210,22,High
2024-07-29 11:00:00,3,140,37,Medium
2024-07-29 12:00:00,3,119,30,Medium
2024-07-29 13:00:00,2,143,33,Medium
2024-07-29 14:00:00,2,134,36,Medium
2024-07-29 15:00:00,2,167,33,Medium
2024-07-29 16:00:00,1,199,39,Medium
2024-07-29 17:00:00,3,323,12,High
2024-07-29 18:00:00,1,223,25,High
2024-07-29 19:00:00,3,219,16,High
2024-07-29 20:00:00,4,258,22,High
2024-07-29 21:00:00,2,58,50,Low
2024-07-29 22:00:00,2,33,54,Low
2024-07-29 23:00:00,4,23,49,Low
2024-07-30 00:00:00,4,63,61,Low
2024-07-30 01:00:00,2,95,43,Low
2024-07-30 02:00:00,4,87,42,Low
2024-07-30 03:00:00,4,48,59,Low
2024-07-30 04:00:00,1,24,45,Low
2024-07-30 05:00:00,3,83,60,Low
2024-07-30 06:00:00,1,31,53,Low
2024-07-30 07:00:00,1,290,10,High
2024-07-30 08:00:00,4,209,22,High
2024-07-30 09:00:00,2,297,17,High
2024-07-30 10:00:00,1,333,17,High
2024-07-30 11:00:00,2,104,34,Medium
2024-07-30 12:00:00,3,163,33,Medium
2024-07-30 13:00:00,3,149,36,Medium
2024-07-30 14:00:00,2,181,40,Medium
2024-07-30 15:00:00,4,167,27,Medium
2024-07-30 16:00:00,3,101,36,Medium
2024-07-30 17:00:00,3,216,14,High
2024-07-30 18:00:00,2,290,14,High
2024-07-30 19:00:00,1,282,13,High
2024-07-30 20:00:00,3,219,17,High
2024-07-30 21:00:00,2,36,42,Low
2024-07-30 22:00:00,1,47,44,Low
2024-07-30 23:00:00,2,81,61,Low
2024-07-31 00:00:00,2,56,51,Low
2024-07-31 01:00:00,1,90,54,Low
2024-07-31 02:00:00,2,80,43,Low
2024-07-31 03:00:00,2,20,57,Low
2024-07-31 04:00:00,4,62,52,Low
2024-07-31 05:00:00,4,34,49,Low
2024-07-31 06:00:00,1,30,48,Low
2024-07-31 07:00:00,3,250,14,High
2024-07-31 08:00:00,1,308,11,High
2024-07-31 09:00:00,3,221,23,High
2024-07-31 10:00:00,4,207,12,High
2024-07-31 11:00:00,4,180,32,Medium
2024-07-31 12:00:00,3,103,40,Medium
2024-07-31 13:00:00,4,127,31,Medium
2024-07-31 14:00:00,2,133,31,Medium
2024-07-31 15:00:00,2,117,31,Medium
2024-07-31 16:00:00,2,120,37,Medium
2024-07-31 17:00:00,1,290,10,High
2024-07-31 18:00:00,2,339,23,High
2024-07-31 19:00:00,4,276,14,High
2024-07-31 20:00:00,2,220,24,High
2024-07-31 21:00:00,4,62,64,Low
2024-07-31 22:00:00,3,29,63,Low
2024-07-31 23:00:00,1,33,59,Low
2024-08-01 00:00:00,3,82,62,Low
2024-08-01 01:00:00,2,65,44,Low
2024-08-01 02:00:00,2,71,49,Low
2024-08-01 03:00:00,2,72,47,Low
2024-08-01 04:00:00,2,44,60,Low
2024-08-01 05:00:00,2,26,65,Low
2024-08-01 06:00:00,4,50,54,Low
2024-08-01 07:00:00,1,276,15,High
2024-08-01 08:00:00,3,303,23,High
2024-08-01 09:00:00,4,277,17,High
2024-08-01 10:00:00,1,264,19,High
2024-08-01 11:00:00,3,126,30,Medium
2024-08-01 12:00:00,2,113,29,Medium
2024-08-01 13:00:00,4,156,29,Medium
2024-08-01 14:00:00,2,121,29,Medium
2024-08-01 15:00:00,4,170,26,Medium
2024-08-01 16:00:00,2,151,32,Medium
2024-08-01 17:00:00,4,348,24,High
2024-08-01 18:00:00,4,248,16,High
2024-08-01 19:00:00,1,301,25,High
2024-08-01 20:00:00,1,273,18,High
2024-08-01 21:00:00,4,63,40,Low
2024-08-01 22:00:00,2,53,48,Low
2024-08-01 23:00:00,1,35,64,Low
2024-08-02 00:00:00,2,46,55,Low
2024-08-02 01:00:00,1,48,42,Low
2024-08-02 02:00:00,3,22,40,Low
2024-08-02 03:00:00,4,21,51,Low
2024-08-02 04:00:00,1,78,61,Low
2024-08-02 05:00:00,1,76,55,Low
2024-08-02 06:00:00,1,95,52,Low
2024-08-02 07:00:00,2,215,22,High
2024-08-02 08:00:00,4,349,23,High
2024-08-02 09:00:00,2,311,15,High
2024-08-02 10:00:00,3,297,13,High
2024-08-02 11:00:00,3,126,30,Medium
2024-08-02 12:00:00,4,200,29,Medium
2024-08-02 13:00:00,1,165,35,Medium
2024-08-02 14:00:00,3,116,34,Medium
2024-08-02 15:00:00,2,150,37,Medium
2024-08-02 16:00:00,1,109,39,Medium
2024-08-02 17:00:00,1,328,11,High
2024-08-02 18:00:00,1,211,10,High
2024-08-02 19:00:00,1,323,12,High
2024-08-02 20:00:00,3,283,25,High
2024-08-02 21:00:00,3,93,65,Low
2024-08-02 22:00:00,4,99,60,Low
2024-08-02 23:00:00,4,42,57,Low
2024-08-03 00:00:00,2,68,56,Low
2024-08-03 01:00:00,3,89,49,Low
2024-08-03 02:00:00,3,67,40,Low
2024-08-03 03:00:00,4,34,65,Low
2024-08-03 04:00:00,4,48,42,Low
2024-08-03 05:00:00,1,63,50,Low
2024-08-03 06:00:00,3,27,59,Low
2024-08-03 07:00:00,3,327,25,High
2024-08-03 08:00:00,2,226,14,High
2024-08-03 09:00:00,2,265,20,High
2024-08-03 10:00:00,1,201,22,High
2024-08-03 11:00:00,1,166,38,Medium
2024-08-03 12:00:00,1,157,40,Medium
2024-08-03 13:00:00,2,159,35,Medium
2024-08-03 14:00:00,4,152,39,Medium
2024-08-03 15:00:00,2,160,34,Medium
2024-08-03 16:00:00,1,112,37,Medium
2024-08-03 17:00:00,4,211,22,High
2024-08-03 18:00:00,2,304,24,High
2024-08-03 19:00:00,1,268,25,High
2024-08-03 20:00:00,4,234,11,High
2024-08-03 21:00:00,4,97,60,Low
2024-08-03 22:00:00,4,33,52,Low
2024-08-03 23:00:00,2,41,50,Low
2024-08-04 00:00:00,4,58,54,Low
2024-08-04 01:00:00,4,44,60,Low
2024-08-04 02:00:00,3,72,53,Low
2024-08-04 03:00:00,1,23,40,Low
2024-08-04 04:00:00,4,54,42,Low
2024-08-04 05:00:00,2,72,54,Low
2024-08-04 06:00:00,4,94,49,Low
2024-08-04 07:00:00,3,228,25,High
2024-08-04 08:00:00,1,222,22,High
2024-08-04 09:00:00,1,241,17,High
2024-08-04 10:00:00,2,256,23,High
2024-08-04 11:00:00,4,157,39,Medium
2024-08-04 12:00:00,2,193,31,Medium
2024-08-04 13:00:00,1,198,32,Medium
2024-08-04 14:00:00,4,137,40,Medium
2024-08-04 15:00:00,2,175,39,Medium
2024-08-04 16:00:00,4,113,36,Medium
2024-08-04 17:00:00,2,337,12,High
2024-08-04 18:00:00,3,289,11,High
2024-08-04 19:00:00,4,296,13,High
2024-08-04 20:00:00,2,306,12,High
2024-08-04 21:00:00,2,22,45,Low
2024-08-04 22:00:00,1,31,49,Low
2024-08-04 23:00:00,4,86,44,Low
2024-08-05 00:00:00,4,76,48,Low
2024-08-05 01:00:00,2,59,41,Low
2024-08-05 02:00:00,4,43,49,Low
2024-08-05 03:00:00,2,35,48,Low
2024-08-05 04:00:00,1,38,43,Low
2024-08-05 05:00:00,3,74,43,Low
2024-08-05 06:00:00,1,26,61,Low
2024-08-05 07:00:00,2,270,23,High
2024-08-05 08:00:00,3,214,19,High
2024-08-05 09:00:00,3,326,24,High
2024-08-05 10:00:00,4,205,11,High
2024-08-05 11:00:00,1,180,33,Medium
2024-08-05 12:00:00,1,179,25,Medium
2024-08-05 13:00:00,1,124,31,Medium
2024-08-05 14:00:00,2,197,29,Medium
2024-08-05 15:00:00,4,127,35,Medium
2024-08-05 16:00:00,3,137,39,Medium
2024-08-05 17:00:00,2,243,20,High
2024-08-05 18:00:00,3,238,13,High
2024-08-05 19:00:00,2,271,17,High
2024-08-05 20:00:00,3,341,13,High
2024-08-05 21:00:00,3,79,54,Low
2024-08-05 22:00:00,1,23,60,Low
2024-08-05 23:00:00,1,91,64,Low
2024-08-06 00:00:00,2,99,65,Low
2024-08-06 01:00:00,1,73,59,Low
2024-08-06 02:00:00,4,50,64,Low
2024-08-06 03:00:00,2,59,47,Low
2024-08-06 04:00:00,3,42,54,Low
2024-08-06 05:00:00,3,22,48,Low
2024-08-06 06:00:00,3,55,57,Low
2024-08-06 07:00:00,2,248,19,High
2024-08-06 08:00:00,2,281,14,High
2024-08-06 09:00:00,4,322,15,High
2024-08-06 10:00:00,1,313,19,High
2024-08-06 11:00:00,3,107,35,Medium
2024-08-06 12:00:00,4,161,39,Medium
2024-08-06 13:00:00,3,105,34,Medium
2024-08-06 14:00:00,1,164,34,Medium
2024-08-06 15:00:00,3,185,26,Medium
2024-08-06 16:00:00,4,196,31,Medium
2024-08-06 17:00:00,4,336,21,High
2024-08-06 18:00:00,4,298,12,High
2024-08-06 19:00:00,1,238,11,High
2024-08-06 20:00:00,2,206,21,High
2024-08-06 21:00:00,1,37,48,Low
2024-08-06 22:00:00,4,79,47,Low
2024-08-06 23:00:00,3,57,49,Low
2024-08-07 00:00:00,3,42,43,Low
2024-08-07 01:00:00,1,69,55,Low
2024-08-07 02:00:00,4,35,43,Low
2024-08-07 03:00:00,4,24,51,Low
2024-08-07 04:00:00,1,69,57,Low
2024-08-07 05:00:00,3,47,43,Low
2024-08-07 06:00:00,2,92,42,Low
2024-08-07 07:00:00,4,273,21,High
2024-08-07 08:00:00,2,249,24,High
2024-08-07 09:00:00,4,305,16,High
2024-08-07 10:00:00,4,235,14,High
2024-08-07 11:00:00,3,118,40,Medium
2024-08-07 12:00:00,1,180,26,Medium
2024-08-07 13:00:00,4,182,39,Medium
2024-08-07 14:00:00,3,169,34,Medium
2024-08-07 15:00:00,4,159,34,Medium
2024-08-07 16:00:00,3,178,35,Medium
2024-08-07 17:00:00,4,331,25,High
2024-08-07 18:00:00,3,205,13,High
2024-08-07 19:00:00,1,274,24,High
2024-08-07 20:00:00,1,280,14,High
2024-08-07 21:00:00,2,97,48,Low
2024-08-07 22:00:00,3,96,43,Low
2024-08-07 23:00:00,4,33,53,Low
2024-08-08 00:00:00,1,40,60,Low
2024-08-08 01:00:00,3,57,58,Low
2024-08-08 02:00:00,1,94,44,Low
2024-08-08 03:00:00,1,35,47,Low
2024-08-08 04:00:00,4,50,51,Low
2024-08-08 05:00:00,3,83,51,Low
2024-08-08 06:00:00,3,36,53,Low
2024-08-08 07:00:00,3,302,20,High
2024-08-08 08:00:00,4,257,12,High
2024-08-08 09:00:00,2,234,15,High
2024-08-08 10:00:00,4,217,13,High
2024-08-08 11:00:00,3,109,25,Medium
2024-08-08 12:00:00,4,106,26,Medium
2024-08-08 13:00:00,2,157,30,Medium
2024-08-08 14:00:00,2,108,31,Medium
2024-08-08 15:00:00,1,154,34,Medium
2024-08-08 16:00:00,2,156,28,Medium
2024-08-08 17:00:00,2,226,14,High
2024-08-08 18:00:00,4,342,14,High
2024-08-08 19:00:00,2,281,13,High
2024-08-08 20:00:00,3,201,10,High
2024-08-08 21:00:00,2,97,54,Low
2024-08-08 22:00:00,1,92,44,Low
2024-08-08 23:00:00,2,91,46,Low
2024-08-09 00:00:00,2,49,58,Low
2024-08-09 01:00:00,3,61,43,Low
2024-08-09 02:00:00,3,29,44,Low
2024-08-09 03:00:00,1,21,43,Low
2024-08-09 04:00:00,4,40,43,Low
2024-08-09 05:00:00,2,83,53,Low
2024-08-09 06:00:00,2,95,45,Low
2024-08-09 07:00:00,4,235,15,High
2024-08-09 08:00:00,4,333,24,High
2024-08-09 09:00:00,3,231,15,High
2024-08-09 10:00:00,2,306,12,High
2024-08-09 11:00:00,3,175,25,Medium
2024-08-09 12:00:00,1,188,40,Medium
2024-08-09 13:00:00,3,185,26,Medium
2024-08-09 14:00:00,2,190,35,Medium
2024-08-09 15:00:00,3,185,40,Medium
2024-08-09 16:00:00,2,192,32,Medium
2024-08-09 17:00:00,2,253,22,High
2024-08-09 18:00:00,4,215,22,High
2024-08-09 19:00:00,2,224,25,High
2024-08-09 20:00:00,1,268,14,High
2024-08-09 21:00:00,3,72,64,Low
2024-08-09 22:00:00,3,41,51,Low
2024-08-09 23:00:00,4,48,48,Low
2024-08-10 00:00:00,2,61,41,Low
2024-08-10 01:00:00,3,99,62,Low
2024-08-10 02:00:00,2,88,64,Low
2024-08-10 03:00:00,1,71,47,Low
2024-08-10 04:00:00,2,98,42,Low
2024-08-10 05:00:00,4,55,56,Low
2024-08-10 06:00:00,4,78,40,Low
2024-08-10 07:00:00,3,268,14,High
2024-08-10 08:00:00,4,204,23,High
2024-08-10 09:00:00,3,249,10,High
2024-08-10 10:00:00,1,312,17,High
2024-08-10 11:00:00,4,152,28,Medium
2024-08-10 12:00:00,1,158,31,Medium
2024-08-10 13:00:00,3,168,28,Medium
2024-08-10 14:00:00,1,103,36,Medium
2024-08-10 15:00:00,2,113,29,Medium
2024-08-10 16:00:00,2,154,25,Medium
2024-08-10 17:00:00,1,281,18,High
2024-08-10 18:00:00,2,279,21,High
2024-08-10 19:00:00,4,248,21,High
2024-08-10 20:00:00,3,304,20,High
2024-08-10 21:00:00,3,40,59,Low
2024-08-10 22:00:00,4,93,48,Low
2024-08-10 23:00:00,3,44,51,Low
2024-08-11 00:00:00,4,28,44,Low
2024-08-11 01:00:00,3,61,54,Low
2024-08-11 02:00:00,4,60,59,Low
2024-08-11 03:00:00,2,100,50,Low
2024-08-11 04:00:00,4,50,44,Low
2024-08-11 05:00:00,3,28,61,Low
2024-08-11 06:00:00,4,57,53,Low
2024-08-11 07:00:00,1,244,15,High
2024-08-11 08:00:00,4,250,18,High
2024-08-11 09:00:00,1,226,18,High
2024-08-11 10:00:00,3,341,18,High
2024-08-11 11:00:00,4,180,27,Medium
2024-08-11 12:00:00,4,189,32,Medium
2024-08-11 13:00:00,1,136,26,Medium
2024-08-11 14:00:00,3,122,29,Medium
2024-08-11 15:00:00,1,120,30,Medium
2024-08-11 16:00:00,1,165,36,Medium
2024-08-11 17:00:00,3,277,14,High
2024-08-11 18:00:00,2,293,23,High
2024-08-11 19:00:00,1,290,13,High
2024-08-11 20:00:00,2,292,11,High
2024-08-11 21:00:00,1,62,59,Low
2024-08-11 22:00:00,4,52,54,Low
2024-08-11 23:00:00,2,48,53,Low
2024-08-12 00:00:00,2,26,61,Low
2024-08-12 01:00:00,2,91,60,Low
2024-08-12 02:00:00,3,84,51,Low
2024-08-12 03:00:00,1,35,44,Low
2024-08-12 04:00:00,4,72,52,Low
2024-08-12 05:00:00,1,22,64,Low
2024-08-12 06:00:00,1,71,52,Low
2024-08-12 07:00:00,1,227,25,High
2024-08-12 08:00:00,2,286,10,High
2024-08-12 09:00:00,3,289,10,High
2024-08-12 10:00:00,3,321,15,High
2024-08-12 11:00:00,1,173,30,Medium
2024-08-12 12:00:00,1,176,33,Medium
2024-08-12 13:00:00,4,120,27,Medium
2024-08-12 14:00:00,2,150,27,Medium
2024-08-12 15:00:00,3,181,25,Medium
2024-08-12 16:00:00,1,151,34,Medium
2024-08-12 17:00:00,3,297,21,High
2024-08-12 18:00:00,3,200,22,High
2024-08-12 19:00:00,2,278,21,High
2024-08-12 20:00:00,3,334,22,High
2024-08-12 21:00:00,4,45,48,Low
2024-08-12 22:00:00,2,59,60,Low
2024-08-12 23:00:00,1,69,57,Low
2024-08-13 00:00:00,1,92,49,Low
2024-08-13 01:00:00,3,84,62,Low
2024-08-13 02:00:00,4,65,47,Low
2024-08-13 03:00:00,3,92,55,Low
2024-08-13 04:00:00,4,45,51,Low
2024-08-13 05:00:00,4,37,51,Low
2024-08-13 06:00:00,3,48,49,Low
2024-08-13 07:00:00,2,327,19,High
2024-08-13 08:00:00,2,260,23,High
2024-08-13 09:00:00,1,262,11,High
2024-08-13 10:00:00,1,236,10,High
2024-08-13 11:00:00,3,191,36,Medium
2024-08-13 12:00:00,3,166,27,Medium
2024-08-13 13:00:00,1,200,38,Medium
2024-08-13 14:00:00,4,169,27,Medium
2024-08-13 15:00:00,1,170,33,Medium
2024-08-13 16:00:00,1,118,27,Medium
2024-08-13 17:00:00,1,281,22,High
2024-08-13 18:00:00,3,208,16,High
2024-08-13 19:00:00,1,323,24,High
2024-08-13 20:00:00,4,220,11,High
2024-08-13 21:00:00,3,63,57,Low
2024-08-13 22:00:00,2,61,42,Low
2024-08-13 23:00:00,3,92,54,Low
2024-08-14 00:00:00,1,39,49,Low
2024-08-14 01:00:00,3,46,46,Low
2024-08-14 02:00:00,2,73,63,Low
2024-08-14 03:00:00,2,24,60,Low
2024-08-14 04:00:00,1,73,57,Low
2024-08-14 05:00:00,1,74,44,Low
2024-08-14 06:00:00,4,52,55,Low
2024-08-14 07:00:00,1,342,17,High
2024-08-14 08:00:00,1,318,24,High
2024-08-14 09:00:00,2,338,25,High
2024-08-14 10:00:00,1,291,14,High
2024-08-14 11:00:00,3,103,39,Medium
2024-08-14 12:00:00,3,107,25,Medium
2024-08-14 13:00:00,1,100,26,Medium
2024-08-14 14:00:00,1,125,39,Medium
2024-08-14 15:00:00,1,175,34,Medium
2024-08-14 16:00:00,4,146,31,Medium
2024-08-14 17:00:00,3,200,12,High
2024-08-14 18:00:00,4,231,16,High
2024-08-14 19:00:00,4,243,17,High
2024-08-14 20:00:00,4,232,15,High
2024-08-14 21:00:00,1,37,50,Low
2024-08-14 22:00:00,3,20,50,Low
2024-08-14 23:00:00,1,38,45,Low
2024-08-15 00:00:00,3,30,49,Low
2024-08-15 01:00:00,3,78,60,Low
2024-08-15 02:00:00,3,68,53,Low
2024-08-15 03:00:00,3,31,55,Low
2024-08-15 04:00:00,3,34,52,Low
2024-08-15 05:00:00,4,22,64,Low
2024-08-15 06:00:00,2,81,42,Low
2024-08-15 07:00:00,1,204,12,High
2024-08-15 08:00:00,3,259,16,High
2024-08-15 09:00:00,2,325,11,High
2024-08-15 10:00:00,4,297,24,High
2024-08-15 11:00:00,1,162,36,Medium
2024-08-15 12:00:00,3,124,38,Medium
2024-08-15 13:00:00,2,129,25,Medium
2024-08-15 14:00:00,1,173,28,Medium
2024-08-15 15:00:00,1,164,33,Medium
2024-08-15 16:00:00,1,176,27,Medium
2024-08-15 17:00:00,2,270,22,High
2024-08-15 18:00:00,3,218,10,High
2024-08-15 19:00:00,3,264,11,High
2024-08-15 20:00:00,2,237,23,High
2024-08-15 21:00:00,3,68,46,Low
2024-08-15 22:00:00,3,57,65,Low
2024-08-15 23:00:00,2,54,50,Low
2024-08-16 00:00:00,3,81,64,Low
2024-08-16 01:00:00,2,76,51,Low
2024-08-16 02:00:00,2,62,42,Low
2024-08-16 03:00:00,4,49,62,Low
2024-08-16 04:00:00,4,36,43,Low
2024-08-16 05:00:00,1,80,46,Low
2024-08-16 06:00:00,3,51,59,Low
2024-08-16 07:00:00,3,329,24,High
2024-08-16 08:00:00,2,248,11,High
2024-08-16 09:00:00,1,321,11,High
2024-08-16 10:00:00,2,298,10,High
2024-08-16 11:00:00,1,191,33,Medium
2024-08-16 12:00:00,3,164,39,Medium
2024-08-16 13:00:00,2,114,25,Medium
2024-08-16 14:00:00,3,186,31,Medium
2024-08-16 15:00:00,3,199,31,Medium
2024-08-16 16:00:00,2,109,34,Medium
2024-08-16 17:00:00,4,321,15,High
2024-08-16 18:00:00,1,329,16,High
2024-08-16 19:00:00,4,203,12,High
2024-08-16 20:00:00,1,284,25,High
2024-08-16 21:00:00,2,60,52,Low
2024-08-16 22:00:00,1,46,50,Low
2024-08-16 23:00:00,1,87,53,Low
2024-08-17 00:00:00,4,30,57,Low
2024-08-17 01:00:00,1,26,48,Low
2024-08-17 02:00:00,2,36,65,Low
2024-08-17 03:00:00,2,46,46,Low
2024-08-17 04:00:00,4,87,44,Low
2024-08-17 05:00:00,2,53,65,Low
2024-08-17 06:00:00,4,96,47,Low
2024-08-17 07:00:00,4,312,12,High
2024-08-17 08:00:00,2,338,24,High
2024-08-17 09:00:00,3,226,25,High
2024-08-17 10:00:00,1,302,24,High
2024-08-17 11:00:00,4,117,34,Medium
2024-08-17 12:00:00,1,199,28,Medium
2024-08-17 13:00:00,4,105,34,Medium
2024-08-17 14:00:00,3,181,32,Medium
2024-08-17 15:00:00,1,107,34,Medium
2024-08-17 16:00:00,1,162,38,Medium
2024-08-17 17:00:00,1,301,11,High
2024-08-17 18:00:00,2,264,13,High
2024-08-17 19:00:00,2,261,21,High
2024-08-17 20:00:00,4,280,19,High
2024-08-17 21:00:00,3,50,61,Low
2024-08-17 22:00:00,3,40,54,Low
2024-08-17 23:00:00,1,86,64,Low
2024-08-18 00:00:00,4,25,46,Low
2024-08-18 01:00:00,3,76,42,Low
2024-08-18 02:00:00,1,44,46,Low
2024-08-18 03:00:00,2,50,55,Low
2024-08-18 04:00:00,1,50,43,Low
2024-08-18 05:00:00,2,75,64,Low
2024-08-18 06:00:00,4,91,47,Low
2024-08-18 07:00:00,4,346,21,High
2024-08-18 08:00:00,2,211,11,High
2024-08-18 09:00:00,2,338,16,High
2024-08-18 10:00:00,3,312,14,High
2024-08-18 11:00:00,4,187,30,Medium
2024-08-18 12:00:00,4,131,40,Medium
2024-08-18 13:00:00,4,173,37,Medium
2024-08-18 14:00:00,2,142,29,Medium
2024-08-18 15:00:00,3,181,26,Medium
2024-08-18 16:00:00,4,141,25,Medium
2024-08-18 17:00:00,3,317,21,High
2024-08-18 18:00:00,1,330,15,High
2024-08-18 19:00:00,2,249,13,High
2024-08-18 20:00:00,1,340,24,High
2024-08-18 21:00:00,1,61,41,Low
2024-08-18 22:00:00,3,93,41,Low
2024-08-18 23:00:00,4,75,48,Low
2024-08-19 00:00:00,2,40,46,Low
2024-08-19 01:00:00,1,21,60,Low
2024-08-19 02:00:00,3,66,44,Low
2024-08-19 03:00:00,2,51,57,Low
2024-08-19 04:00:00,2,70,60,Low
2024-08-19 05:00:00,4,33,49,Low
2024-08-19 06:00:00,2,27,47,Low
2024-08-19 07:00:00,3,350,13,High
2024-08-19 08:00:00,1,286,19,High
2024-08-19 09:00:00,4,343,11,High
2024-08-19 10:00:00,2,291,11,High
2024-08-19 11:00:00,2,123,27,Medium
2024-08-19 12:00:00,4,129,36,Medium
2024-08-19 13:00:00,3,145,31,Medium
2024-08-19 14:00:00,3,196,35,Medium
2024-08-19 15:00:00,3,184,25,Medium
2024-08-19 16:00:00,4,166,25,Medium
2024-08-19 17:00:00,2,303,21,High
2024-08-19 18:00:00,4,311,17,High
2024-08-19 19:00:00,2,294,18,High
2024-08-19 20:00:00,4,239,11,High
2024-08-19 21:00:00,3,89,64,Low
2024-08-19 22:00:00,2,56,42,Low
2024-08-19 23:00:00,3,70,59,Low
2024-08-20 00:00:00,2,39,63,Low
2024-08-20 01:00:00,3,81,65,Low
2024-08-20 02:00:00,1,62,51,Low
2024-08-20 03:00:00,3,49,51,Low
2024-08-20 04:00:00,4,50,54,Low
2024-08-20 05:00:00,2,44,46,Low
2024-08-20 06:00:00,4,27,49,Low
2024-08-20 07:00:00,3,224,16,High
2024-08-20 08:00:00,3,214,19,High
2024-08-20 09:00:00,2,335,21,High
2024-08-20 10:00:00,4,202,18,High
2024-08-20 11:00:00,4,177,32,Medium
2024-08-20 12:00:00,1,100,28,Medium
2024-08-20 13:00:00,3,158,28,Medium
2024-08-20 14:00:00,2,130,37,Medium
2024-08-20 15:00:00,4,147,31,Medium
2024-08-20 16:00:00,3,108,32,Medium
2024-08-20 17:00:00,4,226,18,High
2024-08-20 18:00:00,2,331,21,High
2024-08-20 19:00:00,2,244,13,High
2024-08-20 20:00:00,3,305,12,High
2024-08-20 21:00:00,2,23,61,Low
2024-08-20 22:00:00,2,88,63,Low
2024-08-20 23:00:00,3,81,56,Low
2024-08-21 00:00:00,1,88,55,Low
2024-08-21 01:00:00,1,90,59,Low
2024-08-21 02:00:00,2,39,54,Low
2024-08-21 03:00:00,1,61,51,Low
2024-08-21 04:00:00,4,23,42,Low
2024-08-21 05:00:00,3,30,59,Low
2024-08-21 06:00:00,4,75,42,Low
2024-08-21 07:00:00,2,240,18,High
2024-08-21 08:00:00,2,277,25,High
2024-08-21 09:00:00,3,233,20,High
2024-08-21 10:00:00,1,264,12,High
2024-08-21 11:00:00,1,186,38,Medium
2024-08-21 12:00:00,3,200,34,Medium
2024-08-21 13:00:00,2,131,29,Medium
2024-08-21 14:00:00,4,154,36,Medium
2024-08-21 15:00:00,2,174,37,Medium
2024-08-21 16:00:00,1,200,31,Medium
2024-08-21 17:00:00,2,347,24,High
2024-08-21 18:00:00,1,221,18,High
2024-08-21 19:00:00,4,289,18,High
2024-08-21 20:00:00,1,332,20,High
2024-08-21 21:00:00,3,95,53,Low
2024-08-21 22:00:00,2,88,61,Low
2024-08-21 23:00:00,1,78,56,Low
2024-08-22 00:00:00,3,58,54,Low
2024-08-22 01:00:00,3,30,52,Low
2024-08-22 02:00:00,1,94,63,Low
2024-08-22 03:00:00,2,99,63,Low
2024-08-22 04:00:00,3,38,44,Low
2024-08-22 05:00:00,2,36,50,Low
2024-08-22 06:00:00,3,72,46,Low
2024-08-22 07:00:00,1,300,23,High
2024-08-22 08:00:00,1,282,23,High
2024-08-22 09:00:00,4,208,21,High
2024-08-22 10:00:00,1,250,16,High
2024-08-22 11:00:00,3,138,37,Medium
2024-08-22 12:00:00,2,184,25,Medium
2024-08-22 13:00:00,4,168,26,Medium
2024-08-22 14:00:00,1,174,29,Medium
2024-08-22 15:00:00,2,114,38,Medium
2024-08-22 16:00:00,4,148,27,Medium
2024-08-22 17:00:00,3,333,23,High
2024-08-22 18:00:00,2,264,20,High
2024-08-22 19:00:00,3,241,22,High
2024-08-22 20:00:00,2,250,14,High
2024-08-22 21:00:00,2,71,57,Low
2024-08-22 22:00:00,4,24,64,Low
2024-08-22 23:00:00,3,34,43,Low
2024-08-23 00:00:00,2,20,45,Low
2024-08-23 01:00:00,1,24,40,Low
2024-08-23 02:00:00,1,27,46,Low
2024-08-23 03:00:00,4,50,64,Low
2024-08-23 04:00:00,4,99,56,Low
2024-08-23 05:00:00,3,77,41,Low
2024-08-23 06:00:00,2,76,42,Low
2024-08-23 07:00:00,2,245,15,High
2024-08-23 08:00:00,2,307,23,High
2024-08-23 09:00:00,3,303,18,High
2024-08-23 10:00:00,1,248,10,High
2024-08-23 11:00:00,4,163,30,Medium
2024-08-23 12:00:00,2,173,26,Medium
2024-08-23 13:00:00,1,177,32,Medium
2024-08-23 14:00:00,3,145,37,Medium
2024-08-23 15:00:00,4,153,38,Medium
2024-08-23 16:00:00,4,131,39,Medium
2024-08-23 17:00:00,3,289,24,High
2024-08-23 18:00:00,3,304,16,High
2024-08-23 19:00:00,2,349,10,High
2024-08-23 20:00:00,2,301,23,High
2024-08-23 21:00:00,4,28,49,Low
2024-08-23 22:00:00,4,31,63,Low
2024-08-23 23:00:00,1,46,45,Low
2024-08-24 00:00:00,1,79,56,Low
2024-08-24 01:00:00,4,42,43,Low
2024-08-24 02:00:00,1,85,44,Low
2024-08-24 03:00:00,4,24,56,Low
2024-08-24 04:00:00,4,79,51,Low
2024-08-24 05:00:00,1,38,43,Low
2024-08-24 06:00:00,3,31,49,Low
2024-08-24 07:00:00,2,308,11,High
2024-08-24 08:00:00,2,211,12,High
2024-08-24 09:00:00,3,277,20,High
2024-08-24 10:00:00,2,347,24,High
2024-08-24 11:00:00,2,155,34,Medium
2024-08-24 12:00:00,2,173,25,Medium
2024-08-24 13:00:00,3,186,33,Medium
2024-08-24 14:00:00,4,139,27,Medium
2024-08-24 15:00:00,4,142,33,Medium
2024-08-24 16:00:00,1,112,36,Medium
2024-08-24 17:00:00,2,296,10,High
2024-08-24 18:00:00,2,228,18,High
2024-08-24 19:00:00,2,224,19,High
2024-08-24 20:00:00,3,289,14,High
2024-08-24 21:00:00,1,29,53,Low
2024-08-24 22:00:00,3,59,47,Low
2024-08-24 23:00:00,2,35,64,Low
2024-08-25 00:00:00,4,75,64,Low
2024-08-25 01:00:00,3,24,62,Low
2024-08-25 02:00:00,2,97,43,Low
2024-08-25 03:00:00,3,32,57,Low
2024-08-25 04:00:00,2,23,57,Low
2024-08-25 05:00:00,2,96,57,Low
2024-08-25 06:00:00,1,60,42,Low
2024-08-25 07:00:00,3,279,16,High
2024-08-25 08:00:00,2,260,20,High
2024-08-25 09:00:00,3,312,22,High
2024-08-25 10:00:00,2,278,20,High
2024-08-25 11:00:00,4,133,32,Medium
2024-08-25 12:00:00,3,144,32,Medium
2024-08-25 13:00:00,3,199,38,Medium
2024-08-25 14:00:00,3,128,32,Medium
2024-08-25 15:00:00,2,169,36,Medium
2024-08-25 16:00:00,3,200,30,Medium
2024-08-25 17:00:00,4,204,18,High
2024-08-25 18:00:00,1,291,18,High
2024-08-25 19:00:00,3,321,12,High
2024-08-25 20:00:00,2,205,16,High
2024-08-25 21:00:00,3,91,45,Low
2024-08-25 22:00:00,3,29,53,Low
2024-08-25 23:00:00,2,38,58,Low
2024-08-26 00:00:00,4,94,61,Low
2024-08-26 01:00:00,3,45,59,Low
2024-08-26 02:00:00,3,81,55,Low
2024-08-26 03:00:00,3,62,55,Low
2024-08-26 04:00:00,3,93,58,Low
2024-08-26 05:00:00,1,87,51,Low
2024-08-26 06:00:00,3,99,51,Low
2024-08-26 07:00:00,4,266,19,High
2024-08-26 08:00:00,1,281,20,High
2024-08-26 09:00:00,2,228,24,High
2024-08-26 10:00:00,4,295,19,High
2024-08-26 11:00:00,2,163,27,Medium
2024-08-26 12:00:00,4,111,40,Medium
2024-08-26 13:00:00,2,131,27,Medium
2024-08-26 14:00:00,4,147,37,Medium
2024-08-26 15:00:00,3,157,40,Medium
2024-08-26 16:00:00,1,147,39,Medium
2024-08-26 17:00:00,3,297,23,High
2024-08-26 18:00:00,1,319,24,High
2024-08-26 19:00:00,1,332,19,High
2024-08-26 20:00:00,2,297,13,High
2024-08-26 21:00:00,3,97,56,Low
2024-08-26 22:00:00,2,79,61,Low
2024-08-26 23:00:00,4,99,48,Low
2024-08-27 00:00:00,1,34,40,Low
2024-08-27 01:00:00,1,21,53,Low
2024-08-27 02:00:00,3,78,64,Low
2024-08-27 03:00:00,1,72,51,Low
2024-08-27 04:00:00,1,27,59,Low
2024-08-27 05:00:00,4,94,52,Low
2024-08-27 06:00:00,4,57,49,Low
2024-08-27 07:00:00,4,265,14,High
2024-08-27 08:00:00,2,234,13,High
2024-08-27 09:00:00,3,301,24,High
2024-08-27 10:00:00,1,300,15,High
2024-08-27 11:00:00,2,108,30,Medium
2024-08-27 12:00:00,4,156,37,Medium
2024-08-27 13:00:00,4,152,27,Medium
2024-08-27 14:00:00,4,165,34,Medium
2024-08-27 15:00:00,3,122,38,Medium
2024-08-27 16:00:00,1,187,26,Medium
2024-08-27 17:00:00,4,245,25,High
2024-08-27 18:00:00,1,262,16,High
2024-08-27 19:00:00,4,325,21,High
2024-08-27 20:00:00,2,244,19,High
2024-08-27 21:00:00,4,50,63,Low
2024-08-27 22:00:00,4,96,53,Low
2024-08-27 23:00:00,2,43,52,Low
2024-08-28 00:00:00,1,84,49,Low
2024-08-28 01:00:00,1,27,53,Low
2024-08-28 02:00:00,3,95,58,Low
2024-08-28 03:00:00,3,45,41,Low
2024-08-28 04:00:00,3,44,51,Low
2024-08-28 05:00:00,4,84,52,Low
2024-08-28 06:00:00,3,79,46,Low
2024-08-28 07:00:00,3,322,21,High
2024-08-28 08:00:00,4,265,25,High
2024-08-28 09:00:00,3,290,10,High
2024-08-28 10:00:00,4,258,20,High
2024-08-28 11:00:00,3,158,26,Medium
2024-08-28 12:00:00,3,185,28,Medium
2024-08-28 13:00:00,4,192,32,Medium
2024-08-28 14:00:00,1,130,26,Medium
2024-08-28 15:00:00,1,129,30,Medium
2024-08-28 16:00:00,4,142,30,Medium
2024-08-28 17:00:00,1,243,24,High
2024-08-28 18:00:00,2,329,23,High
2024-08-28 19:00:00,4,264,24,High
2024-08-28 20:00:00,1,276,18,High
2024-08-28 21:00:00,2,98,65,Low
2024-08-28 22:00:00,1,69,64,Low
2024-08-28 23:00:00,3,49,52,Low
2024-08-29 00:00:00,1,40,48,Low
2024-08-29 01:00:00,3,87,45,Low
2024-08-29 02:00:00,3,95,48,Low
2024-08-29 03:00:00,4,77,51,Low
2024-08-29 04:00:00,2,24,63,Low
2024-08-29 05:00:00,1,28,56,Low
2024-08-29 06:00:00,2,56,51,Low
2024-08-29 07:00:00,4,255,11,High
2024-08-29 08:00:00,3,211,11,High
2024-08-29 09:00:00,2,256,20,High
2024-08-29 10:00:00,3,251,19,High
2024-08-29 11:00:00,2,199,26,Medium
2024-08-29 12:00:00,3,104,32,Medium
2024-08-29 13:00:00,3,166,31,Medium
2024-08-29 14:00:00,4,156,37,Medium
2024-08-29 15:00:00,4,153,26,Medium
2024-08-29 16:00:00,3,128,39,Medium
2024-08-29 17:00:00,2,244,17,High
2024-08-29 18:00:00,2,324,23,High
2024-08-29 19:00:00,4,326,21,High
2024-08-29 20:00:00,4,226,11,High
2024-08-29 21:00:00,1,33,58,Low
2024-08-29 22:00:00,3,43,46,Low
2024-08-29 23:00:00,1,81,53,Low
2024-08-30 00:00:00,4,54,56,Low
2024-08-30 01:00:00,1,20,41,Low
2024-08-30 02:00:00,1,75,61,Low
2024-08-30 03:00:00,4,74,65,Low
2024-08-30 04:00:00,2,27,59,Low
2024-08-30 05:00:00,1,69,60,Low
2024-08-30 06:00:00,2,38,40,Low
2024-08-30 07:00:00,4,304,20,High
2024-08-30 08:00:00,2,245,23,High
2024-08-30 09:00:00,1,324,13,High
2024-08-30 10:00:00,4,338,18,High
2024-08-30 11:00:00,3,192,26,Medium
2024-08-30 12:00:00,3,132,40,Medium
2024-08-30 13:00:00,3,149,39,Medium
2024-08-30 14:00:00,4,182,34,Medium
2024-08-30 15:00:00,3,154,36,Medium
2024-08-30 16:00:00,2,151,29,Medium
2024-08-30 17:00:00,1,207,19,High
2024-08-30 18:00:00,2,308,15,High
2024-08-30 19:00:00,1,274,16,High
2024-08-30 20:00:00,1,271,24,High
2024-08-30 21:00:00,2,95,62,Low
2024-08-30 22:00:00,3,62,55,Low
2024-08-30 23:00:00,4,22,59,Low
2024-08-31 00:00:00,4,73,64,Low
2024-08-31 01:00:00,2,78,57,Low
2024-08-31 02:00:00,2,44,46,Low
2024-08-31 03:00:00,3,69,46,Low
2024-08-31 04:00:00,3,46,60,Low
2024-08-31 05:00:00,4,79,65,Low
2024-08-31 06:00:00,1,38,60,Low
2024-08-31 07:00:00,4,217,19,High
2024-08-31 08:00:00,1,273,10,High
2024-08-31 09:00:00,3,265,16,High
2024-08-31 10:00:00,3,256,12,High
2024-08-31 11:00:00,3,109,36,Medium
2024-08-31 12:00:00,3,115,40,Medium
2024-08-31 13:00:00,4,194,28,Medium
2024-08-31 14:00:00,2,151,32,Medium
2024-08-31 15:00:00,4,164,39,Medium
2024-08-31 16:00:00,2,166,25,Medium
2024-08-31 17:00:00,2,254,10,High
2024-08-31 18:00:00,2,278,18,High
2024-08-31 19:00:00,1,223,16,High
2024-08-31 20:00:00,1,221,12,High
2024-08-31 21:00:00,4,56,43,Low
2024-08-31 22:00:00,4,84,63,Low
2024-08-31 23:00:00,4,40,51,Low
2024-09-01 00:00:00,4,25,61,Low
2024-09-01 01:00:00,2,21,41,Low
2024-09-01 02:00:00,1,23,50,Low
2024-09-01 03:00:00,4,85,60,Low
2024-09-01 04:00:00,1,24,57,Low
2024-09-01 05:00:00,1,99,57,Low
2024-09-01 06:00:00,3,86,50,Low
2024-09-01 07:00:00,1,303,23,High
2024-09-01 08:00:00,1,281,19,High
2024-09-01 09:00:00,3,340,22,High
2024-09-01 10:00:00,3,333,13,High
2024-09-01 11:00:00,3,129,28,Medium
2024-09-01 12:00:00,4,162,26,Medium
2024-09-01 13:00:00,3,115,31,Medium
2024-09-01 14:00:00,4,154,37,Medium
2024-09-01 15:00:00,1,106,36,Medium
2024-09-01 16:00:00,4,117,34,Medium
2024-09-01 17:00:00,3,323,10,High
2024-09-01 18:00:00,4,284,22,High
2024-09-01 19:00:00,3,207,12,High
2024-09-01 20:00:00,3,282,18,High
2024-09-01 21:00:00,3,42,65,Low
2024-09-01 22:00:00,1,74,50,Low
2024-09-01 23:00:00,4,35,52,Low
2024-09-02 00:00:00,4,76,45,Low
2024-09-02 01:00:00,3,41,59,Low
2024-09-02 02:00:00,4,61,42,Low
2024-09-02 03:00:00,4,22,58,Low
2024-09-02 04:00:00,1,89,43,Low
2024-09-02 05:00:00,2,78,46,Low
2024-09-02 06:00:00,3,27,47,Low
2024-09-02 07:00:00,3,223,18,High
2024-09-02 08:00:00,4,299,17,High
2024-09-02 09:00:00,3,289,14,High
2024-09-02 10:00:00,1,230,20,High
2024-09-02 11:00:00,2,177,40,Medium
2024-09-02 12:00:00,4,186,26,Medium
2024-09-02 13:00:00,2,167,35,Medium
2024-09-02 14:00:00,3,117,26,Medium
2024-09-02 15:00:00,3,175,39,Medium
2024-09-02 16:00:00,4,189,29,Medium
2024-09-02 17:00:00,2,314,18,High
2024-09-02 18:00:00,2,315,22,High
2024-09-02 19:00:00,4,225,16,High
2024-09-02 20:00:00,3,281,24,High
2024-09-02 21:00:00,4,22,59,Low
2024-09-02 22:00:00,4,48,52,Low
2024-09-02 23:00:00,2,71,48,Low
2024-09-03 00:00:00,3,77,53,Low
2024-09-03 01:00:00,4,70,63,Low
2024-09-03 02:00:00,1,23,47,Low
2024-09-03 03:00:00,1,25,40,Low
2024-09-03 04:00:00,4,53,41,Low
2024-09-03 05:00:00,2,70,64,Low
2024-09-03 06:00:00,3,94,43,Low
2024-09-03 07:00:00,1,270,22,High
2024-09-03 08:00:00,3,245,11,High
2024-09-03 09:00:00,3,297,23,High
2024-09-03 10:00:00,2,268,21,High
2024-09-03 11:00:00,2,158,27,Medium
2024-09-03 12:00:00,1,113,31,Medium
2024-09-03 13:00:00,4,133,26,Medium
2024-09-03 14:00:00,1,102,34,Medium
2024-09-03 15:00:00,4,118,35,Medium
2024-09-03 16:00:00,2,150,40,Medium
2024-09-03 17:00:00,3,322,18,High
2024-09-03 18:00:00,3,244,16,High
2024-09-03 19:00:00,3,268,12,High
2024-09-03 20:00:00,3,306,23,High
2024-09-03 21:00:00,4,26,50,Low
2024-09-03 22:00:00,1,58,58,Low
2024-09-03 23:00:00,3,70,57,Low
2024-09-04 00:00:00,1,68,42,Low
2024-09-04 01:00:00,4,96,61,Low
2024-09-04 02:00:00,1,28,40,Low
2024-09-04 03:00:00,4,98,56,Low
2024-09-04 04:00:00,2,54,41,Low
2024-09-04 05:00:00,4,26,47,Low
2024-09-04 06:00:00,2,32,51,Low
2024-09-04 07:00:00,2,294,13,High
2024-09-04 08:00:00,1,284,10,High
2024-09-04 09:00:00,1,296,21,High
2024-09-04 10:00:00,4,228,24,High
2024-09-04 11:00:00,4,156,40,Medium
2024-09-04 12:00:00,2,178,37,Medium
2024-09-04 13:00:00,3,170,30,Medium
2024-09-04 14:00:00,1,110,25,Medium
2024-09-04 15:00:00,1,179,40,Medium
2024-09-04 16:00:00,4,172,25,Medium
2024-09-04 17:00:00,3,280,25,High
2024-09-04 18:00:00,1,277,10,High
2024-09-04 19:00:00,1,290,19,High
2024-09-04 20:00:00,1,275,17,High
2024-09-04 21:00:00,2,81,48,Low
2024-09-04 22:00:00,3,54,50,Low
2024-09-04 23:00:00,3,28,53,Low
2024-09-05 00:00:00,2,66,44,Low
2024-09-05 01:00:00,1,45,51,Low
2024-09-05 02:00:00,3,26,50,Low
2024-09-05 03:00:00,1,47,60,Low
2024-09-05 04:00:00,2,27,56,Low
2024-09-05 05:00:00,1,34,48,Low
2024-09-05 06:00:00,1,71,47,Low
2024-09-05 07:00:00,1,338,13,High
2024-09-05 08:00:00,1,246,24,High
2024-09-05 09:00:00,3,233,21,High
2024-09-05 10:00:00,3,350,20,High
2024-09-05 11:00:00,3,116,29,Medium
2024-09-05 12:00:00,3,105,28,Medium
2024-09-05 13:00:00,3,108,35,Medium
2024-09-05 14:00:00,2,124,37,Medium
2024-09-05 15:00:00,2,133,30,Medium
2024-09-05 16:00:00,3,126,27,Medium
2024-09-05 17:00:00,1,233,15,High
2024-09-05 18:00:00,3,319,10,High
2024-09-05 19:00:00,1,309,22,High
2024-09-05 20:00:00,2,288,18,High
2024-09-05 21:00:00,2,73,49,Low
2024-09-05 22:00:00,4,57,56,Low
2024-09-05 23:00:00,4,60,51,Low
2024-09-06 00:00:00,4,77,58,Low
2024-09-06 01:00:00,3,85,47,Low
2024-09-06 02:00:00,1,47,49,Low
2024-09-06 03:00:00,2,23,49,Low
2024-09-06 04:00:00,1,25,64,Low
2024-09-06 05:00:00,1,58,47,Low
2024-09-06 06:00:00,1,86,47,Low
2024-09-06 07:00:00,3,244,12,High
2024-09-06 08:00:00,4,220,22,High
2024-09-06 09:00:00,3,278,18,High
2024-09-06 10:00:00,3,241,12,High
2024-09-06 11:00:00,1,122,36,Medium
2024-09-06 12:00:00,2,161,27,Medium
2024-09-06 13:00:00,3,185,33,Medium
2024-09-06 14:00:00,4,126,36,Medium
2024-09-06 15:00:00,3,167,28,Medium
2024-09-06 16:00:00,3,165,37,Medium
2024-09-06 17:00:00,1,219,15,High
2024-09-06 18:00:00,2,208,21,High
2024-09-06 19:00:00,1,297,24,High
2024-09-06 20:00:00,1,324,11,High
2024-09-06 21:00:00,3,88,53,Low
2024-09-06 22:00:00,4,37,62,Low
2024-09-06 23:00:00,2,29,43,Low
2024-09-07 00:00:00,4,33,63,Low
2024-09-07 01:00:00,1,78,60,Low
2024-09-07 02:00:00,3,34,42,Low
2024-09-07 03:00:00,4,73,52,Low
2024-09-07 04:00:00,1,61,47,Low
2024-09-07 05:00:00,2,90,50,Low
2024-09-07 06:00:00,3,24,63,Low
2024-09-07 07:00:00,1,205,11,High
2024-09-07 08:00:00,1,330,10,High
2024-09-07 09:00:00,2,260,24,High
2024-09-07 10:00:00,4,200,23,High
2024-09-07 11:00:00,1,167,39,Medium
2024-09-07 12:00:00,2,160,37,Medium
2024-09-07 13:00:00,4,180,35,Medium
2024-09-07 14:00:00,1,186,32,Medium
2024-09-07 15:00:00,4,128,26,Medium
2024-09-07 16:00:00,1,186,26,Medium
2024-09-07 17:00:00,2,245,10,High
2024-09-07 18:00:00,3,237,23,High
2024-09-07 19:00:00,4,246,15,High
2024-09-07 20:00:00,3,231,24,High
2024-09-07 21:00:00,4,86,61,Low
2024-09-07 22:00:00,4,56,61,Low
2024-09-07 23:00:00,4,31,58,Low
2024-09-08 00:00:00,4,73,47,Low
2024-09-08 01:00:00,2,67,59,Low
2024-09-08 02:00:00,2,20,61,Low
2024-09-08 03:00:00,2,63,56,Low
2024-09-08 04:00:00,2,31,59,Low
2024-09-08 05:00:00,3,57,56,Low
2024-09-08 06:00:00,3,71,51,Low
2024-09-08 07:00:00,1,281,12,High
2024-09-08 08:00:00,3,319,12,High
2024-09-08 09:00:00,3,347,11,High
2024-09-08 10:00:00,4,298,21,High
2024-09-08 11:00:00,4,136,39,Medium
2024-09-08 12:00:00,4,189,27,Medium
2024-09-08 13:00:00,1,118,39,Medium
2024-09-08 14:00:00,3,133,39,Medium
2024-09-08 15:00:00,3,156,30,Medium
2024-09-08 16:00:00,1,195,29,Medium
2024-09-08 17:00:00,2,330,11,High
2024-09-08 18:00:00,3,329,24,High
2024-09-08 19:00:00,3,333,10,High
2024-09-08 20:00:00,1,349,11,High
2024-09-08 21:00:00,2,76,61,Low
2024-09-08 22:00:00,4,65,64,Low
2024-09-08 23:00:00,2,57,42,Low
2024-09-09 00:00:00,1,34,47,Low
2024-09-09 01:00:00,2,99,47,Low
2024-09-09 02:00:00,2,55,53,Low
2024-09-09 03:00:00,4,77,41,Low
2024-09-09 04:00:00,2,21,50,Low
2024-09-09 05:00:00,2,22,41,Low
2024-09-09 06:00:00,1,84,54,Low
2024-09-09 07:00:00,1,272,10,High
2024-09-09 08:00:00,3,347,17,High
2024-09-09 09:00:00,2,263,15,High
2024-09-09 10:00:00,4,330,18,High
2024-09-09 11:00:00,2,186,28,Medium
2024-09-09 12:00:00,3,117,32,Medium
2024-09-09 13:00:00,1,166,38,Medium
2024-09-09 14:00:00,3,198,40,Medium
2024-09-09 15:00:00,3,152,27,Medium
2024-09-09 16:00:00,2,171,29,Medium
2024-09-09 17:00:00,1,238,24,High
2024-09-09 18:00:00,2,277,11,High
2024-09-09 19:00:00,3,297,10,High
2024-09-09 20:00:00,2,350,10,High
2024-09-09 21:00:00,1,38,63,Low
2024-09-09 22:00:00,4,48,61,Low
2024-09-09 23:00:00,4,45,43,Low
2024-09-10 00:00:00,4,50,60,Low
2024-09-10 01:00:00,4,93,60,Low
2024-09-10 02:00:00,3,81,46,Low
2024-09-10 03:00:00,1,84,45,Low
2024-09-10 04:00:00,2,48,52,Low
2024-09-10 05:00:00,1,24,46,Low
2024-09-10 06:00:00,1,53,65,Low
2024-09-10 07:00:00,3,205,17,High
2024-09-10 08:00:00,4,214,13,High
2024-09-10 09:00:00,2,285,12,High
2024-09-10 10:00:00,4,333,19,High
2024-09-10 11:00:00,2,124,35,Medium
2024-09-10 12:00:00,4,102,35,Medium
2024-09-10 13:00:00,2,153,34,Medium
2024-09-10 14:00:00,1,132,33,Medium
2024-09-10 15:00:00,2,197,30,Medium
2024-09-10 16:00:00,2,123,33,Medium
2024-09-10 17:00:00,3,338,22,High
2024-09-10 18:00:00,3,283,22,High
2024-09-10 19:00:00,2,350,24,High
2024-09-10 20:00:00,4,248,14,High
2024-09-10 21:00:00,4,68,62,Low
2024-09-10 22:00:00,3,78,54,Low
2024-09-10 23:00:00,1,45,49,Low
2024-09-11 00:00:00,2,76,52,Low
2024-09-11 01:00:00,1,90,46,Low
2024-09-11 02:00:00,2,34,49,Low
2024-09-11 03:00:00,2,42,44,Low
2024-09-11 04:00:00,3,25,50,Low
2024-09-11 05:00:00,3,48,49,Low
2024-09-11 06:00:00,1,35,42,Low
2024-09-11 07:00:00,4,229,16,High
2024-09-11 08:00:00,3,350,14,High
2024-09-11 09:00:00,2,234,20,High
2024-09-11 10:00:00,4,266,18,High
2024-09-11 11:00:00,3,174,31,Medium
2024-09-11 12:00:00,4,133,38,Medium
2024-09-11 13:00:00,3,166,39,Medium
2024-09-11 14:00:00,2,143,27,Medium
2024-09-11 15:00:00,4,179,30,Medium
2024-09-11 16:00:00,3,177,36,Medium
2024-09-11 17:00:00,3,231,12,High
2024-09-11 18:00:00,2,231,25,High
2024-09-11 19:00:00,2,318,10,High
2024-09-11 20:00:00,3,200,13,High
2024-09-11 21:00:00,1,64,47,Low
2024-09-11 22:00:00,1,62,57,Low
2024-09-11 23:00:00,1,47,41,Low
2024-09-12 00:00:00,2,25,47,Low
2024-09-12 01:00:00,2,61,42,Low
2024-09-12 02:00:00,3,48,49,Low
2024-09-12 03:00:00,2,64,52,Low
2024-09-12 04:00:00,1,72,51,Low
2024-09-12 05:00:00,3,68,50,Low
2024-09-12 06:00:00,2,49,44,Low
2024-09-12 07:00:00,4,238,13,High
2024-09-12 08:00:00,3,287,11,High
2024-09-12 09:00:00,3,307,19,High
2024-09-12 10:00:00,1,300,25,High
2024-09-12 11:00:00,3,193,30,Medium
2024-09-12 12:00:00,3,155,34,Medium
2024-09-12 13:00:00,2,144,29,Medium
2024-09-12 14:00:00,1,159,27,Medium
2024-09-12 15:00:00,1,185,39,Medium
2024-09-12 16:00:00,4,131,32,Medium
2024-09-12 17:00:00,3,243,23,High
2024-09-12 18:00:00,2,218,15,High
2024-09-12 19:00:00,3,319,16,High
2024-09-12 20:00:00,3,223,16,High
2024-09-12 21:00:00,1,27,46,Low
2024-09-12 22:00:00,2,40,47,Low
2024-09-12 23:00:00,1,93,59,Low
2024-09-13 00:00:00,2,87,60,Low
2024-09-13 01:00:00,3,56,41,Low
2024-09-13 02:00:00,4,47,61,Low
2024-09-13 03:00:00,3,64,40,Low
2024-09-13 04:00:00,4,56,61,Low
2024-09-13 05:00:00,1,99,59,Low
2024-09-13 06:00:00,1,48,56,Low
2024-09-13 07:00:00,4,284,23,High
2024-09-13 08:00:00,4,251,13,High
2024-09-13 09:00:00,1,338,11,High
2024-09-13 10:00:00,4,243,14,High
2024-09-13 11:00:00,1,180,27,Medium
2024-09-13 12:00:00,4,137,30,Medium
2024-09-13 13:00:00,1,179,33,Medium
2024-09-13 14:00:00,3,162,27,Medium
2024-09-13 15:00:00,1,100,29,Medium
2024-09-13 16:00:00,4,199,29,Medium
2024-09-13 17:00:00,2,242,22,High
2024-09-13 18:00:00,1,226,11,High
2024-09-13 19:00:00,3,216,12,High
2024-09-13 20:00:00,4,311,10,High
2024-09-13 21:00:00,1,44,45,Low
2024-09-13 22:00:00,3,45,64,Low
2024-09-13 23:00:00,3,45,53,Low
2024-09-14 00:00:00,1,63,63,Low
2024-09-14 01:00:00,2,61,65,Low
2024-09-14 02:00:00,2,81,58,Low
2024-09-14 03:00:00,2,72,64,Low
2024-09-14 04:00:00,2,96,56,Low
2024-09-14 05:00:00,1,40,48,Low
2024-09-14 06:00:00,3,99,54,Low
2024-09-14 07:00:00,2,340,17,High
2024-09-14 08:00:00,1,217,20,High
2024-09-14 09:00:00,3,225,21,High
2024-09-14 10:00:00,4,205,24,High
2024-09-14 11:00:00,1,146,37,Medium
2024-09-14 12:00:00,4,142,35,Medium
2024-09-14 13:00:00,3,109,34,Medium
2024-09-14 14:00:00,1,101,29,Medium
2024-09-14 15:00:00,2,122,30,Medium
2024-09-14 16:00:00,3,157,33,Medium
2024-09-14 17:00:00,4,204,12,High
2024-09-14 18:00:00,1,247,20,High
2024-09-14 19:00:00,3,338,25,High
2024-09-14 20:00:00,1,262,15,High
2024-09-14 21:00:00,4,47,42,Low
2024-09-14 22:00:00,3,22,40,Low
2024-09-14 23:00:00,1,67,64,Low
2024-09-15 00:00:00,4,66,43,Low
2024-09-15 01:00:00,4,72,62,Low
2024-09-15 02:00:00,3,94,41,Low
2024-09-15 03:00:00,4,62,41,Low
2024-09-15 04:00:00,3,80,62,Low
2024-09-15 05:00:00,3,84,48,Low
2024-09-15 06:00:00,3,81,62,Low
2024-09-15 07:00:00,3,295,19,High
2024-09-15 08:00:00,3,237,17,High
2024-09-15 09:00:00,3,306,11,High
2024-09-15 10:00:00,4,211,22,High
2024-09-15 11:00:00,4,178,33,Medium
2024-09-15 12:00:00,3,107,32,Medium
2024-09-15 13:00:00,2,190,40,Medium
2024-09-15 14:00:00,2,144,26,Medium
2024-09-15 15:00:00,4,113,31,Medium
2024-09-15 16:00:00,3,194,39,Medium
2024-09-15 17:00:00,4,350,23,High
2024-09-15 18:00:00,3,241,22,High
2024-09-15 19:00:00,2,223,18,High
2024-09-15 20:00:00,3,225,23,High
2024-09-15 21:00:00,4,61,54,Low
2024-09-15 22:00:00,4,87,63,Low
2024-09-15 23:00:00,2,42,52,Low
2024-09-16 00:00:00,1,32,57,Low
2024-09-16 01:00:00,3,47,45,Low
2024-09-16 02:00:00,3,36,42,Low
2024-09-16 03:00:00,4,80,63,Low
2024-09-16 04:00:00,4,47,64,Low
2024-09-16 05:00:00,3,100,45,Low
2024-09-16 06:00:00,1,100,59,Low
2024-09-16 07:00:00,3,200,18,High
2024-09-16 08:00:00,1,259,12,High
2024-09-16 09:00:00,4,300,19,High
2024-09-16 10:00:00,1,283,25,High
2024-09-16 11:00:00,3,115,38,Medium
2024-09-16 12:00:00,1,125,40,Medium
2024-09-16 13:00:00,1,192,32,Medium
2024-09-16 14:00:00,1,113,31,Medium
2024-09-16 15:00:00,1,125,25,Medium
2024-09-16 16:00:00,3,176,29,Medium
2024-09-16 17:00:00,3,241,10,High
2024-09-16 18:00:00,1,300,15,High
2024-09-16 19:00:00,4,220,12,High
2024-09-16 20:00:00,4,258,24,High
2024-09-16 21:00:00,2,52,48,Low
2024-09-16 22:00:00,3,64,55,Low
2024-09-16 23:00:00,4,85,65,Low
2024-09-17 00:00:00,1,26,48,Low
2024-09-17 01:00:00,1,78,60,Low
2024-09-17 02:00:00,1,48,47,Low
2024-09-17 03:00:00,2,68,65,Low
2024-09-17 04:00:00,3,44,48,Low
2024-09-17 05:00:00,4,54,40,Low
2024-09-17 06:00:00,2,93,55,Low
2024-09-17 07:00:00,4,227,18,High
2024-09-17 08:00:00,1,221,16,High
2024-09-17 09:00:00,2,205,10,High
2024-09-17 10:00:00,2,309,21,High
2024-09-17 11:00:00,3,107,30,Medium
2024-09-17 12:00:00,3,123,32,Medium
2024-09-17 13:00:00,3,175,28,Medium
2024-09-17 14:00:00,2,171,27,Medium
2024-09-17 15:00:00,2,160,28,Medium
2024-09-17 16:00:00,1,139,33,Medium
2024-09-17 17:00:00,4,256,20,High
2024-09-17 18:00:00,3,235,20,High
2024-09-17 19:00:00,2,304,21,High
2024-09-17 20:00:00,1,310,15,High
2024-09-17 21:00:00,2,34,53,Low
2024-09-17 22:00:00,3,57,58,Low
2024-09-17 23:00:00,3,54,41,Low
2024-09-18 00:00:00,2,63,43,Low
2024-09-18 01:00:00,4,55,61,Low
2024-09-18 02:00:00,2,46,54,Low
2024-09-18 03:00:00,2,74,46,Low
2024-09-18 04:00:00,3,86,42,Low
2024-09-18 05:00:00,2,81,50,Low
2024-09-18 06:00:00,1,94,40,Low
2024-09-18 07:00:00,1,304,19,High
2024-09-18 08:00:00,1,262,19,High
2024-09-18 09:00:00,2,236,14,High
2024-09-18 10:00:00,1,248,20,High
2024-09-18 11:00:00,3,140,26,Medium
2024-09-18 12:00:00,4,164,36,Medium
2024-09-18 13:00:00,4,131,26,Medium
2024-09-18 14:00:00,3,138,40,Medium
2024-09-18 15:00:00,3,186,37,Medium
2024-09-18 16:00:00,4,173,29,Medium
2024-09-18 17:00:00,3,308,20,High
2024-09-18 18:00:00,2,242,13,High
2024-09-18 19:00:00,3,222,24,High
2024-09-18 20:00:00,4,347,24,High
2024-09-18 21:00:00,1,73,41,Low
2024-09-18 22:00:00,1,75,55,Low
2024-09-18 23:00:00,1,93,56,Low
2024-09-19 00:00:00,4,38,55,Low
2024-09-19 01:00:00,3,41,51,Low
2024-09-19 02:00:00,3,88,59,Low
2024-09-19 03:00:00,4,40,55,Low
2024-09-19 04:00:00,1,42,59,Low
2024-09-19 05:00:00,3,76,40,Low
2024-09-19 06:00:00,1,40,50,Low
2024-09-19 07:00:00,4,295,12,High
2024-09-19 08:00:00,3,328,25,High
2024-09-19 09:00:00,1,308,21,High
2024-09-19 10:00:00,1,345,17,High
2024-09-19 11:00:00,2,118,31,Medium
2024-09-19 12:00:00,3,188,27,Medium
2024-09-19 13:00:00,2,163,40,Medium
2024-09-19 14:00:00,1,107,38,Medium
2024-09-19 15:00:00,2,145,39,Medium
2024-09-19 16:00:00,3,142,34,Medium
2024-09-19 17:00:00,3,307,16,High
2024-09-19 18:00:00,4,343,12,High
2024-09-19 19:00:00,3,294,13,High
2024-09-19 20:00:00,4,281,16,High
2024-09-19 21:00:00,3,79,41,Low
2024-09-19 22:00:00,4,40,52,Low
2024-09-19 23:00:00,4,46,57,Low
2024-09-20 00:00:00,2,83,53,Low
2024-09-20 01:00:00,3,58,50,Low
2024-09-20 02:00:00,1,72,41,Low
2024-09-20 03:00:00,2,20,65,Low
2024-09-20 04:00:00,3,79,49,Low
2024-09-20 05:00:00,3,52,64,Low
2024-09-20 06:00:00,1,54,41,Low
2024-09-20 07:00:00,4,257,24,High
2024-09-20 08:00:00,4,320,16,High
2024-09-20 09:00:00,2,284,21,High
2024-09-20 10:00:00,3,279,22,High
2024-09-20 11:00:00,1,176,40,Medium
2024-09-20 12:00:00,1,161,32,Medium
2024-09-20 13:00:00,2,193,37,Medium
2024-09-20 14:00:00,1,191,36,Medium
2024-09-20 15:00:00,1,172,26,Medium
2024-09-20 16:00:00,1,107,36,Medium
2024-09-20 17:00:00,4,265,25,High
2024-09-20 18:00:00,1,334,22,High
2024-09-20 19:00:00,3,292,10,High
2024-09-20 20:00:00,2,259,22,High
2024-09-20 21:00:00,3,83,45,Low
2024-09-20 22:00:00,4,79,60,Low
2024-09-20 23:00:00,4,52,46,Low
2024-09-21 00:00:00,3,69,57,Low
2024-09-21 01:00:00,2,64,51,Low
2024-09-21 02:00:00,2,80,56,Low
2024-09-21 03:00:00,3,63,43,Low
2024-09-21 04:00:00,1,75,48,Low
2024-09-21 05:00:00,1,100,65,Low
2024-09-21 06:00:00,3,79,53,Low
2024-09-21 07:00:00,2,224,21,High
2024-09-21 08:00:00,3,296,14,High
2024-09-21 09:00:00,1,274,14,High
2024-09-21 10:00:00,3,230,20,High
2024-09-21 11:00:00,4,137,33,Medium
2024-09-21 12:00:00,4,178,28,Medium
2024-09-21 13:00:00,1,176,39,Medium
2024-09-21 14:00:00,2,120,27,Medium
2024-09-21 15:00:00,1,132,32,Medium
2024-09-21 16:00:00,3,136,27,Medium
2024-09-21 17:00:00,4,214,14,High
2024-09-21 18:00:00,2,240,21,High
2024-09-21 19:00:00,3,341,16,High
2024-09-21 20:00:00,1,224,10,High
2024-09-21 21:00:00,1,37,64,Low
2024-09-21 22:00:00,2,99,63,Low
2024-09-21 23:00:00,2,60,44,Low
2024-09-22 00:00:00,2,62,47,Low
2024-09-22 01:00:00,3,67,64,Low
2024-09-22 02:00:00,1,56,45,Low
2024-09-22 03:00:00,2,72,58,Low
2024-09-22 04:00:00,3,41,40,Low
2024-09-22 05:00:00,2,33,53,Low
2024-09-22 06:00:00,1,55,40,Low
2024-09-22 07:00:00,1,277,22,High
2024-09-22 08:00:00,3,336,25,High
2024-09-22 09:00:00,4,289,22,High
2024-09-22 10:00:00,1,328,20,High
2024-09-22 11:00:00,1,163,33,Medium
2024-09-22 12:00:00,3,127,31,Medium
2024-09-22 13:00:00,4,121,31,Medium
2024-09-22 14:00:00,3,192,37,Medium
2024-09-22 15:00:00,1,126,31,Medium
2024-09-22 16:00:00,2,135,25,Medium
2024-09-22 17:00:00,3,311,15,High
2024-09-22 18:00:00,1,231,11,High
2024-09-22 19:00:00,2,200,22,High
2024-09-22 20:00:00,1,237,12,High
2024-09-22 21:00:00,3,100,64,Low
2024-09-22 22:00:00,3,86,63,Low
2024-09-22 23:00:00,3,86,48,Low
2024-09-23 00:00:00,3,51,42,Low
2024-09-23 01:00:00,2,89,59,Low
2024-09-23 02:00:00,2,22,65,Low
2024-09-23 03:00:00,4,82,44,Low
2024-09-23 04:00:00,4,25,41,Low
2024-09-23 05:00:00,2,29,65,Low
2024-09-23 06:00:00,2,67,51,Low
2024-09-23 07:00:00,2,244,21,High
2024-09-23 08:00:00,1,263,18,High
2024-09-23 09:00:00,1,325,22,High
2024-09-23 10:00:00,3,292,12,High
2024-09-23 11:00:00,1,116,39,Medium
2024-09-23 12:00:00,3,120,29,Medium
2024-09-23 13:00:00,3,108,39,Medium
2024-09-23 14:00:00,3,193,35,Medium
2024-09-23 15:00:00,1,161,39,Medium
2024-09-23 16:00:00,2,162,35,Medium
2024-09-23 17:00:00,4,334,11,High
2024-09-23 18:00:00,3,320,13,High
2024-09-23 19:00:00,1,335,13,High
2024-09-23 20:00:00,4,243,11,High
2024-09-23 21:00:00,1,71,49,Low
2024-09-23 22:00:00,3,69,56,Low
2024-09-23 23:00:00,3,83,55,Low
2024-09-24 00:00:00,4,100,42,Low
2024-09-24 01:00:00,3,96,60,Low
2024-09-24 02:00:00,2,44,59,Low
2024-09-24 03:00:00,2,27,55,Low
2024-09-24 04:00:00,2,57,57,Low
2024-09-24 05:00:00,1,75,62,Low
2024-09-24 06:00:00,3,42,45,Low
2024-09-24 07:00:00,2,327,12,High
2024-09-24 08:00:00,1,347,16,High
2024-09-24 09:00:00,4,327,13,High
2024-09-24 10:00:00,1,293,10,High
2024-09-24 11:00:00,3,106,29,Medium
2024-09-24 12:00:00,3,146,40,Medium
2024-09-24 13:00:00,1,189,37,Medium
2024-09-24 14:00:00,1,158,34,Medium
2024-09-24 15:00:00,3,161,40,Medium
2024-09-24 16:00:00,1,185,30,Medium
2024-09-24 17:00:00,2,325,16,High
2024-09-24 18:00:00,3,244,14,High
2024-09-24 19:00:00,3,216,16,High
2024-09-24 20:00:00,1,276,20,High
2024-09-24 21:00:00,1,100,52,Low
2024-09-24 22:00:00,4,30,61,Low
2024-09-24 23:00:00,2,77,55,Low
2024-09-25 00:00:00,4,52,50,Low
2024-09-25 01:00:00,2,25,58,Low
2024-09-25 02:00:00,1,79,58,Low
2024-09-25 03:00:00,4,41,43,Low
2024-09-25 04:00:00,2,20,59,Low
2024-09-25 05:00:00,2,93,41,Low
2024-09-25 06:00:00,4,98,45,Low
2024-09-25 07:00:00,1,208,20,High
2024-09-25 08:00:00,4,210,20,High
2024-09-25 09:00:00,4,331,19,High
2024-09-25 10:00:00,2,201,24,High
2024-09-25 11:00:00,1,118,31,Medium
2024-09-25 12:00:00,3,120,30,Medium
2024-09-25 13:00:00,2,157,26,Medium
2024-09-25 14:00:00,3,154,27,Medium
2024-09-25 15:00:00,1,175,26,Medium
2024-09-25 16:00:00,3,160,25,Medium
2024-09-25 17:00:00,2,257,18,High
2024-09-25 18:00:00,4,279,11,High
2024-09-25 19:00:00,3,216,17,High
2024-09-25 20:00:00,1,233,16,High
2024-09-25 21:00:00,1,64,40,Low
2024-09-25 22:00:00,1,70,43,Low
2024-09-25 23:00:00,2,83,51,Low
2024-09-26 00:00:00,2,88,52,Low
2024-09-26 01:00:00,3,84,57,Low
2024-09-26 02:00:00,1,91,41,Low
2024-09-26 03:00:00,1,29,47,Low
2024-09-26 04:00:00,3,35,53,Low
2024-09-26 05:00:00,2,72,59,Low
2024-09-26 06:00:00,3,81,58,Low
2024-09-26 07:00:00,3,244,18,High
2024-09-26 08:00:00,3,258,11,High
2024-09-26 09:00:00,1,247,19,High
2024-09-26 10:00:00,3,270,16,High
2024-09-26 11:00:00,3,116,39,Medium
2024-09-26 12:00:00,3,139,40,Medium
2024-09-26 13:00:00,1,141,33,Medium
2024-09-26 14:00:00,2,176,39,Medium
2024-09-26 15:00:00,2,172,35,Medium
2024-09-26 16:00:00,4,177,29,Medium
2024-09-26 17:00:00,2,208,18,High
2024-09-26 18:00:00,3,213,10,High
2024-09-26 19:00:00,3,221,10,High
2024-09-26 20:00:00,1,245,18,High
2024-09-26 21:00:00,3,32,45,Low
2024-09-26 22:00:00,2,51,55,Low
2024-09-26 23:00:00,4,77,64,Low
2024-09-27 00:00:00,3,26,51,Low
2024-09-27 01:00:00,2,23,59,Low
2024-09-27 02:00:00,1,72,54,Low
2024-09-27 03:00:00,1,63,40,Low
2024-09-27 04:00:00,1,84,63,Low
2024-09-27 05:00:00,3,95,54,Low
2024-09-27 06:00:00,4,83,44,Low
2024-09-27 07:00:00,1,215,16,High
2024-09-27 08:00:00,4,243,14,High
2024-09-27 09:00:00,2,332,15,High
2024-09-27 10:00:00,4,336,12,High
2024-09-27 11:00:00,3,129,36,Medium
2024-09-27 12:00:00,4,176,37,Medium
2024-09-27 13:00:00,1,131,36,Medium
2024-09-27 14:00:00,4,166,25,Medium
2024-09-27 15:00:00,1,110,33,Medium
2024-09-27 16:00:00,2,113,38,Medium
2024-09-27 17:00:00,1,209,23,High
2024-09-27 18:00:00,3,340,22,High
2024-09-27 19:00:00,3,251,12,High
2024-09-27 20:00:00,3,257,25,High
2024-09-27 21:00:00,3,98,44,Low
2024-09-27 22:00:00,2,76,54,Low
2024-09-27 23:00:00,1,50,56,Low
2024-09-28 00:00:00,2,65,60,Low
2024-09-28 01:00:00,1,41,57,Low
2024-09-28 02:00:00,1,27,58,Low
2024-09-28 03:00:00,3,79,53,Low
2024-09-28 04:00:00,2,74,52,Low
2024-09-28 05:00:00,2,54,44,Low
2024-09-28 06:00:00,4,21,59,Low
2024-09-28 07:00:00,2,287,15,High
2024-09-28 08:00:00,3,211,23,High
2024-09-28 09:00:00,3,292,15,High
2024-09-28 10:00:00,3,253,25,High
2024-09-28 11:00:00,4,194,37,Medium
2024-09-28 12:00:00,2,113,35,Medium
2024-09-28 13:00:00,4,120,40,Medium
2024-09-28 14:00:00,3,180,32,Medium
2024-09-28 15:00:00,4,183,29,Medium
2024-09-28 16:00:00,4,157,31,Medium
2024-09-28 17:00:00,2,243,19,High
2024-09-28 18:00:00,2,245,14,High
2024-09-28 19:00:00,1,238,22,High
2024-09-28 20:00:00,2,317,20,High
2024-09-28 21:00:00,4,76,43,Low
2024-09-28 22:00:00,4,39,51,Low
2024-09-28 23:00:00,4,46,56,Low
2024-09-29 00:00:00,4,80,54,Low
2024-09-29 01:00:00,4,95,51,Low
2024-09-29 02:00:00,2,55,64,Low
2024-09-29 03:00:00,2,43,50,Low
2024-09-29 04:00:00,3,25,55,Low
2024-09-29 05:00:00,3,32,55,Low
2024-09-29 06:00:00,1,68,40,Low
2024-09-29 07:00:00,2,350,20,High
2024-09-29 08:00:00,3,205,13,High
2024-09-29 09:00:00,3,276,23,High
2024-09-29 10:00:00,4,278,11,High
2024-09-29 11:00:00,3,124,32,Medium
2024-09-29 12:00:00,4,130,33,Medium
2024-09-29 13:00:00,4,189,30,Medium
2024-09-29 14:00:00,2,122,38,Medium
2024-09-29 15:00:00,3,105,38,Medium
2024-09-29 16:00:00,2,185,30,Medium
2024-09-29 17:00:00,2,240,12,High
2024-09-29 18:00:00,4,280,12,High
2024-09-29 19:00:00,3,291,12,High
2024-09-29 20:00:00,1,291,20,High
2024-09-29 21:00:00,4,55,53,Low
2024-09-29 22:00:00,2,85,43,Low
2024-09-29 23:00:00,3,38,59,Low
2024-09-30 00:00:00,1,40,45,Low
2024-09-30 01:00:00,4,63,54,Low
2024-09-30 02:00:00,4,43,62,Low
2024-09-30 03:00:00,2,35,46,Low
2024-09-30 04:00:00,3,73,48,Low
2024-09-30 05:00:00,1,97,46,Low
2024-09-30 06:00:00,1,68,55,Low
2024-09-30 07:00:00,3,299,14,High
2024-09-30 08:00:00,3,299,25,High
2024-09-30 09:00:00,2,254,10,High
2024-09-30 10:00:00,3,273,19,High
2024-09-30 11:00:00,3,161,31,Medium
2024-09-30 12:00:00,4,189,33,Medium
2024-09-30 13:00:00,4,177,40,Medium
2024-09-30 14:00:00,3,166,36,Medium
2024-09-30 15:00:00,1,177,36,Medium
2024-09-30 16:00:00,4,174,38,Medium
2024-09-30 17:00:00,1,342,15,High
2024-09-30 18:00:00,3,299,13,High
2024-09-30 19:00:00,2,319,14,High
2024-09-30 20:00:00,3,311,17,High
2024-09-30 21:00:00,1,29,61,Low
2024-09-30 22:00:00,1,20,64,Low
2024-09-30 23:00:00,4,86,53,Low
2024-10-01 00:00:00,3,86,54,Low
2024-10-01 01:00:00,3,52,45,Low
2024-10-01 02:00:00,1,88,65,Low
2024-10-01 03:00:00,4,94,52,Low
2024-10-01 04:00:00,1,37,50,Low
2024-10-01 05:00:00,1,94,57,Low
2024-10-01 06:00:00,4,42,64,Low
2024-10-01 07:00:00,2,349,15,High
2024-10-01 08:00:00,2,235,24,High
2024-10-01 09:00:00,2,283,24,High
2024-10-01 10:00:00,1,232,23,High
2024-10-01 11:00:00,2,111,27,Medium
2024-10-01 12:00:00,4,105,26,Medium
2024-10-01 13:00:00,3,153,35,Medium
2024-10-01 14:00:00,1,191,33,Medium
2024-10-01 15:00:00,3,123,36,Medium
2024-10-01 16:00:00,1,143,27,Medium
2024-10-01 17:00:00,3,263,17,High
2024-10-01 18:00:00,3,327,11,High
2024-10-01 19:00:00,3,332,24,High
2024-10-01 20:00:00,4,220,22,High
2024-10-01 21:00:00,2,27,65,Low
2024-10-01 22:00:00,3,62,61,Low
2024-10-01 23:00:00,3,84,44,Low
2024-10-02 00:00:00,1,38,57,Low
2024-10-02 01:00:00,4,39,42,Low
2024-10-02 02:00:00,3,87,40,Low
2024-10-02 03:00:00,1,91,55,Low
2024-10-02 04:00:00,2,58,42,Low
2024-10-02 05:00:00,3,47,61,Low
2024-10-02 06:00:00,1,66,44,Low
2024-10-02 07:00:00,1,330,14,High
2024-10-02 08:00:00,2,292,11,High
2024-10-02 09:00:00,1,213,11,High
2024-10-02 10:00:00,2,270,20,High
2024-10-02 11:00:00,1,192,36,Medium
2024-10-02 12:00:00,1,124,28,Medium
2024-10-02 13:00:00,3,193,30,Medium
2024-10-02 14:00:00,2,105,35,Medium
2024-10-02 15:00:00,1,146,40,Medium
2024-10-02 16:00:00,3,181,37,Medium
2024-10-02 17:00:00,3,290,16,High
2024-10-02 18:00:00,4,211,10,High
2024-10-02 19:00:00,4,266,12,High
2024-10-02 20:00:00,1,350,13,High
2024-10-02 21:00:00,4,37,62,Low
2024-10-02 22:00:00,2,55,52,Low
2024-10-02 23:00:00,1,49,43,Low
2024-10-03 00:00:00,4,67,52,Low
2024-10-03 01:00:00,3,29,43,Low
2024-10-03 02:00:00,4,78,52,Low
2024-10-03 03:00:00,1,52,50,Low
2024-10-03 04:00:00,3,65,64,Low
2024-10-03 05:00:00,4,61,45,Low
2024-10-03 06:00:00,4,75,46,Low
2024-10-03 07:00:00,3,274,24,High
2024-10-03 08:00:00,1,266,19,High
2024-10-03 09:00:00,1,246,21,High
2024-10-03 10:00:00,3,262,16,High
2024-10-03 11:00:00,4,114,37,Medium
2024-10-03 12:00:00,4,120,36,Medium
2024-10-03 13:00:00,2,114,36,Medium
2024-10-03 14:00:00,1,149,33,Medium
2024-10-03 15:00:00,4,189,36,Medium
2024-10-03 16:00:00,1,121,36,Medium
2024-10-03 17:00:00,3,211,11,High
2024-10-03 18:00:00,1,340,15,High
2024-10-03 19:00:00,3,200,19,High
2024-10-03 20:00:00,2,261,19,High
2024-10-03 21:00:00,4,65,46,Low
2024-10-03 22:00:00,2,37,50,Low
2024-10-03 23:00:00,1,90,55,Low
2024-10-04 00:00:00,4,54,49,Low
2024-10-04 01:00:00,2,39,63,Low
2024-10-04 02:00:00,2,57,46,Low
2024-10-04 03:00:00,4,88,43,Low
2024-10-04 04:00:00,2,86,45,Low
2024-10-04 05:00:00,4,24,56,Low
2024-10-04 06:00:00,4,21,57,Low
2024-10-04 07:00:00,1,229,13,High
2024-10-04 08:00:00,2,227,20,High
2024-10-04 09:00:00,4,233,21,High
2024-10-04 10:00:00,2,234,10,High
2024-10-04 11:00:00,2,170,28,Medium
2024-10-04 12:00:00,3,187,40,Medium
2024-10-04 13:00:00,2,165,37,Medium
2024-10-04 14:00:00,3,190,32,Medium
2024-10-04 15:00:00,2,123,28,Medium
2024-10-04 16:00:00,2,154,35,Medium
2024-10-04 17:00:00,3,279,18,High
2024-10-04 18:00:00,2,289,17,High
2024-10-04 19:00:00,2,228,11,High
2024-10-04 20:00:00,3,200,19,High
2024-10-04 21:00:00,4,22,57,Low
2024-10-04 22:00:00,2,63,52,Low
2024-10-04 23:00:00,2,93,62,Low
2024-10-05 00:00:00,2,44,46,Low
2024-10-05 01:00:00,1,33,63,Low
2024-10-05 02:00:00,3,59,45,Low
2024-10-05 03:00:00,2,58,55,Low
2024-10-05 04:00:00,4,97,55,Low
2024-10-05 05:00:00,1,23,49,Low
2024-10-05 06:00:00,4,44,52,Low
2024-10-05 07:00:00,4,208,10,High
2024-10-05 08:00:00,4,240,25,High
2024-10-05 09:00:00,3,273,10,High
2024-10-05 10:00:00,3,323,19,High
2024-10-05 11:00:00,2,112,28,Medium
2024-10-05 12:00:00,3,116,28,Medium
2024-10-05 13:00:00,4,128,38,Medium
2024-10-05 14:00:00,1,153,27,Medium
2024-10-05 15:00:00,1,143,38,Medium
2024-10-05 16:00:00,1,186,33,Medium
2024-10-05 17:00:00,2,262,25,High
2024-10-05 18:00:00,4,271,16,High
2024-10-05 19:00:00,2,218,15,High
2024-10-05 20:00:00,2,349,20,High
2024-10-05 21:00:00,1,29,43,Low
2024-10-05 22:00:00,2,85,64,Low
2024-10-05 23:00:00,3,29,41,Low
2024-10-06 00:00:00,2,51,63,Low
2024-10-06 01:00:00,3,41,61,Low
2024-10-06 02:00:00,1,26,57,Low
2024-10-06 03:00:00,3,54,53,Low
2024-10-06 04:00:00,3,63,64,Low
2024-10-06 05:00:00,4,56,45,Low
2024-10-06 06:00:00,3,64,61,Low
2024-10-06 07:00:00,1,237,22,High
2024-10-06 08:00:00,3,294,13,High
2024-10-06 09:00:00,3,305,25,High
2024-10-06 10:00:00,1,239,11,High
2024-10-06 11:00:00,2,105,39,Medium
2024-10-06 12:00:00,2,125,26,Medium
2024-10-06 13:00:00,4,125,29,Medium
2024-10-06 14:00:00,3,134,35,Medium
2024-10-06 15:00:00,3,116,31,Medium
2024-10-06 16:00:00,2,191,36,Medium
2024-10-06 17:00:00,1,285,24,High
2024-10-06 18:00:00,4,211,25,High
2024-10-06 19:00:00,3,277,12,High
2024-10-06 20:00:00,2,210,12,High
2024-10-06 21:00:00,2,32,55,Low
2024-10-06 22:00:00,4,30,51,Low
2024-10-06 23:00:00,3,57,49,Low
2024-10-07 00:00:00,1,30,40,Low
2024-10-07 01:00:00,4,91,46,Low
2024-10-07 02:00:00,4,32,63,Low
2024-10-07 03:00:00,1,25,48,Low
2024-10-07 04:00:00,4,24,60,Low
2024-10-07 05:00:00,3,21,59,Low
2024-10-07 06:00:00,1,91,41,Low
2024-10-07 07:00:00,1,313,22,High
2024-10-07 08:00:00,3,223,20,High
2024-10-07 09:00:00,3,255,15,High
2024-10-07 10:00:00,2,339,20,High
2024-10-07 11:00:00,3,157,27,Medium
2024-10-07 12:00:00,4,102,34,Medium
2024-10-07 13:00:00,3,104,27,Medium
2024-10-07 14:00:00,3,133,34,Medium
2024-10-07 15:00:00,2,135,33,Medium
2024-10-07 16:00:00,2,152,30,Medium
2024-10-07 17:00:00,3,274,15,High
2024-10-07 18:00:00,4,329,10,High
2024-10-07 19:00:00,2,232,18,High
2024-10-07 20:00:00,3,210,12,High
2024-10-07 21:00:00,1,94,60,Low
2024-10-07 22:00:00,4,78,40,Low
2024-10-07 23:00:00,3,49,40,Low
2024-10-08 00:00:00,3,49,54,Low
2024-10-08 01:00:00,2,45,42,Low
2024-10-08 02:00:00,4,90,46,Low
2024-10-08 03:00:00,2,55,54,Low
2024-10-08 04:00:00,3,37,59,Low
2024-10-08 05:00:00,3,56,44,Low
2024-10-08 06:00:00,3,84,54,Low
2024-10-08 07:00:00,4,310,22,High
2024-10-08 08:00:00,1,260,15,High
2024-10-08 09:00:00,3,292,23,High
2024-10-08 10:00:00,3,286,25,High
2024-10-08 11:00:00,3,106,32,Medium
2024-10-08 12:00:00,2,131,26,Medium
2024-10-08 13:00:00,4,147,30,Medium
2024-10-08 14:00:00,3,123,31,Medium
2024-10-08 15:00:00,1,136,39,Medium
2024-10-08 16:00:00,3,167,29,Medium
2024-10-08 17:00:00,1,295,19,High
2024-10-08 18:00:00,1,209,12,High
2024-10-08 19:00:00,2,309,24,High
2024-10-08 20:00:00,3,217,10,High
2024-10-08 21:00:00,4,35,61,Low
2024-10-08 22:00:00,1,36,61,Low
2024-10-08 23:00:00,3,96,54,Low
2024-10-09 00:00:00,2,73,59,Low
2024-10-09 01:00:00,3,51,65,Low
2024-10-09 02:00:00,1,33,46,Low
2024-10-09 03:00:00,2,85,50,Low
2024-10-09 04:00:00,2,83,59,Low
2024-10-09 05:00:00,1,22,60,Low
2024-10-09 06:00:00,2,47,45,Low
2024-10-09 07:00:00,1,232,15,High
2024-10-09 08:00:00,4,278,23,High
2024-10-09 09:00:00,3,318,23,High
2024-10-09 10:00:00,3,308,19,High
2024-10-09 11:00:00,2,195,28,Medium
2024-10-09 12:00:00,1,165,39,Medium
2024-10-09 13:00:00,3,163,33,Medium
2024-10-09 14:00:00,3,155,26,Medium
2024-10-09 15:00:00,3,153,28,Medium
2024-10-09 16:00:00,1,113,30,Medium
2024-10-09 17:00:00,4,224,21,High
2024-10-09 18:00:00,1,299,22,High
2024-10-09 19:00:00,1,239,24,High
2024-10-09 20:00:00,3,307,14,High
2024-10-09 21:00:00,2,84,57,Low
2024-10-09 22:00:00,1,58,41,Low
2024-10-09 23:00:00,4,42,61,Low
2024-10-10 00:00:00,4,56,41,Low
2024-10-10 01:00:00,1,88,44,Low
2024-10-10 02:00:00,1,35,43,Low
2024-10-10 03:00:00,4,86,56,Low
2024-10-10 04:00:00,1,34,52,Low
2024-10-10 05:00:00,4,49,62,Low
2024-10-10 06:00:00,4,62,42,Low
2024-10-10 07:00:00,1,321,18,High
2024-10-10 08:00:00,3,335,13,High
2024-10-10 09:00:00,2,339,11,High
2024-10-10 10:00:00,1,261,12,High
2024-10-10 11:00:00,2,184,30,Medium
2024-10-10 12:00:00,4,148,36,Medium
2024-10-10 13:00:00,4,112,27,Medium
2024-10-10 14:00:00,3,118,29,Medium
2024-10-10 15:00:00,2,125,38,Medium
2024-10-10 16:00:00,1,163,36,Medium
2024-10-10 17:00:00,3,299,17,High
2024-10-10 18:00:00,1,286,18,High
2024-10-10 19:00:00,1,218,14,High
2024-10-10 20:00:00,4,319,12,High
2024-10-10 21:00:00,4,60,58,Low
2024-10-10 22:00:00,3,55,43,Low
2024-10-10 23:00:00,4,26,56,Low
2024-10-11 00:00:00,3,46,44,Low
2024-10-11 01:00:00,1,71,40,Low
2024-10-11 02:00:00,3,66,58,Low
2024-10-11 03:00:00,4,32,43,Low
2024-10-11 04:00:00,1,99,57,Low
2024-10-11 05:00:00,1,83,41,Low
2024-10-11 06:00:00,1,91,58,Low
2024-10-11 07:00:00,1,338,22,High
2024-10-11 08:00:00,3,206,10,High
2024-10-11 09:00:00,2,209,20,High
2024-10-11 10:00:00,4,260,22,High
2024-10-11 11:00:00,4,156,27,Medium
2024-10-11 12:00:00,2,125,39,Medium
2024-10-11 13:00:00,3,137,34,Medium
2024-10-11 14:00:00,4,113,33,Medium
2024-10-11 15:00:00,2,125,37,Medium
2024-10-11 16:00:00,3,125,26,Medium
2024-10-11 17:00:00,1,234,13,High
2024-10-11 18:00:00,1,222,23,High
2024-10-11 19:00:00,1,274,18,High
2024-10-11 20:00:00,2,349,18,High
2024-10-11 21:00:00,1,99,48,Low
2024-10-11 22:00:00,3,31,52,Low
2024-10-11 23:00:00,1,56,51,Low
2024-10-12 00:00:00,3,59,59,Low
2024-10-12 01:00:00,1,63,51,Low
2024-10-12 02:00:00,3,46,56,Low
2024-10-12 03:00:00,1,91,50,Low
2024-10-12 04:00:00,3,79,49,Low
2024-10-12 05:00:00,4,86,54,Low
2024-10-12 06:00:00,1,44,44,Low
2024-10-12 07:00:00,4,302,11,High
2024-10-12 08:00:00,3,288,19,High
2024-10-12 09:00:00,4,331,19,High
2024-10-12 10:00:00,2,266,25,High
2024-10-12 11:00:00,2,133,29,Medium
2024-10-12 12:00:00,1,187,37,Medium
2024-10-12 13:00:00,1,102,40,Medium
2024-10-12 14:00:00,4,182,27,Medium
2024-10-12 15:00:00,4,114,31,Medium
2024-10-12 16:00:00,2,155,35,Medium
2024-10-12 17:00:00,1,293,10,High
2024-10-12 18:00:00,2,348,16,High
2024-10-12 19:00:00,3,248,25,High
2024-10-12 20:00:00,4,223,13,High
2024-10-12 21:00:00,2,98,42,Low
2024-10-12 22:00:00,3,54,53,Low
2024-10-12 23:00:00,2,37,49,Low
2024-10-13 00:00:00,1,64,60,Low
2024-10-13 01:00:00,2,84,55,Low
2024-10-13 02:00:00,3,73,44,Low
2024-10-13 03:00:00,4,63,50,Low
2024-10-13 04:00:00,3,92,41,Low
2024-10-13 05:00:00,4,21,60,Low
2024-10-13 06:00:00,1,66,41,Low
2024-10-13 07:00:00,4,334,18,High
2024-10-13 08:00:00,4,268,23,High
2024-10-13 09:00:00,3,275,19,High
2024-10-13 10:00:00,2,258,13,High
2024-10-13 11:00:00,4,101,32,Medium
2024-10-13 12:00:00,2,126,29,Medium
2024-10-13 13:00:00,3,112,35,Medium
2024-10-13 14:00:00,2,182,26,Medium
2024-10-13 15:00:00,2,174,34,Medium
2024-10-13 16:00:00,1,167,27,Medium
2024-10-13 17:00:00,3,334,12,High
2024-10-13 18:00:00,4,347,18,High
2024-10-13 19:00:00,2,255,15,High
2024-10-13 20:00:00,4,328,13,High
2024-10-13 21:00:00,2,28,57,Low
2024-10-13 22:00:00,1,66,56,Low
2024-10-13 23:00:00,3,89,55,Low
2024-10-14 00:00:00,1,47,41,Low
2024-10-14 01:00:00,2,49,59,Low
2024-10-14 02:00:00,3,46,50,Low
2024-10-14 03:00:00,3,68,59,Low
2024-10-14 04:00:00,1,95,47,Low
2024-10-14 05:00:00,1,96,46,Low
2024-10-14 06:00:00,1,27,47,Low
2024-10-14 07:00:00,2,322,13,High
2024-10-14 08:00:00,1,325,20,High
2024-10-14 09:00:00,3,226,18,High
2024-10-14 10:00:00,4,213,20,High
2024-10-14 11:00:00,2,167,31,Medium
2024-10-14 12:00:00,2,139,39,Medium
2024-10-14 13:00:00,2,118,29,Medium
2024-10-14 14:00:00,3,105,27,Medium
2024-10-14 15:00:00,1,114,32,Medium
2024-10-14 16:00:00,3,144,26,Medium
2024-10-14 17:00:00,1,213,14,High
2024-10-14 18:00:00,3,296,24,High
2024-10-14 19:00:00,1,347,14,High
2024-10-14 20:00:00,3,239,22,High
2024-10-14 21:00:00,2,23,52,Low
2024-10-14 22:00:00,4,47,50,Low
2024-10-14 23:00:00,1,42,46,Low
2024-10-15 00:00:00,2,48,64,Low
2024-10-15 01:00:00,1,100,47,Low
2024-10-15 02:00:00,4,80,64,Low
2024-10-15 03:00:00,4,41,45,Low
2024-10-15 04:00:00,2,72,57,Low
2024-10-15 05:00:00,2,83,61,Low
2024-10-15 06:00:00,3,59,48,Low
2024-10-15 07:00:00,4,300,22,High
2024-10-15 08:00:00,4,321,13,High
2024-10-15 09:00:00,1,301,13,High
2024-10-15 10:00:00,1,327,25,High
2024-10-15 11:00:00,4,179,33,Medium
2024-10-15 12:00:00,3,108,26,Medium
2024-10-15 13:00:00,2,132,26,Medium
2024-10-15 14:00:00,3,104,40,Medium
2024-10-15 15:00:00,3,148,37,Medium
2024-10-15 16:00:00,1,129,31,Medium
2024-10-15 17:00:00,1,307,18,High
2024-10-15 18:00:00,3,283,14,High
2024-10-15 19:00:00,3,346,21,High
2024-10-15 20:00:00,2,204,10,High
2024-10-15 21:00:00,3,43,52,Low
2024-10-15 22:00:00,1,35,43,Low
2024-10-15 23:00:00,3,44,44,Low
2024-10-16 00:00:00,1,33,52,Low
2024-10-16 01:00:00,2,49,47,Low
2024-10-16 02:00:00,4,33,65,Low
2024-10-16 03:00:00,1,20,48,Low
2024-10-16 04:00:00,1,33,58,Low
2024-10-16 05:00:00,1,84,42,Low
2024-10-16 06:00:00,2,39,41,Low
2024-10-16 07:00:00,2,234,18,High
2024-10-16 08:00:00,2,228,21,High
2024-10-16 09:00:00,2,349,15,High
2024-10-16 10:00:00,2,302,15,High
2024-10-16 11:00:00,3,137,31,Medium
2024-10-16 12:00:00,4,192,30,Medium
2024-10-16 13:00:00,3,160,38,Medium
2024-10-16 14:00:00,3,126,38,Medium
2024-10-16 15:00:00,3,114,37,Medium
2024-10-16 16:00:00,4,157,34,Medium
2024-10-16 17:00:00,4,205,15,High
2024-10-16 18:00:00,4,345,19,High
2024-10-16 19:00:00,4,318,14,High
2024-10-16 20:00:00,4,243,12,High
2024-10-16 21:00:00,4,94,56,Low
2024-10-16 22:00:00,3,71,57,Low
2024-10-16 23:00:00,2,83,57,Low
2024-10-17 00:00:00,1,91,55,Low
2024-10-17 01:00:00,2,64,61,Low
2024-10-17 02:00:00,1,72,43,Low
2024-10-17 03:00:00,3,31,62,Low
2024-10-17 04:00:00,4,29,44,Low
2024-10-17 05:00:00,3,84,41,Low
2024-10-17 06:00:00,1,72,49,Low
2024-10-17 07:00:00,2,349,14,High
2024-10-17 08:00:00,2,316,24,High
2024-10-17 09:00:00,2,226,25,High
2024-10-17 10:00:00,4,307,24,High
2024-10-17 11:00:00,4,161,37,Medium
2024-10-17 12:00:00,2,123,27,Medium
2024-10-17 13:00:00,1,182,34,Medium
2024-10-17 14:00:00,3,152,38,Medium
2024-10-17 15:00:00,2,105,40,Medium
2024-10-17 16:00:00,4,158,37,Medium
2024-10-17 17:00:00,3,212,13,High
2024-10-17 18:00:00,2,202,16,High
2024-10-17 19:00:00,1,317,11,High
2024-10-17 20:00:00,3,257,12,High
2024-10-17 21:00:00,4,51,55,Low
2024-10-17 22:00:00,4,88,52,Low
2024-10-17 23:00:00,3,26,65,Low
2024-10-18 00:00:00,2,100,40,Low
2024-10-18 01:00:00,1,85,47,Low
2024-10-18 02:00:00,1,63,64,Low
2024-10-18 03:00:00,1,69,61,Low
2024-10-18 04:00:00,4,21,44,Low
2024-10-18 05:00:00,4,57,50,Low
2024-10-18 06:00:00,2,40,63,Low
2024-10-18 07:00:00,4,220,13,High
2024-10-18 08:00:00,1,251,23,High
2024-10-18 09:00:00,4,308,24,High
2024-10-18 10:00:00,3,335,14,High
2024-10-18 11:00:00,2,189,27,Medium
2024-10-18 12:00:00,4,142,37,Medium
2024-10-18 13:00:00,3,171,38,Medium
2024-10-18 14:00:00,2,130,29,Medium
2024-10-18 15:00:00,4,108,31,Medium
2024-10-18 16:00:00,2,141,27,Medium
2024-10-18 17:00:00,2,264,22,High
2024-10-18 18:00:00,4,320,12,High
2024-10-18 19:00:00,3,220,21,High
2024-10-18 20:00:00,2,265,14,High
2024-10-18 21:00:00,3,78,57,Low
2024-10-18 22:00:00,1,90,61,Low
2024-10-18 23:00:00,4,66,50,Low
2024-10-19 00:00:00,4,83,59,Low
2024-10-19 01:00:00,2,81,42,Low
2024-10-19 02:00:00,3,42,63,Low
2024-10-19 03:00:00,2,78,49,Low
2024-10-19 04:00:00,2,54,52,Low
2024-10-19 05:00:00,1,74,65,Low
2024-10-19 06:00:00,2,80,50,Low
2024-10-19 07:00:00,2,268,25,High
2024-10-19 08:00:00,3,240,18,High
2024-10-19 09:00:00,2,205,15,High
2024-10-19 10:00:00,1,206,10,High
2024-10-19 11:00:00,3,141,32,Medium
2024-10-19 12:00:00,1,161,28,Medium
2024-10-19 13:00:00,4,160,32,Medium
2024-10-19 14:00:00,2,127,38,Medium
2024-10-19 15:00:00,2,158,31,Medium
2024-10-19 16:00:00,3,132,37,Medium
2024-10-19 17:00:00,3,311,22,High
2024-10-19 18:00:00,3,222,22,High
2024-10-19 19:00:00,4,230,21,High
2024-10-19 20:00:00,3,232,11,High
2024-10-19 21:00:00,3,75,43,Low
2024-10-19 22:00:00,4,55,55,Low
2024-10-19 23:00:00,3,82,51,Low
2024-10-20 00:00:00,1,73,41,Low
2024-10-20 01:00:00,4,26,51,Low
2024-10-20 02:00:00,3,98,64,Low
2024-10-20 03:00:00,2,60,65,Low
2024-10-20 04:00:00,2,90,59,Low
2024-10-20 05:00:00,1,41,41,Low
2024-10-20 06:00:00,3,26,50,Low
2024-10-20 07:00:00,4,262,15,High
2024-10-20 08:00:00,1,226,19,High
2024-10-20 09:00:00,1,295,19,High
2024-10-20 10:00:00,3,331,22,High
2024-10-20 11:00:00,4,166,34,Medium
2024-10-20 12:00:00,4,120,34,Medium
2024-10-20 13:00:00,3,104,31,Medium
2024-10-20 14:00:00,1,107,28,Medium
2024-10-20 15:00:00,4,104,25,Medium
2024-10-20 16:00:00,4,197,39,Medium
2024-10-20 17:00:00,3,205,25,High
2024-10-20 18:00:00,1,245,25,High
2024-10-20 19:00:00,1,262,24,High
2024-10-20 20:00:00,4,273,23,High
2024-10-20 21:00:00,3,28,41,Low
2024-10-20 22:00:00,3,74,45,Low
2024-10-20 23:00:00,3,77,57,Low
2024-10-21 00:00:00,1,50,54,Low
2024-10-21 01:00:00,2,48,48,Low
2024-10-21 02:00:00,1,85,63,Low
2024-10-21 03:00:00,1,97,40,Low
2024-10-21 04:00:00,4,76,62,Low
2024-10-21 05:00:00,3,24,63,Low
2024-10-21 06:00:00,1,79,49,Low
2024-10-21 07:00:00,3,205,22,High
2024-10-21 08:00:00,3,343,11,High
2024-10-21 09:00:00,1,249,12,High
2024-10-21 10:00:00,4,220,11,High
2024-10-21 11:00:00,2,162,29,Medium
2024-10-21 12:00:00,1,102,29,Medium
2024-10-21 13:00:00,1,132,32,Medium
2024-10-21 14:00:00,3,102,27,Medium
2024-10-21 15:00:00,3,167,28,Medium
2024-10-21 16:00:00,1,137,39,Medium
2024-10-21 17:00:00,3,237,11,High
2024-10-21 18:00:00,2,313,14,High
2024-10-21 19:00:00,1,250,21,High
2024-10-21 20:00:00,1,255,12,High
2024-10-21 21:00:00,4,42,62,Low
2024-10-21 22:00:00,4,27,55,Low
2024-10-21 23:00:00,1,97,61,Low
2024-10-22 00:00:00,4,41,48,Low
2024-10-22 01:00:00,4,94,48,Low
2024-10-22 02:00:00,1,88,54,Low
2024-10-22 03:00:00,3,42,62,Low
2024-10-22 04:00:00,1,53,59,Low
2024-10-22 05:00:00,4,45,42,Low
2024-10-22 06:00:00,3,88,46,Low
2024-10-22 07:00:00,3,222,16,High
2024-10-22 08:00:00,1,312,22,High
2024-10-22 09:00:00,2,200,25,High
2024-10-22 10:00:00,2,210,10,High
2024-10-22 11:00:00,4,151,40,Medium
2024-10-22 12:00:00,3,171,36,Medium
2024-10-22 13:00:00,2,165,35,Medium
2024-10-22 14:00:00,4,185,25,Medium
2024-10-22 15:00:00,4,172,27,Medium
2024-10-22 16:00:00,1,186,33,Medium
2024-10-22 17:00:00,4,314,12,High
2024-10-22 18:00:00,1,300,24,High
2024-10-22 19:00:00,3,229,21,High
2024-10-22 20:00:00,2,260,12,High
2024-10-22 21:00:00,3,42,51,Low
2024-10-22 22:00:00,1,35,41,Low
2024-10-22 23:00:00,1,56,45,Low
2024-10-23 00:00:00,4,62,48,Low
2024-10-23 01:00:00,1,34,57,Low
2024-10-23 02:00:00,4,33,52,Low
2024-10-23 03:00:00,2,64,59,Low
2024-10-23 04:00:00,2,29,51,Low
2024-10-23 05:00:00,3,87,62,Low
2024-10-23 06:00:00,3,57,43,Low
2024-10-23 07:00:00,1,349,17,High
2024-10-23 08:00:00,4,208,14,High
2024-10-23 09:00:00,3,340,15,High
2024-10-23 10:00:00,3,296,19,High
2024-10-23 11:00:00,3,176,37,Medium
2024-10-23 12:00:00,2,116,37,Medium
2024-10-23 13:00:00,1,199,28,Medium
2024-10-23 14:00:00,4,162,29,Medium
2024-10-23 15:00:00,3,130,35,Medium
2024-10-23 16:00:00,2,107,39,Medium
2024-10-23 17:00:00,3,332,10,High
2024-10-23 18:00:00,1,266,12,High
2024-10-23 19:00:00,4,320,23,High
2024-10-23 20:00:00,2,263,12,High
2024-10-23 21:00:00,2,66,40,Low
2024-10-23 22:00:00,4,46,56,Low
2024-10-23 23:00:00,2,81,44,Low
2024-10-24 00:00:00,2,51,63,Low
2024-10-24 01:00:00,4,42,62,Low
2024-10-24 02:00:00,3,60,54,Low
2024-10-24 03:00:00,4,63,48,Low
2024-10-24 04:00:00,3,41,59,Low
2024-10-24 05:00:00,2,84,51,Low
2024-10-24 06:00:00,4,77,61,Low
2024-10-24 07:00:00,3,231,24,High
2024-10-24 08:00:00,4,245,15,High
2024-10-24 09:00:00,2,264,17,High
2024-10-24 10:00:00,3,343,21,High
2024-10-24 11:00:00,1,142,35,Medium
2024-10-24 12:00:00,1,141,25,Medium
2024-10-24 13:00:00,2,181,25,Medium
2024-10-24 14:00:00,3,149,29,Medium
2024-10-24 15:00:00,1,120,29,Medium
2024-10-24 16:00:00,2,131,39,Medium
2024-10-24 17:00:00,1,272,19,High
2024-10-24 18:00:00,1,301,16,High
2024-10-24 19:00:00,4,267,11,High
2024-10-24 20:00:00,2,243,16,High
2024-10-24 21:00:00,3,76,56,Low
2024-10-24 22:00:00,2,62,64,Low
2024-10-24 23:00:00,1,47,62,Low
2024-10-25 00:00:00,1,66,56,Low
2024-10-25 01:00:00,2,72,62,Low
2024-10-25 02:00:00,3,49,64,Low
2024-10-25 03:00:00,4,43,65,Low
2024-10-25 04:00:00,1,33,55,Low
2024-10-25 05:00:00,3,73,42,Low
2024-10-25 06:00:00,3,88,61,Low
2024-10-25 07:00:00,4,280,25,High
2024-10-25 08:00:00,1,268,13,High
2024-10-25 09:00:00,1,335,20,High
2024-10-25 10:00:00,3,216,14,High
2024-10-25 11:00:00,4,130,39,Medium
2024-10-25 12:00:00,3,187,37,Medium
2024-10-25 13:00:00,3,187,34,Medium
2024-10-25 14:00:00,1,184,32,Medium
2024-10-25 15:00:00,3,112,38,Medium
2024-10-25 16:00:00,3,165,36,Medium
2024-10-25 17:00:00,4,345,18,High
2024-10-25 18:00:00,1,241,21,High
2024-10-25 19:00:00,2,238,25,High
2024-10-25 20:00:00,2,343,10,High
2024-10-25 21:00:00,1,25,48,Low
2024-10-25 22:00:00,3,68,57,Low
2024-10-25 23:00:00,4,59,51,Low
2024-10-26 00:00:00,3,25,40,Low
2024-10-26 01:00:00,4,66,40,Low
2024-10-26 02:00:00,2,44,58,Low
2024-10-26 03:00:00,1,88,43,Low
2024-10-26 04:00:00,2,81,43,Low
2024-10-26 05:00:00,2,80,44,Low
2024-10-26 06:00:00,4,63,54,Low
2024-10-26 07:00:00,3,271,11,High
2024-10-26 08:00:00,3,273,12,High
2024-10-26 09:00:00,3,227,15,High
2024-10-26 10:00:00,3,295,19,High
2024-10-26 11:00:00,2,198,26,Medium
2024-10-26 12:00:00,3,103,28,Medium
2024-10-26 13:00:00,3,149,32,Medium
2024-10-26 14:00:00,2,149,33,Medium
2024-10-26 15:00:00,1,178,32,Medium
2024-10-26 16:00:00,2,169,37,Medium
2024-10-26 17:00:00,4,348,12,High
2024-10-26 18:00:00,2,327,22,High
2024-10-26 19:00:00,1,269,16,High
2024-10-26 20:00:00,1,234,18,High
2024-10-26 21:00:00,3,70,51,Low
2024-10-26 22:00:00,2,83,58,Low
2024-10-26 23:00:00,4,63,65,Low
2024-10-27 00:00:00,3,97,59,Low
2024-10-27 01:00:00,4,44,47,Low
2024-10-27 02:00:00,2,62,54,Low
2024-10-27 03:00:00,1,23,51,Low
2024-10-27 04:00:00,4,29,62,Low
2024-10-27 05:00:00,1,98,58,Low
2024-10-27 06:00:00,2,46,49,Low
2024-10-27 07:00:00,4,339,12,High
2024-10-27 08:00:00,3,209,10,High
2024-10-27 09:00:00,4,269,12,High
2024-10-27 10:00:00,4,285,17,High
2024-10-27 11:00:00,1,122,37,Medium
2024-10-27 12:00:00,1,128,32,Medium
2024-10-27 13:00:00,2,154,27,Medium
2024-10-27 14:00:00,3,116,39,Medium
2024-10-27 15:00:00,3,189,40,Medium
2024-10-27 16:00:00,2,189,32,Medium
2024-10-27 17:00:00,4,320,19,High
2024-10-27 18:00:00,2,233,10,High
2024-10-27 19:00:00,2,233,11,High
2024-10-27 20:00:00,2,205,14,High
2024-10-27 21:00:00,3,59,41,Low
2024-10-27 22:00:00,1,98,42,Low
2024-10-27 23:00:00,3,87,50,Low
2024-10-28 00:00:00,2,71,61,Low
2024-10-28 01:00:00,3,25,51,Low
2024-10-28 02:00:00,2,55,46,Low
2024-10-28 03:00:00,3,48,58,Low
2024-10-28 04:00:00,4,93,60,Low
2024-10-28 05:00:00,4,96,59,Low
2024-10-28 06:00:00,3,38,62,Low
2024-10-28 07:00:00,2,232,21,High
2024-10-28 08:00:00,4,242,15,High
2024-10-28 09:00:00,3,317,17,High
2024-10-28 10:00:00,3,349,23,High
2024-10-28 11:00:00,2,184,39,Medium
2024-10-28 12:00:00,2,142,35,Medium
2024-10-28 13:00:00,1,115,38,Medium
2024-10-28 14:00:00,1,169,29,Medium
2024-10-28 15:00:00,4,167,36,Medium
2024-10-28 16:00:00,4,158,36,Medium
2024-10-28 17:00:00,2,238,15,High
2024-10-28 18:00:00,3,340,19,High
2024-10-28 19:00:00,4,334,20,High
2024-10-28 20:00:00,4,342,15,High
2024-10-28 21:00:00,2,29,48,Low
2024-10-28 22:00:00,1,82,55,Low
2024-10-28 23:00:00,4,83,45,Low
2024-10-29 00:00:00,1,43,42,Low
2024-10-29 01:00:00,1,31,55,Low
2024-10-29 02:00:00,2,54,43,Low
2024-10-29 03:00:00,1,66,40,Low
2024-10-29 04:00:00,3,77,56,Low
2024-10-29 05:00:00,4,56,60,Low
2024-10-29 06:00:00,4,46,55,Low
2024-10-29 07:00:00,2,282,19,High
2024-10-29 08:00:00,2,332,17,High
2024-10-29 09:00:00,3,344,20,High
2024-10-29 10:00:00,2,286,25,High
2024-10-29 11:00:00,3,171,30,Medium
2024-10-29 12:00:00,1,146,39,Medium
2024-10-29 13:00:00,1,119,28,Medium
2024-10-29 14:00:00,1,158,32,Medium
2024-10-29 15:00:00,1,107,35,Medium
2024-10-29 16:00:00,4,108,40,Medium
2024-10-29 17:00:00,2,334,23,High
2024-10-29 18:00:00,1,244,25,High
2024-10-29 19:00:00,2,346,25,High
2024-10-29 20:00:00,3,338,18,High
2024-10-29 21:00:00,3,84,61,Low
2024-10-29 22:00:00,3,51,48,Low
2024-10-29 23:00:00,2,89,54,Low
2024-10-30 00:00:00,1,57,50,Low
2024-10-30 01:00:00,4,36,46,Low
2024-10-30 02:00:00,4,86,60,Low
2024-10-30 03:00:00,3,75,54,Low
2024-10-30 04:00:00,3,40,43,Low
2024-10-30 05:00:00,3,67,43,Low
2024-10-30 06:00:00,1,40,63,Low
2024-10-30 07:00:00,1,204,25,High
2024-10-30 08:00:00,2,256,10,High
2024-10-30 09:00:00,2,259,17,High
2024-10-30 10:00:00,4,223,22,High
2024-10-30 11:00:00,1,136,30,Medium
2024-10-30 12:00:00,3,184,30,Medium
2024-10-30 13:00:00,4,196,29,Medium
2024-10-30 14:00:00,1,109,25,Medium
2024-10-30 15:00:00,1,179,38,Medium
2024-10-30 16:00:00,4,170,37,Medium
2024-10-30 17:00:00,3,286,14,High
2024-10-30 18:00:00,2,324,22,High
2024-10-30 19:00:00,3,331,24,High
2024-10-30 20:00:00,3,215,19,High
2024-10-30 21:00:00,1,85,52,Low
2024-10-30 22:00:00,2,80,58,Low
2024-10-30 23:00:00,3,32,59,Low
2024-10-31 00:00:00,2,90,63,Low
2024-10-31 01:00:00,3,51,42,Low
2024-10-31 02:00:00,3,20,64,Low
2024-10-31 03:00:00,3,100,63,Low
2024-10-31 04:00:00,3,40,65,Low
2024-10-31 05:00:00,3,38,47,Low
2024-10-31 06:00:00,3,68,53,Low
2024-10-31 07:00:00,2,335,12,High
2024-10-31 08:00:00,1,311,23,High
2024-10-31 09:00:00,2,271,15,High
2024-10-31 10:00:00,2,240,25,High
2024-10-31 11:00:00,2,195,40,Medium
2024-10-31 12:00:00,1,106,37,Medium
2024-10-31 13:00:00,2,104,36,Medium
2024-10-31 14:00:00,4,182,30,Medium
2024-10-31 15:00:00,3,200,31,Medium
2024-10-31 16:00:00,2,116,31,Medium
2024-10-31 17:00:00,1,233,13,High
2024-10-31 18:00:00,1,302,20,High
2024-10-31 19:00:00,2,220,20,High
2024-10-31 20:00:00,2,320,16,High
2024-10-31 21:00:00,1,76,45,Low
2024-10-31 22:00:00,2,75,40,Low
2024-10-31 23:00:00,4,24,40,Low
2024-11-01 00:00:00,1,23,63,Low
2024-11-01 01:00:00,2,44,62,Low
2024-11-01 02:00:00,2,94,57,Low
2024-11-01 03:00:00,2,94,49,Low
2024-11-01 04:00:00,3,80,43,Low
2024-11-01 05:00:00,1,97,43,Low
2024-11-01 06:00:00,4,32,44,Low
2024-11-01 07:00:00,2,296,21,High
2024-11-01 08:00:00,1,221,15,High
2024-11-01 09:00:00,4,269,13,High
2024-11-01 10:00:00,2,228,17,High
2024-11-01 11:00:00,1,178,28,Medium
2024-11-01 12:00:00,2,115,29,Medium
2024-11-01 13:00:00,3,108,29,Medium
2024-11-01 14:00:00,1,129,39,Medium
2024-11-01 15:00:00,4,183,28,Medium
2024-11-01 16:00:00,2,100,30,Medium
2024-11-01 17:00:00,2,288,15,High
2024-11-01 18:00:00,1,318,23,High
2024-11-01 19:00:00,4,310,23,High
2024-11-01 20:00:00,4,312,14,High
2024-11-01 21:00:00,3,67,42,Low
2024-11-01 22:00:00,3,84,51,Low
2024-11-01 23:00:00,3,20,54,Low
2024-11-02 00:00:00,1,81,59,Low
2024-11-02 01:00:00,3,59,48,Low
2024-11-02 02:00:00,4,56,49,Low
2024-11-02 03:00:00,2,77,64,Low
2024-11-02 04:00:00,1,60,43,Low
2024-11-02 05:00:00,2,82,48,Low
2024-11-02 06:00:00,4,92,52,Low
2024-11-02 07:00:00,1,228,17,High
2024-11-02 08:00:00,3,308,11,High
2024-11-02 09:00:00,3,309,19,High
2024-11-02 10:00:00,2,322,24,High
2024-11-02 11:00:00,3,105,32,Medium
2024-11-02 12:00:00,1,150,38,Medium
2024-11-02 13:00:00,1,126,37,Medium
2024-11-02 14:00:00,4,131,39,Medium
2024-11-02 15:00:00,4,114,26,Medium
2024-11-02 16:00:00,3,155,25,Medium
2024-11-02 17:00:00,1,335,19,High
2024-11-02 18:00:00,1,323,20,High
2024-11-02 19:00:00,2,235,22,High
2024-11-02 20:00:00,1,326,17,High
2024-11-02 21:00:00,4,78,57,Low
2024-11-02 22:00:00,2,42,44,Low
2024-11-02 23:00:00,1,33,47,Low
2024-11-03 00:00:00,2,76,58,Low
2024-11-03 01:00:00,1,83,43,Low
2024-11-03 02:00:00,3,66,52,Low
2024-11-03 03:00:00,3,55,57,Low
2024-11-03 04:00:00,1,36,46,Low
2024-11-03 05:00:00,1,30,43,Low
2024-11-03 06:00:00,1,79,58,Low
2024-11-03 07:00:00,2,243,14,High
2024-11-03 08:00:00,2,212,23,High
2024-11-03 09:00:00,1,329,20,High
2024-11-03 10:00:00,1,298,14,High
2024-11-03 11:00:00,1,146,34,Medium
2024-11-03 12:00:00,2,153,37,Medium
2024-11-03 13:00:00,1,137,28,Medium
2024-11-03 14:00:00,4,131,25,Medium
2024-11-03 15:00:00,4,138,35,Medium
2024-11-03 16:00:00,2,118,30,Medium
2024-11-03 17:00:00,3,229,25,High
2024-11-03 18:00:00,3,345,12,High
2024-11-03 19:00:00,4,262,22,High
2024-11-03 20:00:00,3,324,19,High
2024-11-03 21:00:00,1,97,41,Low
2024-11-03 22:00:00,2,90,48,Low
2024-11-03 23:00:00,3,30,62,Low
2024-11-04 00:00:00,3,74,53,Low
2024-11-04 01:00:00,2,21,53,Low
2024-11-04 02:00:00,4,70,62,Low
2024-11-04 03:00:00,4,88,48,Low
2024-11-04 04:00:00,1,90,49,Low
2024-11-04 05:00:00,3,25,51,Low
2024-11-04 06:00:00,1,55,56,Low
2024-11-04 07:00:00,2,202,18,High
2024-11-04 08:00:00,2,329,18,High
2024-11-04 09:00:00,3,310,22,High
2024-11-04 10:00:00,4,318,13,High
2024-11-04 11:00:00,4,142,26,Medium
2024-11-04 12:00:00,4,136,25,Medium
2024-11-04 13:00:00,2,157,25,Medium
2024-11-04 14:00:00,1,115,33,Medium
2024-11-04 15:00:00,3,147,31,Medium
2024-11-04 16:00:00,2,156,25,Medium
2024-11-04 17:00:00,2,281,18,High
2024-11-04 18:00:00,2,256,13,High
2024-11-04 19:00:00,1,329,15,High
2024-11-04 20:00:00,3,291,19,High
2024-11-04 21:00:00,3,29,61,Low
2024-11-04 22:00:00,1,80,44,Low
2024-11-04 23:00:00,2,43,40,Low
2024-11-05 00:00:00,2,88,62,Low
2024-11-05 01:00:00,2,84,44,Low
2024-11-05 02:00:00,2,37,49,Low
2024-11-05 03:00:00,4,42,54,Low
2024-11-05 04:00:00,3,26,60,Low
2024-11-05 05:00:00,2,43,45,Low
2024-11-05 06:00:00,3,49,58,Low
2024-11-05 07:00:00,2,208,16,High
2024-11-05 08:00:00,2,314,10,High
2024-11-05 09:00:00,2,327,22,High
2024-11-05 10:00:00,3,265,22,High
2024-11-05 11:00:00,4,149,36,Medium
2024-11-05 12:00:00,3,115,28,Medium
2024-11-05 13:00:00,1,169,27,Medium
2024-11-05 14:00:00,4,130,28,Medium
2024-11-05 15:00:00,1,185,38,Medium
2024-11-05 16:00:00,3,176,30,Medium
2024-11-05 17:00:00,4,236,17,High
2024-11-05 18:00:00,3,347,22,High
2024-11-05 19:00:00,1,285,13,High
2024-11-05 20:00:00,2,262,24,High
2024-11-05 21:00:00,4,52,57,Low
2024-11-05 22:00:00,1,25,48,Low
2024-11-05 23:00:00,2,32,53,Low
2024-11-06 00:00:00,2,73,55,Low
2024-11-06 01:00:00,3,34,44,Low
2024-11-06 02:00:00,2,56,45,Low
2024-11-06 03:00:00,3,97,56,Low
2024-11-06 04:00:00,4,85,51,Low
2024-11-06 05:00:00,1,99,51,Low
2024-11-06 06:00:00,1,48,46,Low
2024-11-06 07:00:00,3,325,23,High
2024-11-06 08:00:00,1,214,12,High
2024-11-06 09:00:00,3,350,21,High
2024-11-06 10:00:00,2,290,10,High
2024-11-06 11:00:00,1,161,37,Medium
2024-11-06 12:00:00,2,183,33,Medium
2024-11-06 13:00:00,3,152,29,Medium
2024-11-06 14:00:00,2,148,36,Medium
2024-11-06 15:00:00,4,162,28,Medium
2024-11-06 16:00:00,2,167,39,Medium
2024-11-06 17:00:00,3,268,12,High
2024-11-06 18:00:00,4,329,15,High
2024-11-06 19:00:00,4,273,25,High
2024-11-06 20:00:00,3,339,20,High
2024-11-06 21:00:00,4,82,41,Low
2024-11-06 22:00:00,1,63,60,Low
2024-11-06 23:00:00,2,54,50,Low
2024-11-07 00:00:00,1,52,62,Low
2024-11-07 01:00:00,3,47,45,Low
2024-11-07 02:00:00,3,85,47,Low
2024-11-07 03:00:00,4,64,44,Low
2024-11-07 04:00:00,3,71,48,Low
2024-11-07 05:00:00,4,44,63,Low
2024-11-07 06:00:00,2,71,44,Low
2024-11-07 07:00:00,4,210,23,High
2024-11-07 08:00:00,2,234,11,High
2024-11-07 09:00:00,2,225,10,High
2024-11-07 10:00:00,1,328,20,High
2024-11-07 11:00:00,2,122,30,Medium
2024-11-07 12:00:00,1,113,31,Medium
2024-11-07 13:00:00,2,117,26,Medium
2024-11-07 14:00:00,4,128,26,Medium
2024-11-07 15:00:00,3,194,27,Medium
2024-11-07 16:00:00,3,141,31,Medium
2024-11-07 17:00:00,3,256,18,High
2024-11-07 18:00:00,4,289,20,High
2024-11-07 19:00:00,2,247,19,High
2024-11-07 20:00:00,2,346,16,High
2024-11-07 21:00:00,2,51,52,Low
2024-11-07 22:00:00,3,61,54,Low
2024-11-07 23:00:00,1,60,47,Low
2024-11-08 00:00:00,2,59,56,Low
2024-11-08 01:00:00,2,85,64,Low
2024-11-08 02:00:00,2,34,40,Low
2024-11-08 03:00:00,2,79,55,Low
2024-11-08 04:00:00,3,74,57,Low
2024-11-08 05:00:00,1,58,65,Low
2024-11-08 06:00:00,1,40,58,Low
2024-11-08 07:00:00,2,296,14,High
2024-11-08 08:00:00,3,322,15,High
2024-11-08 09:00:00,2,215,22,High
2024-11-08 10:00:00,4,279,16,High
2024-11-08 11:00:00,3,102,33,Medium
2024-11-08 12:00:00,2,103,25,Medium
2024-11-08 13:00:00,2,113,38,Medium
2024-11-08 14:00:00,3,101,33,Medium
2024-11-08 15:00:00,1,129,33,Medium
2024-11-08 16:00:00,4,123,36,Medium
2024-11-08 17:00:00,3,207,12,High
2024-11-08 18:00:00,3,307,23,High
2024-11-08 19:00:00,4,203,15,High
2024-11-08 20:00:00,4,341,15,High
2024-11-08 21:00:00,2,100,62,Low
2024-11-08 22:00:00,1,32,46,Low
2024-11-08 23:00:00,1,91,55,Low
2024-11-09 00:00:00,1,70,42,Low
2024-11-09 01:00:00,3,86,41,Low
2024-11-09 02:00:00,3,55,45,Low
2024-11-09 03:00:00,2,51,64,Low
2024-11-09 04:00:00,4,43,59,Low
2024-11-09 05:00:00,2,59,43,Low
2024-11-09 06:00:00,1,68,49,Low
2024-11-09 07:00:00,4,341,11,High
2024-11-09 08:00:00,2,316,24,High
2024-11-09 09:00:00,1,347,23,High
2024-11-09 10:00:00,2,333,23,High
2024-11-09 11:00:00,1,199,40,Medium
2024-11-09 12:00:00,2,160,28,Medium
2024-11-09 13:00:00,1,108,30,Medium
2024-11-09 14:00:00,2,191,31,Medium
2024-11-09 15:00:00,1,200,27,Medium
2024-11-09 16:00:00,4,147,27,Medium
2024-11-09 17:00:00,1,255,21,High
2024-11-09 18:00:00,1,207,20,High
2024-11-09 19:00:00,2,308,14,High
2024-11-09 20:00:00,3,229,22,High
2024-11-09 21:00:00,4,77,44,Low
2024-11-09 22:00:00,1,27,63,Low
2024-11-09 23:00:00,3,29,63,Low
2024-11-10 00:00:00,1,71,48,Low
2024-11-10 01:00:00,4,40,53,Low
2024-11-10 02:00:00,4,97,51,Low
2024-11-10 03:00:00,3,80,49,Low
2024-11-10 04:00:00,3,31,61,Low
2024-11-10 05:00:00,3,31,58,Low
2024-11-10 06:00:00,3,95,56,Low
2024-11-10 07:00:00,3,303,25,High
2024-11-10 08:00:00,2,241,20,High
2024-11-10 09:00:00,1,279,25,High
2024-11-10 10:00:00,1,288,14,High
2024-11-10 11:00:00,1,129,31,Medium
2024-11-10 12:00:00,1,168,27,Medium
2024-11-10 13:00:00,2,147,28,Medium
2024-11-10 14:00:00,3,157,34,Medium
2024-11-10 15:00:00,1,155,34,Medium
2024-11-10 16:00:00,3,196,25,Medium
2024-11-10 17:00:00,1,348,12,High
2024-11-10 18:00:00,3,287,14,High
2024-11-10 19:00:00,3,313,12,High
2024-11-10 20:00:00,3,251,23,High
2024-11-10 21:00:00,2,61,54,Low
2024-11-10 22:00:00,1,51,50,Low
2024-11-10 23:00:00,1,75,43,Low
2024-11-11 00:00:00,3,47,58,Low
2024-11-11 01:00:00,1,76,42,Low
2024-11-11 02:00:00,2,96,56,Low
2024-11-11 03:00:00,2,35,43,Low
2024-11-11 04:00:00,1,44,44,Low
2024-11-11 05:00:00,2,91,46,Low
2024-11-11 06:00:00,1,83,47,Low
2024-11-11 07:00:00,4,285,12,High
2024-11-11 08:00:00,2,240,16,High
2024-11-11 09:00:00,3,267,18,High
2024-11-11 10:00:00,2,314,21,High
2024-11-11 11:00:00,2,156,39,Medium
2024-11-11 12:00:00,4,162,25,Medium
2024-11-11 13:00:00,3,183,28,Medium
2024-11-11 14:00:00,1,169,30,Medium
2024-11-11 15:00:00,1,128,35,Medium
2024-11-11 16:00:00,1,138,37,Medium
2024-11-11 17:00:00,1,277,14,High
2024-11-11 18:00:00,3,335,14,High
2024-11-11 19:00:00,1,307,20,High
2024-11-11 20:00:00,1,272,14,High
2024-11-11 21:00:00,4,26,63,Low
2024-11-11 22:00:00,1,34,60,Low
2024-11-11 23:00:00,2,85,60,Low
2024-11-12 00:00:00,3,78,61,Low
2024-11-12 01:00:00,2,41,58,Low
2024-11-12 02:00:00,4,68,55,Low
2024-11-12 03:00:00,3,100,43,Low
2024-11-12 04:00:00,4,69,42,Low
2024-11-12 05:00:00,2,81,54,Low
2024-11-12 06:00:00,3,95,41,Low
2024-11-12 07:00:00,2,343,10,High
2024-11-12 08:00:00,2,343,22,High
2024-11-12 09:00:00,2,345,12,High
2024-11-12 10:00:00,3,235,17,High
2024-11-12 11:00:00,1,137,30,Medium
2024-11-12 12:00:00,2,149,31,Medium
2024-11-12 13:00:00,1,105,27,Medium
2024-11-12 14:00:00,2,134,28,Medium
2024-11-12 15:00:00,3,155,32,Medium
2024-11-12 16:00:00,3,185,38,Medium
2024-11-12 17:00:00,4,318,25,High
2024-11-12 18:00:00,4,292,13,High
2024-11-12 19:00:00,2,213,18,High
2024-11-12 20:00:00,3,285,14,High
2024-11-12 21:00:00,1,68,49,Low
2024-11-12 22:00:00,2,72,61,Low
2024-11-12 23:00:00,4,84,53,Low
2024-11-13 00:00:00,4,92,57,Low
2024-11-13 01:00:00,4,77,63,Low
2024-11-13 02:00:00,1,95,65,Low
2024-11-13 03:00:00,3,74,46,Low
2024-11-13 04:00:00,2,59,47,Low
2024-11-13 05:00:00,2,39,54,Low
2024-11-13 06:00:00,4,28,57,Low
2024-11-13 07:00:00,3,281,20,High
2024-11-13 08:00:00,3,324,23,High
2024-11-13 09:00:00,4,271,14,High
2024-11-13 10:00:00,3,270,15,High
2024-11-13 11:00:00,1,106,35,Medium
2024-11-13 12:00:00,3,164,28,Medium
2024-11-13 13:00:00,3,103,32,Medium
2024-11-13 14:00:00,2,121,31,Medium
2024-11-13 15:00:00,2,115,40,Medium
2024-11-13 16:00:00,4,182,39,Medium
2024-11-13 17:00:00,3,259,20,High
2024-11-13 18:00:00,2,293,21,High
2024-11-13 19:00:00,1,261,22,High
2024-11-13 20:00:00,4,341,19,High
2024-11-13 21:00:00,3,59,61,Low
2024-11-13 22:00:00,4,39,57,Low
2024-11-13 23:00:00,2,96,59,Low
2024-11-14 00:00:00,4,42,64,Low
2024-11-14 01:00:00,3,85,51,Low
2024-11-14 02:00:00,4,96,54,Low
2024-11-14 03:00:00,2,57,61,Low
2024-11-14 04:00:00,3,60,43,Low
2024-11-14 05:00:00,4,49,46,Low
2024-11-14 06:00:00,3,74,41,Low
2024-11-14 07:00:00,2,347,23,High
2024-11-14 08:00:00,1,246,20,High
2024-11-14 09:00:00,1,237,24,High
2024-11-14 10:00:00,1,203,17,High
2024-11-14 11:00:00,1,176,25,Medium
2024-11-14 12:00:00,2,196,29,Medium
2024-11-14 13:00:00,2,140,31,Medium
2024-11-14 14:00:00,3,168,33,Medium
2024-11-14 15:00:00,4,198,36,Medium
2024-11-14 16:00:00,2,176,26,Medium
2024-11-14 17:00:00,3,291,16,High
2024-11-14 18:00:00,1,258,15,High
2024-11-14 19:00:00,1,300,13,High
2024-11-14 20:00:00,4,344,21,High
2024-11-14 21:00:00,1,72,55,Low
2024-11-14 22:00:00,3,59,61,Low
2024-11-14 23:00:00,3,89,58,Low
2024-11-15 00:00:00,2,31,57,Low
2024-11-15 01:00:00,4,90,64,Low
2024-11-15 02:00:00,4,38,52,Low
2024-11-15 03:00:00,1,25,50,Low
2024-11-15 04:00:00,4,48,43,Low
2024-11-15 05:00:00,3,48,58,Low
2024-11-15 06:00:00,1,40,63,Low
2024-11-15 07:00:00,2,304,23,High
2024-11-15 08:00:00,1,314,10,High
2024-11-15 09:00:00,4,298,14,High
2024-11-15 10:00:00,1,255,16,High
2024-11-15 11:00:00,2,126,28,Medium
2024-11-15 12:00:00,2,137,27,Medium
2024-11-15 13:00:00,3,138,34,Medium
2024-11-15 14:00:00,2,136,34,Medium
2024-11-15 15:00:00,2,157,36,Medium
2024-11-15 16:00:00,2,194,27,Medium
2024-11-15 17:00:00,2,309,11,High
2024-11-15 18:00:00,1,257,16,High
2024-11-15 19:00:00,2,202,16,High
2024-11-15 20:00:00,4,232,10,High
2024-11-15 21:00:00,3,58,49,Low
2024-11-15 22:00:00,2,30,64,Low
2024-11-15 23:00:00,2,74,48,Low
2024-11-16 00:00:00,4,65,51,Low
2024-11-16 01:00:00,3,70,60,Low
2024-11-16 02:00:00,1,65,60,Low
2024-11-16 03:00:00,4,83,57,Low
2024-11-16 04:00:00,2,67,63,Low
2024-11-16 05:00:00,4,46,45,Low
2024-11-16 06:00:00,3,72,59,Low
2024-11-16 07:00:00,3,297,25,High
2024-11-16 08:00:00,1,251,11,High
2024-11-16 09:00:00,3,285,22,High
2024-11-16 10:00:00,2,257,12,High
2024-11-16 11:00:00,1,118,36,Medium
2024-11-16 12:00:00,2,162,39,Medium
2024-11-16 13:00:00,4,174,28,Medium
2024-11-16 14:00:00,2,135,37,Medium
2024-11-16 15:00:00,2,189,29,Medium
2024-11-16 16:00:00,1,197,40,Medium
2024-11-16 17:00:00,3,205,12,High
2024-11-16 18:00:00,1,249,13,High
2024-11-16 19:00:00,3,293,13,High
2024-11-16 20:00:00,3,253,25,High
2024-11-16 21:00:00,3,56,43,Low
2024-11-16 22:00:00,1,25,53,Low
2024-11-16 23:00:00,3,25,40,Low
2024-11-17 00:00:00,1,48,54,Low
2024-11-17 01:00:00,4,42,57,Low
2024-11-17 02:00:00,2,20,59,Low
2024-11-17 03:00:00,4,27,50,Low
2024-11-17 04:00:00,1,46,64,Low
2024-11-17 05:00:00,2,51,54,Low
2024-11-17 06:00:00,3,76,62,Low
2024-11-17 07:00:00,2,213,11,High
2024-11-17 08:00:00,3,264,23,High
2024-11-17 09:00:00,3,310,23,High
2024-11-17 10:00:00,2,255,18,High
2024-11-17 11:00:00,1,184,36,Medium
2024-11-17 12:00:00,1,101,29,Medium
2024-11-17 13:00:00,4,172,35,Medium
2024-11-17 14:00:00,2,137,38,Medium
2024-11-17 15:00:00,1,132,35,Medium
2024-11-17 16:00:00,2,115,33,Medium
2024-11-17 17:00:00,4,315,23,High
2024-11-17 18:00:00,2,346,24,High
2024-11-17 19:00:00,1,348,18,High
2024-11-17 20:00:00,2,211,25,High
2024-11-17 21:00:00,2,26,62,Low
2024-11-17 22:00:00,2,98,59,Low
2024-11-17 23:00:00,1,54,57,Low
2024-11-18 00:00:00,2,49,48,Low
2024-11-18 01:00:00,1,73,54,Low
2024-11-18 02:00:00,2,61,64,Low
2024-11-18 03:00:00,1,98,52,Low
2024-11-18 04:00:00,1,55,44,Low
2024-11-18 05:00:00,2,42,41,Low
2024-11-18 06:00:00,3,87,56,Low
2024-11-18 07:00:00,3,317,12,High
2024-11-18 08:00:00,4,243,18,High
2024-11-18 09:00:00,2,290,25,High
2024-11-18 10:00:00,4,237,18,High
2024-11-18 11:00:00,4,167,31,Medium
2024-11-18 12:00:00,2,123,26,Medium
2024-11-18 13:00:00,3,118,34,Medium
2024-11-18 14:00:00,1,132,29,Medium
2024-11-18 15:00:00,4,179,26,Medium
2024-11-18 16:00:00,3,152,36,Medium
2024-11-18 17:00:00,1,307,11,High
2024-11-18 18:00:00,3,306,14,High
2024-11-18 19:00:00,2,331,14,High
2024-11-18 20:00:00,1,223,13,High
2024-11-18 21:00:00,2,59,57,Low
2024-11-18 22:00:00,3,27,48,Low
2024-11-18 23:00:00,1,88,53,Low
2024-11-19 00:00:00,4,39,40,Low
2024-11-19 01:00:00,2,82,63,Low
2024-11-19 02:00:00,2,22,55,Low
2024-11-19 03:00:00,1,74,40,Low
2024-11-19 04:00:00,4,92,50,Low
2024-11-19 05:00:00,4,95,60,Low
2024-11-19 06:00:00,4,99,52,Low
2024-11-19 07:00:00,4,349,25,High
2024-11-19 08:00:00,2,312,12,High
2024-11-19 09:00:00,1,238,24,High
2024-11-19 10:00:00,2,212,21,High
2024-11-19 11:00:00,4,182,27,Medium
2024-11-19 12:00:00,4,167,39,Medium
2024-11-19 13:00:00,2,135,29,Medium
2024-11-19 14:00:00,3,180,32,Medium
2024-11-19 15:00:00,1,178,35,Medium
2024-11-19 16:00:00,3,114,34,Medium
2024-11-19 17:00:00,3,232,16,High
2024-11-19 18:00:00,2,214,14,High
2024-11-19 19:00:00,3,271,24,High
2024-11-19 20:00:00,4,317,12,High
2024-11-19 21:00:00,3,41,64,Low
2024-11-19 22:00:00,3,44,57,Low
2024-11-19 23:00:00,3,44,52,Low
2024-11-20 00:00:00,2,46,60,Low
2024-11-20 01:00:00,1,68,42,Low
2024-11-20 02:00:00,3,81,44,Low
2024-11-20 03:00:00,3,88,49,Low
2024-11-20 04:00:00,2,45,40,Low
2024-11-20 05:00:00,4,46,63,Low
2024-11-20 06:00:00,4,47,59,Low
2024-11-20 07:00:00,1,336,12,High
2024-11-20 08:00:00,3,204,18,High
2024-11-20 09:00:00,3,292,12,High
2024-11-20 10:00:00,4,347,20,High
2024-11-20 11:00:00,2,145,26,Medium
2024-11-20 12:00:00,3,108,30,Medium
2024-11-20 13:00:00,1,119,38,Medium
2024-11-20 14:00:00,4,112,32,Medium
2024-11-20 15:00:00,2,142,37,Medium
2024-11-20 16:00:00,1,106,34,Medium
2024-11-20 17:00:00,4,336,11,High
2024-11-20 18:00:00,4,313,25,High
2024-11-20 19:00:00,4,270,23,High
2024-11-20 20:00:00,4,322,12,High
2024-11-20 21:00:00,1,32,54,Low
2024-11-20 22:00:00,3,73,56,Low
2024-11-20 23:00:00,1,24,52,Low
2024-11-21 00:00:00,2,27,58,Low
2024-11-21 01:00:00,1,31,46,Low
2024-11-21 02:00:00,1,85,59,Low
2024-11-21 03:00:00,3,25,65,Low
2024-11-21 04:00:00,1,46,60,Low
2024-11-21 05:00:00,2,51,41,Low
2024-11-21 06:00:00,2,79,51,Low
2024-11-21 07:00:00,2,203,20,High
2024-11-21 08:00:00,4,242,11,High
2024-11-21 09:00:00,3,272,22,High
2024-11-21 10:00:00,1,293,11,High
2024-11-21 11:00:00,1,119,38,Medium
2024-11-21 12:00:00,1,164,36,Medium
2024-11-21 13:00:00,1,172,36,Medium
2024-11-21 14:00:00,4,142,35,Medium
2024-11-21 15:00:00,1,127,25,Medium
2024-11-21 16:00:00,2,172,33,Medium
2024-11-21 17:00:00,3,209,10,High
2024-11-21 18:00:00,2,316,22,High
2024-11-21 19:00:00,4,331,21,High
2024-11-21 20:00:00,2,341,23,High
2024-11-21 21:00:00,1,91,47,Low
2024-11-21 22:00:00,4,39,61,Low
2024-11-21 23:00:00,4,22,56,Low
2024-11-22 00:00:00,4,32,54,Low
2024-11-22 01:00:00,3,91,43,Low
2024-11-22 02:00:00,4,64,52,Low
2024-11-22 03:00:00,1,38,56,Low
2024-11-22 04:00:00,4,62,64,Low
2024-11-22 05:00:00,4,45,64,Low
2024-11-22 06:00:00,3,79,64,Low
2024-11-22 07:00:00,4,224,15,High
2024-11-22 08:00:00,1,291,11,High
2024-11-22 09:00:00,3,250,11,High
2024-11-22 10:00:00,1,262,16,High
2024-11-22 11:00:00,4,108,25,Medium
2024-11-22 12:00:00,4,109,37,Medium
2024-11-22 13:00:00,3,167,27,Medium
2024-11-22 14:00:00,2,167,37,Medium
2024-11-22 15:00:00,3,156,31,Medium
2024-11-22 16:00:00,1,179,39,Medium
2024-11-22 17:00:00,4,247,15,High
2024-11-22 18:00:00,1,337,17,High
2024-11-22 19:00:00,1,320,20,High
2024-11-22 20:00:00,3,250,23,High
2024-11-22 21:00:00,1,66,53,Low
2024-11-22 22:00:00,4,83,54,Low
2024-11-22 23:00:00,2,51,42,Low
2024-11-23 00:00:00,1,87,49,Low
2024-11-23 01:00:00,4,56,55,Low
2024-11-23 02:00:00,2,98,64,Low
2024-11-23 03:00:00,4,38,50,Low
2024-11-23 04:00:00,2,72,52,Low
2024-11-23 05:00:00,2,20,63,Low
2024-11-23 06:00:00,4,55,50,Low
2024-11-23 07:00:00,3,211,21,High
2024-11-23 08:00:00,2,211,13,High
2024-11-23 09:00:00,3,211,15,High
2024-11-23 10:00:00,3,284,25,High
2024-11-23 11:00:00,4,103,25,Medium
2024-11-23 12:00:00,1,195,38,Medium
2024-11-23 13:00:00,1,120,29,Medium
2024-11-23 14:00:00,2,140,37,Medium
2024-11-23 15:00:00,4,144,33,Medium
2024-11-23 16:00:00,4,159,33,Medium
2024-11-23 17:00:00,2,242,23,High
2024-11-23 18:00:00,1,328,19,High
2024-11-23 19:00:00,4,314,18,High
2024-11-23 20:00:00,4,220,25,High
2024-11-23 21:00:00,1,23,61,Low
2024-11-23 22:00:00,1,90,47,Low
2024-11-23 23:00:00,3,61,42,Low
2024-11-24 00:00:00,3,38,43,Low
2024-11-24 01:00:00,3,32,44,Low
2024-11-24 02:00:00,3,31,57,Low
2024-11-24 03:00:00,1,66,46,Low
2024-11-24 04:00:00,2,89,58,Low
2024-11-24 05:00:00,2,52,46,Low
2024-11-24 06:00:00,4,35,64,Low
2024-11-24 07:00:00,3,317,25,High
2024-11-24 08:00:00,4,229,19,High
2024-11-24 09:00:00,2,261,22,High
2024-11-24 10:00:00,4,230,18,High
2024-11-24 11:00:00,4,180,25,Medium
2024-11-24 12:00:00,3,169,27,Medium
2024-11-24 13:00:00,2,151,31,Medium
2024-11-24 14:00:00,2,194,36,Medium
2024-11-24 15:00:00,4,101,37,Medium
2024-11-24 16:00:00,3,125,32,Medium
2024-11-24 17:00:00,4,244,16,High
2024-11-24 18:00:00,1,327,12,High
2024-11-24 19:00:00,1,217,23,High
2024-11-24 20:00:00,2,278,16,High
2024-11-24 21:00:00,4,25,62,Low
2024-11-24 22:00:00,3,80,56,Low
2024-11-24 23:00:00,2,25,57,Low
2024-11-25 00:00:00,4,64,57,Low
2024-11-25 01:00:00,3,42,62,Low
2024-11-25 02:00:00,1,77,50,Low
2024-11-25 03:00:00,4,44,49,Low
2024-11-25 04:00:00,2,45,51,Low
2024-11-25 05:00:00,4,25,47,Low
2024-11-25 06:00:00,3,69,47,Low
2024-11-25 07:00:00,1,299,20,High
2024-11-25 08:00:00,4,275,18,High
2024-11-25 09:00:00,1,299,18,High
2024-11-25 10:00:00,4,211,25,High
2024-11-25 11:00:00,1,177,25,Medium
2024-11-25 12:00:00,3,159,40,Medium
2024-11-25 13:00:00,3,118,40,Medium
2024-11-25 14:00:00,2,123,35,Medium
2024-11-25 15:00:00,4,160,26,Medium
2024-11-25 16:00:00,2,165,29,Medium
2024-11-25 17:00:00,3,271,12,High
2024-11-25 18:00:00,1,259,14,High
2024-11-25 19:00:00,3,330,19,High
2024-11-25 20:00:00,3,336,19,High
2024-11-25 21:00:00,1,26,57,Low
2024-11-25 22:00:00,2,75,41,Low
2024-11-25 23:00:00,3,100,53,Low
2024-11-26 00:00:00,1,55,64,Low
2024-11-26 01:00:00,1,24,49,Low
2024-11-26 02:00:00,1,72,40,Low
2024-11-26 03:00:00,3,25,57,Low
2024-11-26 04:00:00,2,61,62,Low
2024-11-26 05:00:00,3,29,40,Low
2024-11-26 06:00:00,1,72,61,Low
2024-11-26 07:00:00,2,275,20,High
2024-11-26 08:00:00,4,247,13,High
2024-11-26 09:00:00,2,321,24,High
2024-11-26 10:00:00,2,214,11,High
2024-11-26 11:00:00,2,152,30,Medium
2024-11-26 12:00:00,2,172,30,Medium
2024-11-26 13:00:00,4,188,30,Medium
2024-11-26 14:00:00,2,179,27,Medium
2024-11-26 15:00:00,3,164,38,Medium
2024-11-26 16:00:00,2,134,36,Medium
2024-11-26 17:00:00,1,237,22,High
2024-11-26 18:00:00,2,206,10,High
2024-11-26 19:00:00,2,260,11,High
2024-11-26 20:00:00,1,326,18,High
2024-11-26 21:00:00,4,21,60,Low
2024-11-26 22:00:00,1,83,41,Low
2024-11-26 23:00:00,1,52,61,Low
2024-11-27 00:00:00,2,82,58,Low
2024-11-27 01:00:00,4,26,57,Low
2024-11-27 02:00:00,3,55,63,Low
2024-11-27 03:00:00,3,21,42,Low
2024-11-27 04:00:00,1,20,40,Low
2024-11-27 05:00:00,4,45,55,Low
2024-11-27 06:00:00,2,29,41,Low
2024-11-27 07:00:00,2,241,19,High
2024-11-27 08:00:00,3,336,21,High
2024-11-27 09:00:00,4,246,18,High
2024-11-27 10:00:00,3,306,18,High
2024-11-27 11:00:00,4,171,40,Medium
2024-11-27 12:00:00,3,197,35,Medium
2024-11-27 13:00:00,1,144,26,Medium
2024-11-27 14:00:00,2,152,29,Medium
2024-11-27 15:00:00,4,171,31,Medium
2024-11-27 16:00:00,3,117,27,Medium
2024-11-27 17:00:00,3,275,14,High
2024-11-27 18:00:00,1,232,14,High
2024-11-27 19:00:00,1,299,16,High
2024-11-27 20:00:00,1,326,11,High
2024-11-27 21:00:00,1,66,45,Low
2024-11-27 22:00:00,1,52,52,Low
2024-11-27 23:00:00,1,22,54,Low
2024-11-28 00:00:00,1,78,56,Low
2024-11-28 01:00:00,4,44,41,Low
2024-11-28 02:00:00,1,87,59,Low
2024-11-28 03:00:00,3,94,56,Low
2024-11-28 04:00:00,1,51,53,Low
2024-11-28 05:00:00,2,26,64,Low
2024-11-28 06:00:00,4,45,46,Low
2024-11-28 07:00:00,1,256,13,High
2024-11-28 08:00:00,1,256,19,High
2024-11-28 09:00:00,4,324,13,High
2024-11-28 10:00:00,2,221,11,High
2024-11-28 11:00:00,1,158,38,Medium
2024-11-28 12:00:00,3,179,35,Medium
2024-11-28 13:00:00,3,154,25,Medium
2024-11-28 14:00:00,2,178,36,Medium
2024-11-28 15:00:00,4,131,32,Medium
2024-11-28 16:00:00,1,112,40,Medium
2024-11-28 17:00:00,2,232,10,High
2024-11-28 18:00:00,1,322,16,High
2024-11-28 19:00:00,4,317,10,High
2024-11-28 20:00:00,1,225,10,High
2024-11-28 21:00:00,1,68,45,Low
2024-11-28 22:00:00,2,72,53,Low
2024-11-28 23:00:00,4,92,40,Low
2024-11-29 00:00:00,1,44,53,Low
2024-11-29 01:00:00,4,93,41,Low
2024-11-29 02:00:00,1,97,53,Low
2024-11-29 03:00:00,4,25,53,Low
2024-11-29 04:00:00,1,98,61,Low
2024-11-29 05:00:00,3,57,55,Low
2024-11-29 06:00:00,3,30,51,Low
2024-11-29 07:00:00,3,232,24,High
2024-11-29 08:00:00,3,224,19,High
2024-11-29 09:00:00,2,349,18,High
2024-11-29 10:00:00,3,280,13,High
2024-11-29 11:00:00,2,108,28,Medium
2024-11-29 12:00:00,1,140,31,Medium
2024-11-29 13:00:00,3,107,39,Medium
2024-11-29 14:00:00,4,142,25,Medium
2024-11-29 15:00:00,2,152,27,Medium
2024-11-29 16:00:00,1,181,29,Medium
2024-11-29 17:00:00,1,210,20,High
2024-11-29 18:00:00,4,223,17,High
2024-11-29 19:00:00,2,206,18,High
2024-11-29 20:00:00,4,341,11,High
2024-11-29 21:00:00,4,95,49,Low
2024-11-29 22:00:00,1,65,55,Low
2024-11-29 23:00:00,2,74,62,Low
2024-11-30 00:00:00,2,73,55,Low
2024-11-30 01:00:00,3,59,40,Low
2024-11-30 02:00:00,2,55,50,Low
2024-11-30 03:00:00,3,27,54,Low
2024-11-30 04:00:00,2,91,46,Low
2024-11-30 05:00:00,1,87,48,Low
2024-11-30 06:00:00,4,35,40,Low
2024-11-30 07:00:00,4,319,23,High
2024-11-30 08:00:00,4,236,16,High
2024-11-30 09:00:00,3,245,17,High
2024-11-30 10:00:00,4,256,24,High
2024-11-30 11:00:00,2,147,26,Medium
2024-11-30 12:00:00,4,129,34,Medium
2024-11-30 13:00:00,2,198,40,Medium
2024-11-30 14:00:00,1,137,31,Medium
2024-11-30 15:00:00,1,192,31,Medium
2024-11-30 16:00:00,1,168,29,Medium
2024-11-30 17:00:00,3,332,10,High
2024-11-30 18:00:00,1,269,16,High
2024-11-30 19:00:00,2,252,20,High
2024-11-30 20:00:00,4,265,19,High
2024-11-30 21:00:00,1,20,57,Low
2024-11-30 22:00:00,1,67,58,Low
2024-11-30 23:00:00,2,76,52,Low
2024-12-01 00:00:00,2,90,44,Low
2024-12-01 01:00:00,3,28,63,Low
2024-12-01 02:00:00,4,74,52,Low
2024-12-01 03:00:00,4,64,57,Low
2024-12-01 04:00:00,3,38,61,Low
2024-12-01 05:00:00,4,75,41,Low
2024-12-01 06:00:00,1,48,42,Low
2024-12-01 07:00:00,1,222,21,High
2024-12-01 08:00:00,3,255,21,High
2024-12-01 09:00:00,2,309,16,High
2024-12-01 10:00:00,2,237,25,High
2024-12-01 11:00:00,4,126,31,Medium
2024-12-01 12:00:00,1,150,30,Medium
2024-12-01 13:00:00,1,190,32,Medium
2024-12-01 14:00:00,2,125,35,Medium
2024-12-01 15:00:00,2,123,37,Medium
2024-12-01 16:00:00,4,170,34,Medium
2024-12-01 17:00:00,2,241,16,High
2024-12-01 18:00:00,3,251,11,High
2024-12-01 19:00:00,2,328,22,High
2024-12-01 20:00:00,4,309,19,High
2024-12-01 21:00:00,3,28,44,Low
2024-12-01 22:00:00,3,68,42,Low
2024-12-01 23:00:00,3,20,52,Low
2024-12-02 00:00:00,3,98,59,Low
2024-12-02 01:00:00,1,49,61,Low
2024-12-02 02:00:00,3,97,45,Low
2024-12-02 03:00:00,2,49,63,Low
2024-12-02 04:00:00,3,29,44,Low
2024-12-02 05:00:00,4,22,59,Low
2024-12-02 06:00:00,2,96,50,Low
2024-12-02 07:00:00,4,237,10,High
2024-12-02 08:00:00,2,300,18,High
2024-12-02 09:00:00,2,332,11,High
2024-12-02 10:00:00,2,306,11,High
2024-12-02 11:00:00,1,196,33,Medium
2024-12-02 12:00:00,2,132,31,Medium
2024-12-02 13:00:00,3,105,37,Medium
2024-12-02 14:00:00,4,108,30,Medium
2024-12-02 15:00:00,3,183,27,Medium
2024-12-02 16:00:00,1,110,25,Medium
2024-12-02 17:00:00,2,311,13,High
2024-12-02 18:00:00,1,208,12,High
2024-12-02 19:00:00,1,277,22,High
2024-12-02 20:00:00,4,334,10,High
2024-12-02 21:00:00,4,74,53,Low
2024-12-02 22:00:00,4,72,41,Low
2024-12-02 23:00:00,4,47,49,Low
2024-12-03 00:00:00,4,34,44,Low
2024-12-03 01:00:00,4,76,46,Low
2024-12-03 02:00:00,3,82,58,Low
2024-12-03 03:00:00,4,31,44,Low
2024-12-03 04:00:00,4,42,65,Low
2024-12-03 05:00:00,4,83,46,Low
2024-12-03 06:00:00,1,48,57,Low
2024-12-03 07:00:00,1,335,21,High
2024-12-03 08:00:00,2,280,12,High
2024-12-03 09:00:00,1,238,19,High
2024-12-03 10:00:00,3,277,24,High
2024-12-03 11:00:00,2,116,31,Medium
2024-12-03 12:00:00,2,132,31,Medium
2024-12-03 13:00:00,4,103,38,Medium
2024-12-03 14:00:00,2,190,28,Medium
2024-12-03 15:00:00,1,171,29,Medium
2024-12-03 16:00:00,1,143,29,Medium
2024-12-03 17:00:00,2,340,24,High
2024-12-03 18:00:00,3,238,22,High
2024-12-03 19:00:00,3,283,16,High
2024-12-03 20:00:00,4,329,16,High
2024-12-03 21:00:00,2,97,56,Low
2024-12-03 22:00:00,2,84,49,Low
2024-12-03 23:00:00,4,99,46,Low
2024-12-04 00:00:00,2,90,45,Low
2024-12-04 01:00:00,4,91,58,Low
2024-12-04 02:00:00,1,66,44,Low
2024-12-04 03:00:00,1,54,44,Low
2024-12-04 04:00:00,4,45,60,Low
2024-12-04 05:00:00,1,81,55,Low
2024-12-04 06:00:00,2,27,62,Low
2024-12-04 07:00:00,2,262,14,High
2024-12-04 08:00:00,1,211,18,High
2024-12-04 09:00:00,4,306,16,High
2024-12-04 10:00:00,2,267,25,High
2024-12-04 11:00:00,3,102,32,Medium
2024-12-04 12:00:00,3,102,33,Medium
2024-12-04 13:00:00,2,116,35,Medium
2024-12-04 14:00:00,2,122,31,Medium
2024-12-04 15:00:00,3,142,25,Medium
2024-12-04 16:00:00,1,132,29,Medium
2024-12-04 17:00:00,3,210,20,High
2024-12-04 18:00:00,4,346,22,High
2024-12-04 19:00:00,3,257,19,High
2024-12-04 20:00:00,3,255,25,High
2024-12-04 21:00:00,4,28,65,Low
2024-12-04 22:00:00,1,30,40,Low
2024-12-04 23:00:00,2,24,45,Low
2024-12-05 00:00:00,4,53,58,Low
2024-12-05 01:00:00,1,39,40,Low
2024-12-05 02:00:00,1,51,58,Low
2024-12-05 03:00:00,3,98,53,Low
2024-12-05 04:00:00,3,73,54,Low
2024-12-05 05:00:00,4,76,55,Low
2024-12-05 06:00:00,1,88,45,Low
2024-12-05 07:00:00,2,234,21,High
2024-12-05 08:00:00,3,229,16,High
2024-12-05 09:00:00,1,225,21,High
2024-12-05 10:00:00,4,265,23,High
2024-12-05 11:00:00,3,169,39,Medium
2024-12-05 12:00:00,2,135,32,Medium
2024-12-05 13:00:00,1,186,29,Medium
2024-12-05 14:00:00,3,146,27,Medium
2024-12-05 15:00:00,3,116,35,Medium
2024-12-05 16:00:00,4,161,38,Medium
2024-12-05 17:00:00,1,328,17,High
2024-12-05 18:00:00,1,302,22,High
2024-12-05 19:00:00,3,232,18,High
2024-12-05 20:00:00,1,275,15,High
2024-12-05 21:00:00,2,50,52,Low
2024-12-05 22:00:00,2,20,65,Low
2024-12-05 23:00:00,4,20,42,Low
2024-12-06 00:00:00,1,96,57,Low
2024-12-06 01:00:00,2,78,61,Low
2024-12-06 02:00:00,3,33,61,Low
2024-12-06 03:00:00,1,37,41,Low
2024-12-06 04:00:00,3,68,55,Low
2024-12-06 05:00:00,3,49,45,Low
2024-12-06 06:00:00,1,47,45,Low
2024-12-06 07:00:00,4,223,17,High
2024-12-06 08:00:00,3,240,21,High
2024-12-06 09:00:00,2,273,17,High
2024-12-06 10:00:00,1,212,20,High
2024-12-06 11:00:00,2,113,34,Medium
2024-12-06 12:00:00,1,167,31,Medium
2024-12-06 13:00:00,4,138,37,Medium
2024-12-06 14:00:00,3,124,38,Medium
2024-12-06 15:00:00,4,129,40,Medium
2024-12-06 16:00:00,4,103,33,Medium
2024-12-06 17:00:00,1,285,21,High
2024-12-06 18:00:00,3,262,21,High
2024-12-06 19:00:00,1,312,25,High
2024-12-06 20:00:00,1,325,10,High
2024-12-06 21:00:00,1,26,48,Low
2024-12-06 22:00:00,4,29,61,Low
2024-12-06 23:00:00,4,35,45,Low
2024-12-07 00:00:00,1,24,53,Low
2024-12-07 01:00:00,2,41,52,Low
2024-12-07 02:00:00,3,47,40,Low
2024-12-07 03:00:00,1,63,65,Low
2024-12-07 04:00:00,2,96,62,Low
2024-12-07 05:00:00,3,91,64,Low
2024-12-07 06:00:00,2,63,53,Low
2024-12-07 07:00:00,2,323,22,High
2024-12-07 08:00:00,1,260,22,High
2024-12-07 09:00:00,3,313,13,High
2024-12-07 10:00:00,3,230,17,High
2024-12-07 11:00:00,2,125,33,Medium
2024-12-07 12:00:00,3,191,38,Medium
2024-12-07 13:00:00,3,156,27,Medium
2024-12-07 14:00:00,1,145,37,Medium
2024-12-07 15:00:00,3,195,35,Medium
2024-12-07 16:00:00,2,112,26,Medium
2024-12-07 17:00:00,3,222,15,High
2024-12-07 18:00:00,4,330,21,High
2024-12-07 19:00:00,2,273,24,High
2024-12-07 20:00:00,1,340,18,High
2024-12-07 21:00:00,2,82,61,Low
2024-12-07 22:00:00,2,66,40,Low
2024-12-07 23:00:00,2,46,49,Low
2024-12-08 00:00:00,4,96,58,Low
2024-12-08 01:00:00,2,77,50,Low
2024-12-08 02:00:00,2,84,52,Low
2024-12-08 03:00:00,1,97,57,Low
2024-12-08 04:00:00,3,39,40,Low
2024-12-08 05:00:00,1,67,51,Low
2024-12-08 06:00:00,4,72,59,Low
2024-12-08 07:00:00,2,230,12,High
2024-12-08 08:00:00,1,332,18,High
2024-12-08 09:00:00,2,262,16,High
2024-12-08 10:00:00,1,221,19,High
2024-12-08 11:00:00,2,172,38,Medium
2024-12-08 12:00:00,3,101,36,Medium
2024-12-08 13:00:00,2,200,25,Medium
2024-12-08 14:00:00,2,110,25,Medium
2024-12-08 15:00:00,2,163,34,Medium
2024-12-08 16:00:00,2,100,37,Medium
2024-12-08 17:00:00,2,283,20,High
2024-12-08 18:00:00,2,228,17,High
2024-12-08 19:00:00,3,317,23,High
2024-12-08 20:00:00,1,347,14,High
2024-12-08 21:00:00,3,39,46,Low
2024-12-08 22:00:00,4,89,65,Low
2024-12-08 23:00:00,2,43,51,Low
2024-12-09 00:00:00,4,94,56,Low
2024-12-09 01:00:00,1,85,60,Low
2024-12-09 02:00:00,2,65,63,Low
2024-12-09 03:00:00,4,67,54,Low
2024-12-09 04:00:00,2,78,44,Low
2024-12-09 05:00:00,1,96,47,Low
2024-12-09 06:00:00,1,66,53,Low
2024-12-09 07:00:00,4,278,20,High
2024-12-09 08:00:00,1,303,14,High
2024-12-09 09:00:00,4,207,23,High
2024-12-09 10:00:00,2,254,23,High
2024-12-09 11:00:00,4,196,35,Medium
2024-12-09 12:00:00,2,196,37,Medium
2024-12-09 13:00:00,4,167,28,Medium
2024-12-09 14:00:00,1,161,39,Medium
2024-12-09 15:00:00,2,197,36,Medium
2024-12-09 16:00:00,4,141,40,Medium
2024-12-09 17:00:00,2,234,20,High
2024-12-09 18:00:00,3,328,22,High
2024-12-09 19:00:00,1,338,14,High
2024-12-09 20:00:00,4,260,23,High
2024-12-09 21:00:00,4,82,59,Low
2024-12-09 22:00:00,1,37,41,Low
2024-12-09 23:00:00,3,88,49,Low
2024-12-10 00:00:00,3,85,60,Low
2024-12-10 01:00:00,4,74,57,Low
2024-12-10 02:00:00,2,70,49,Low
2024-12-10 03:00:00,4,24,52,Low
2024-12-10 04:00:00,4,83,46,Low
2024-12-10 05:00:00,4,63,55,Low
2024-12-10 06:00:00,2,64,64,Low
2024-12-10 07:00:00,4,299,10,High
2024-12-10 08:00:00,4,302,11,High
2024-12-10 09:00:00,3,324,17,High
2024-12-10 10:00:00,1,256,12,High
2024-12-10 11:00:00,2,190,33,Medium
2024-12-10 12:00:00,4,126,35,Medium
2024-12-10 13:00:00,3,176,40,Medium
2024-12-10 14:00:00,2,129,26,Medium
2024-12-10 15:00:00,2,155,26,Medium
2024-12-10 16:00:00,3,118,28,Medium
2024-12-10 17:00:00,4,349,25,High
2024-12-10 18:00:00,3,325,25,High
2024-12-10 19:00:00,3,280,20,High
2024-12-10 20:00:00,4,202,23,High
2024-12-10 21:00:00,1,78,50,Low
2024-12-10 22:00:00,4,72,51,Low
2024-12-10 23:00:00,2,38,58,Low
2024-12-11 00:00:00,2,49,43,Low
2024-12-11 01:00:00,1,56,47,Low
2024-12-11 02:00:00,3,92,44,Low
2024-12-11 03:00:00,4,37,54,Low
2024-12-11 04:00:00,2,50,45,Low
2024-12-11 05:00:00,2,88,42,Low
2024-12-11 06:00:00,2,66,45,Low
2024-12-11 07:00:00,3,307,25,High
2024-12-11 08:00:00,3,242,21,High
2024-12-11 09:00:00,2,340,19,High
2024-12-11 10:00:00,4,306,23,High
2024-12-11 11:00:00,3,125,26,Medium
2024-12-11 12:00:00,1,155,33,Medium
2024-12-11 13:00:00,4,109,36,Medium
2024-12-11 14:00:00,1,159,38,Medium
2024-12-11 15:00:00,4,142,38,Medium
2024-12-11 16:00:00,2,139,37,Medium
2024-12-11 17:00:00,2,210,11,High
2024-12-11 18:00:00,4,315,20,High
2024-12-11 19:00:00,1,328,18,High
2024-12-11 20:00:00,1,205,20,High
2024-12-11 21:00:00,4,63,62,Low
2024-12-11 22:00:00,4,56,50,Low
2024-12-11 23:00:00,4,20,43,Low
2024-12-12 00:00:00,2,41,42,Low
2024-12-12 01:00:00,4,50,50,Low
2024-12-12 02:00:00,1,54,41,Low
2024-12-12 03:00:00,1,94,40,Low
2024-12-12 04:00:00,2,56,59,Low
2024-12-12 05:00:00,3,27,43,Low
2024-12-12 06:00:00,1,56,48,Low
2024-12-12 07:00:00,4,270,20,High
2024-12-12 08:00:00,4,295,24,High
2024-12-12 09:00:00,2,232,25,High
2024-12-12 10:00:00,4,204,23,High
2024-12-12 11:00:00,4,186,31,Medium
2024-12-12 12:00:00,1,133,25,Medium
2024-12-12 13:00:00,2,126,40,Medium
2024-12-12 14:00:00,3,188,40,Medium
2024-12-12 15:00:00,2,135,25,Medium
2024-12-12 16:00:00,4,116,36,Medium
2024-12-12 17:00:00,4,240,12,High
2024-12-12 18:00:00,1,215,16,High
2024-12-12 19:00:00,1,342,21,High
2024-12-12 20:00:00,3,212,25,High
2024-12-12 21:00:00,4,44,61,Low
2024-12-12 22:00:00,3,42,57,Low
2024-12-12 23:00:00,4,88,52,Low
2024-12-13 00:00:00,3,59,55,Low
2024-12-13 01:00:00,2,33,63,Low
2024-12-13 02:00:00,2,63,54,Low
2024-12-13 03:00:00,3,48,57,Low
2024-12-13 04:00:00,1,29,46,Low
2024-12-13 05:00:00,2,39,46,Low
2024-12-13 06:00:00,3,94,53,Low
2024-12-13 07:00:00,2,337,25,High
2024-12-13 08:00:00,4,342,19,High
2024-12-13 09:00:00,2,264,16,High
2024-12-13 10:00:00,2,213,18,High
2024-12-13 11:00:00,3,177,30,Medium
2024-12-13 12:00:00,2,133,39,Medium
2024-12-13 13:00:00,1,145,29,Medium
2024-12-13 14:00:00,2,103,33,Medium
2024-12-13 15:00:00,2,194,40,Medium
2024-12-13 16:00:00,2,127,26,Medium
2024-12-13 17:00:00,4,262,17,High
2024-12-13 18:00:00,1,256,17,High
2024-12-13 19:00:00,4,302,19,High
2024-12-13 20:00:00,4,347,18,High
2024-12-13 21:00:00,4,99,46,Low
2024-12-13 22:00:00,1,66,42,Low
2024-12-13 23:00:00,2,31,64,Low
2024-12-14 00:00:00,1,54,61,Low
2024-12-14 01:00:00,4,59,44,Low
2024-12-14 02:00:00,1,43,42,Low
2024-12-14 03:00:00,1,73,47,Low
2024-12-14 04:00:00,2,53,44,Low
2024-12-14 05:00:00,2,90,55,Low
2024-12-14 06:00:00,3,78,41,Low
2024-12-14 07:00:00,2,269,22,High
2024-12-14 08:00:00,4,298,14,High
2024-12-14 09:00:00,3,266,10,High
2024-12-14 10:00:00,2,324,21,High
2024-12-14 11:00:00,1,176,28,Medium
2024-12-14 12:00:00,2,129,36,Medium
2024-12-14 13:00:00,2,144,27,Medium
2024-12-14 14:00:00,1,170,27,Medium
2024-12-14 15:00:00,1,157,28,Medium
2024-12-14 16:00:00,4,188,37,Medium
2024-12-14 17:00:00,1,272,11,High
2024-12-14 18:00:00,2,304,24,High
2024-12-14 19:00:00,3,205,19,High
2024-12-14 20:00:00,4,275,14,High
2024-12-14 21:00:00,4,87,47,Low
2024-12-14 22:00:00,4,37,47,Low
2024-12-14 23:00:00,1,85,50,Low
2024-12-15 00:00:00,1,27,56,Low
2024-12-15 01:00:00,2,75,49,Low
2024-12-15 02:00:00,2,34,43,Low
2024-12-15 03:00:00,4,89,53,Low
2024-12-15 04:00:00,3,57,55,Low
2024-12-15 05:00:00,4,31,64,Low
2024-12-15 06:00:00,3,56,43,Low
2024-12-15 07:00:00,3,341,16,High
2024-12-15 08:00:00,4,230,19,High
2024-12-15 09:00:00,2,265,14,High
2024-12-15 10:00:00,1,211,12,High
2024-12-15 11:00:00,3,155,30,Medium
2024-12-15 12:00:00,1,160,38,Medium
2024-12-15 13:00:00,1,181,40,Medium
2024-12-15 14:00:00,2,174,30,Medium
2024-12-15 15:00:00,3,194,32,Medium
2024-12-15 16:00:00,3,172,36,Medium
2024-12-15 17:00:00,3,233,22,High
2024-12-15 18:00:00,1,208,17,High
2024-12-15 19:00:00,2,201,23,High
2024-12-15 20:00:00,1,307,16,High
2024-12-15 21:00:00,4,87,51,Low
2024-12-15 22:00:00,4,95,54,Low
2024-12-15 23:00:00,2,29,51,Low
2024-12-16 00:00:00,1,98,57,Low
2024-12-16 01:00:00,4,20,53,Low
2024-12-16 02:00:00,2,70,42,Low
2024-12-16 03:00:00,4,40,41,Low
2024-12-16 04:00:00,3,36,44,Low
2024-12-16 05:00:00,2,64,46,Low
2024-12-16 06:00:00,4,85,53,Low
2024-12-16 07:00:00,4,297,21,High
2024-12-16 08:00:00,3,242,18,High
2024-12-16 09:00:00,2,204,24,High
2024-12-16 10:00:00,3,271,16,High
2024-12-16 11:00:00,2,157,31,Medium
2024-12-16 12:00:00,3,146,40,Medium
2024-12-16 13:00:00,3,119,25,Medium
2024-12-16 14:00:00,3,126,27,Medium
2024-12-16 15:00:00,2,183,28,Medium
2024-12-16 16:00:00,3,102,30,Medium
2024-12-16 17:00:00,4,203,12,High
2024-12-16 18:00:00,4,287,17,High
2024-12-16 19:00:00,3,212,16,High
2024-12-16 20:00:00,2,273,12,High
2024-12-16 21:00:00,4,28,56,Low
2024-12-16 22:00:00,1,71,45,Low
2024-12-16 23:00:00,3,99,54,Low
2024-12-17 00:00:00,1,51,57,Low
2024-12-17 01:00:00,4,74,54,Low
2024-12-17 02:00:00,2,37,62,Low
2024-12-17 03:00:00,1,28,40,Low
2024-12-17 04:00:00,1,90,54,Low
2024-12-17 05:00:00,4,46,56,Low
2024-12-17 06:00:00,1,54,54,Low
2024-12-17 07:00:00,4,278,18,High
2024-12-17 08:00:00,2,245,13,High
2024-12-17 09:00:00,2,319,18,High
2024-12-17 10:00:00,2,213,11,High
2024-12-17 11:00:00,1,116,32,Medium
2024-12-17 12:00:00,1,154,39,Medium
2024-12-17 13:00:00,3,126,33,Medium
2024-12-17 14:00:00,3,178,37,Medium
2024-12-17 15:00:00,2,185,29,Medium
2024-12-17 16:00:00,4,148,26,Medium
2024-12-17 17:00:00,1,314,12,High
2024-12-17 18:00:00,1,204,24,High
2024-12-17 19:00:00,1,293,17,High
2024-12-17 20:00:00,3,238,10,High
2024-12-17 21:00:00,3,69,55,Low
2024-12-17 22:00:00,1,40,63,Low
2024-12-17 23:00:00,3,47,58,Low
2024-12-18 00:00:00,4,65,57,Low
2024-12-18 01:00:00,2,27,53,Low
2024-12-18 02:00:00,2,67,44,Low
2024-12-18 03:00:00,3,45,59,Low
2024-12-18 04:00:00,1,97,60,Low
2024-12-18 05:00:00,3,89,50,Low
2024-12-18 06:00:00,1,93,65,Low
2024-12-18 07:00:00,4,289,17,High
2024-12-18 08:00:00,3,211,20,High
2024-12-18 09:00:00,1,215,14,High
2024-12-18 10:00:00,4,213,12,High
2024-12-18 11:00:00,1,123,28,Medium
2024-12-18 12:00:00,3,167,37,Medium
2024-12-18 13:00:00,4,156,27,Medium
2024-12-18 14:00:00,2,112,26,Medium
2024-12-18 15:00:00,2,165,33,Medium
2024-12-18 16:00:00,3,162,32,Medium
2024-12-18 17:00:00,2,311,24,High
2024-12-18 18:00:00,4,281,20,High
2024-12-18 19:00:00,2,346,14,High
2024-12-18 20:00:00,3,301,16,High
2024-12-18 21:00:00,3,61,64,Low
2024-12-18 22:00:00,1,25,40,Low
2024-12-18 23:00:00,2,20,57,Low
2024-12-19 00:00:00,3,44,60,Low
2024-12-19 01:00:00,2,25,61,Low
2024-12-19 02:00:00,4,94,61,Low
2024-12-19 03:00:00,1,86,59,Low
2024-12-19 04:00:00,4,91,57,Low
2024-12-19 05:00:00,4,20,47,Low
2024-12-19 06:00:00,2,88,41,Low
2024-12-19 07:00:00,2,286,10,High
2024-12-19 08:00:00,1,225,21,High
2024-12-19 09:00:00,2,261,12,High
2024-12-19 10:00:00,2,319,17,High
2024-12-19 11:00:00,4,193,34,Medium
2024-12-19 12:00:00,3,145,28,Medium
2024-12-19 13:00:00,2,164,26,Medium
2024-12-19 14:00:00,1,160,29,Medium
2024-12-19 15:00:00,3,119,29,Medium
2024-12-19 16:00:00,4,199,38,Medium
2024-12-19 17:00:00,4,337,17,High
2024-12-19 18:00:00,3,238,25,High
2024-12-19 19:00:00,2,254,12,High
2024-12-19 20:00:00,2,255,21,High
2024-12-19 21:00:00,3,46,60,Low
2024-12-19 22:00:00,3,95,48,Low
2024-12-19 23:00:00,2,54,45,Low
2024-12-20 00:00:00,3,43,42,Low
2024-12-20 01:00:00,1,89,40,Low
2024-12-20 02:00:00,1,83,45,Low
2024-12-20 03:00:00,4,35,47,Low
2024-12-20 04:00:00,2,52,65,Low
2024-12-20 05:00:00,4,59,52,Low
2024-12-20 06:00:00,3,40,45,Low
2024-12-20 07:00:00,3,270,14,High
2024-12-20 08:00:00,4,336,16,High
2024-12-20 09:00:00,2,214,19,High
2024-12-20 10:00:00,3,240,18,High
2024-12-20 11:00:00,1,141,26,Medium
2024-12-20 12:00:00,3,134,38,Medium
2024-12-20 13:00:00,1,156,40,Medium
2024-12-20 14:00:00,4,192,25,Medium
2024-12-20 15:00:00,3,122,34,Medium
2024-12-20 16:00:00,4,177,36,Medium
2024-12-20 17:00:00,1,319,25,High
2024-12-20 18:00:00,2,313,16,High
2024-12-20 19:00:00,3,298,12,High
2024-12-20 20:00:00,4,203,20,High
2024-12-20 21:00:00,1,31,54,Low
2024-12-20 22:00:00,4,58,58,Low
2024-12-20 23:00:00,1,99,52,Low
2024-12-21 00:00:00,2,81,60,Low
2024-12-21 01:00:00,1,93,62,Low
2024-12-21 02:00:00,4,79,42,Low
2024-12-21 03:00:00,4,62,64,Low
2024-12-21 04:00:00,1,79,51,Low
2024-12-21 05:00:00,3,24,49,Low
2024-12-21 06:00:00,4,96,44,Low
2024-12-21 07:00:00,2,310,13,High
2024-12-21 08:00:00,1,270,16,High
2024-12-21 09:00:00,3,256,17,High
2024-12-21 10:00:00,4,227,13,High
2024-12-21 11:00:00,1,114,27,Medium
2024-12-21 12:00:00,1,144,29,Medium
2024-12-21 13:00:00,2,155,29,Medium
2024-12-21 14:00:00,2,116,28,Medium
2024-12-21 15:00:00,2,198,29,Medium
2024-12-21 16:00:00,2,101,29,Medium
2024-12-21 17:00:00,4,330,25,High
2024-12-21 18:00:00,2,307,16,High
2024-12-21 19:00:00,4,318,18,High
2024-12-21 20:00:00,1,299,23,High
2024-12-21 21:00:00,4,79,47,Low
2024-12-21 22:00:00,2,49,61,Low
2024-12-21 23:00:00,1,77,61,Low
2024-12-22 00:00:00,3,62,49,Low
2024-12-22 01:00:00,3,59,41,Low
2024-12-22 02:00:00,2,88,49,Low
2024-12-22 03:00:00,1,76,58,Low
2024-12-22 04:00:00,1,38,56,Low
2024-12-22 05:00:00,2,52,44,Low
2024-12-22 06:00:00,3,68,43,Low
2024-12-22 07:00:00,1,330,15,High
2024-12-22 08:00:00,2,314,20,High
2024-12-22 09:00:00,2,287,18,High
2024-12-22 10:00:00,4,335,13,High
2024-12-22 11:00:00,2,158,36,Medium
2024-12-22 12:00:00,4,200,36,Medium
2024-12-22 13:00:00,4,175,26,Medium
2024-12-22 14:00:00,1,101,32,Medium
2024-12-22 15:00:00,2,154,28,Medium
2024-12-22 16:00:00,4,111,40,Medium
2024-12-22 17:00:00,3,314,25,High
2024-12-22 18:00:00,4,281,24,High
2024-12-22 19:00:00,1,287,17,High
2024-12-22 20:00:00,4,264,24,High
2024-12-22 21:00:00,4,80,58,Low
2024-12-22 22:00:00,4,70,51,Low
2024-12-22 23:00:00,4,62,41,Low
2024-12-23 00:00:00,2,35,53,Low
2024-12-23 01:00:00,4,63,47,Low
2024-12-23 02:00:00,1,72,40,Low
2024-12-23 03:00:00,3,29,48,Low
2024-12-23 04:00:00,1,47,54,Low
2024-12-23 05:00:00,3,54,44,Low
2024-12-23 06:00:00,2,49,58,Low
2024-12-23 07:00:00,1,342,14,High
2024-12-23 08:00:00,2,308,16,High
2024-12-23 09:00:00,4,256,14,High
2024-12-23 10:00:00,4,232,19,High
2024-12-23 11:00:00,2,136,30,Medium
2024-12-23 12:00:00,4,150,30,Medium
2024-12-23 13:00:00,1,168,37,Medium
2024-12-23 14:00:00,1,127,35,Medium
2024-12-23 15:00:00,1,175,39,Medium
2024-12-23 16:00:00,3,107,31,Medium
2024-12-23 17:00:00,1,243,19,High
2024-12-23 18:00:00,4,225,18,High
2024-12-23 19:00:00,1,295,14,High
2024-12-23 20:00:00,2,303,20,High
2024-12-23 21:00:00,3,45,50,Low
2024-12-23 22:00:00,2,20,57,Low
2024-12-23 23:00:00,4,22,60,Low
2024-12-24 00:00:00,4,65,49,Low
2024-12-24 01:00:00,1,90,59,Low
2024-12-24 02:00:00,4,88,52,Low
2024-12-24 03:00:00,1,31,58,Low
2024-12-24 04:00:00,2,42,61,Low
2024-12-24 05:00:00,4,74,54,Low
2024-12-24 06:00:00,2,42,46,Low
2024-12-24 07:00:00,3,219,17,High
2024-12-24 08:00:00,2,342,17,High
2024-12-24 09:00:00,2,224,21,High
2024-12-24 10:00:00,1,297,24,High
2024-12-24 11:00:00,3,142,30,Medium
2024-12-24 12:00:00,2,188,39,Medium
2024-12-24 13:00:00,3,182,39,Medium
2024-12-24 14:00:00,1,142,32,Medium
2024-12-24 15:00:00,2,139,29,Medium
2024-12-24 16:00:00,4,161,28,Medium
2024-12-24 17:00:00,2,329,21,High
2024-12-24 18:00:00,1,210,20,High
2024-12-24 19:00:00,3,308,22,High
2024-12-24 20:00:00,3,251,11,High
2024-12-24 21:00:00,3,61,41,Low
2024-12-24 22:00:00,3,22,46,Low
2024-12-24 23:00:00,3,22,61,Low
2024-12-25 00:00:00,3,52,44,Low
2024-12-25 01:00:00,1,70,53,Low
2024-12-25 02:00:00,3,81,61,Low
2024-12-25 03:00:00,3,44,63,Low
2024-12-25 04:00:00,4,58,40,Low
2024-12-25 05:00:00,1,81,48,Low
2024-12-25 06:00:00,2,74,42,Low
2024-12-25 07:00:00,3,279,13,High
2024-12-25 08:00:00,3,304,22,High
2024-12-25 09:00:00,3,248,18,High
2024-12-25 10:00:00,2,309,14,High
2024-12-25 11:00:00,4,178,30,Medium
2024-12-25 12:00:00,1,116,27,Medium
2024-12-25 13:00:00,4,108,40,Medium
2024-12-25 14:00:00,4,179,40,Medium
2024-12-25 15:00:00,4,154,33,Medium
2024-12-25 16:00:00,4,176,26,Medium
2024-12-25 17:00:00,4,336,12,High
2024-12-25 18:00:00,3,314,15,High
2024-12-25 19:00:00,1,301,21,High
2024-12-25 20:00:00,3,298,13,High
2024-12-25 21:00:00,3,69,50,Low
2024-12-25 22:00:00,2,29,62,Low
2024-12-25 23:00:00,4,51,45,Low
2024-12-26 00:00:00,3,45,61,Low
2024-12-26 01:00:00,2,38,57,Low
2024-12-26 02:00:00,1,70,62,Low
2024-12-26 03:00:00,2,36,43,Low
2024-12-26 04:00:00,2,31,57,Low
2024-12-26 05:00:00,2,55,43,Low
2024-12-26 06:00:00,3,66,65,Low
2024-12-26 07:00:00,2,336,14,High
2024-12-26 08:00:00,2,284,10,High
2024-12-26 09:00:00,3,250,11,High
2024-12-26 10:00:00,4,243,21,High
2024-12-26 11:00:00,1,186,38,Medium
2024-12-26 12:00:00,1,115,36,Medium
2024-12-26 13:00:00,3,168,40,Medium
2024-12-26 14:00:00,3,147,40,Medium
2024-12-26 15:00:00,1,131,28,Medium
2024-12-26 16:00:00,3,144,39,Medium
2024-12-26 17:00:00,3,221,23,High
2024-12-26 18:00:00,3,261,22,High
2024-12-26 19:00:00,2,219,20,High
2024-12-26 20:00:00,4,343,16,High
2024-12-26 21:00:00,1,86,47,Low
2024-12-26 22:00:00,2,81,53,Low
2024-12-26 23:00:00,1,66,64,Low
2024-12-27 00:00:00,2,97,42,Low
2024-12-27 01:00:00,1,61,64,Low
2024-12-27 02:00:00,1,53,58,Low
2024-12-27 03:00:00,1,62,42,Low
2024-12-27 04:00:00,1,95,44,Low
2024-12-27 05:00:00,2,84,46,Low
2024-12-27 06:00:00,4,57,54,Low
2024-12-27 07:00:00,4,335,25,High
2024-12-27 08:00:00,4,312,20,High
2024-12-27 09:00:00,4,289,25,High
2024-12-27 10:00:00,2,294,19,High
2024-12-27 11:00:00,4,120,31,Medium
2024-12-27 12:00:00,4,180,30,Medium
2024-12-27 13:00:00,1,125,39,Medium
2024-12-27 14:00:00,3,162,31,Medium
2024-12-27 15:00:00,3,181,29,Medium
2024-12-27 16:00:00,2,119,39,Medium
2024-12-27 17:00:00,4,317,21,High
2024-12-27 18:00:00,2,304,25,High
2024-12-27 19:00:00,3,318,22,High
2024-12-27 20:00:00,3,244,14,High
2024-12-27 21:00:00,4,99,41,Low
2024-12-27 22:00:00,3,75,63,Low
2024-12-27 23:00:00,3,68,44,Low
2024-12-28 00:00:00,1,35,63,Low
2024-12-28 01:00:00,3,78,57,Low
2024-12-28 02:00:00,2,97,60,Low
2024-12-28 03:00:00,1,52,61,Low
2024-12-28 04:00:00,1,47,53,Low
2024-12-28 05:00:00,3,22,45,Low
2024-12-28 06:00:00,1,78,47,Low
2024-12-28 07:00:00,3,324,25,High
2024-12-28 08:00:00,1,301,17,High
2024-12-28 09:00:00,4,201,23,High
2024-12-28 10:00:00,4,334,21,High
2024-12-28 11:00:00,3,188,34,Medium
2024-12-28 12:00:00,2,167,33,Medium
2024-12-28 13:00:00,2,190,33,Medium
2024-12-28 14:00:00,2,115,30,Medium
2024-12-28 15:00:00,2,128,31,Medium
2024-12-28 16:00:00,3,152,35,Medium
2024-12-28 17:00:00,3,315,19,High
2024-12-28 18:00:00,3,291,22,High
2024-12-28 19:00:00,3,219,13,High
2024-12-28 20:00:00,2,232,13,High
2024-12-28 21:00:00,4,96,45,Low
2024-12-28 22:00:00,2,41,65,Low
2024-12-28 23:00:00,3,90,58,Low
2024-12-29 00:00:00,2,22,58,Low
2024-12-29 01:00:00,3,52,55,Low
2024-12-29 02:00:00,2,33,65,Low
2024-12-29 03:00:00,3,90,59,Low
2024-12-29 04:00:00,1,37,42,Low
2024-12-29 05:00:00,2,96,58,Low
2024-12-29 06:00:00,2,26,64,Low
2024-12-29 07:00:00,1,309,11,High
2024-12-29 08:00:00,1,283,21,High
2024-12-29 09:00:00,3,293,16,High
2024-12-29 10:00:00,4,205,25,High
2024-12-29 11:00:00,2,132,35,Medium
2024-12-29 12:00:00,1,126,39,Medium
2024-12-29 13:00:00,2,176,35,Medium
2024-12-29 14:00:00,2,199,25,Medium
2024-12-29 15:00:00,1,109,36,Medium
2024-12-29 16:00:00,3,105,38,Medium
2024-12-29 17:00:00,1,238,15,High
2024-12-29 18:00:00,4,268,19,High
2024-12-29 19:00:00,4,314,25,High
2024-12-29 20:00:00,3,222,25,High
2024-12-29 21:00:00,4,93,57,Low
2024-12-29 22:00:00,1,38,41,Low
2024-12-29 23:00:00,3,61,49,Low
2024-12-30 00:00:00,3,85,63,Low
2024-12-30 01:00:00,3,79,52,Low
2024-12-30 02:00:00,4,94,62,Low
2024-12-30 03:00:00,3,52,63,Low
2024-12-30 04:00:00,3,43,61,Low
2024-12-30 05:00:00,2,92,65,Low
2024-12-30 06:00:00,4,81,41,Low
2024-12-30 07:00:00,3,262,19,High
2024-12-30 08:00:00,4,259,12,High
2024-12-30 09:00:00,4,214,23,High
2024-12-30 10:00:00,2,257,18,High
2024-12-30 11:00:00,4,131,26,Medium
2024-12-30 12:00:00,2,130,36,Medium
2024-12-30 13:00:00,2,102,31,Medium
2024-12-30 14:00:00,3,105,27,Medium
2024-12-30 15:00:00,2,125,33,Medium
2024-12-30 16:00:00,4,146,34,Medium
2024-12-30 17:00:00,2,332,15,High
2024-12-30 18:00:00,4,313,11,High
2024-12-30 19:00:00,1,340,21,High
2024-12-30 20:00:00,1,212,13,High
2024-12-30 21:00:00,2,89,48,Low
2024-12-30 22:00:00,1,96,58,Low
2024-12-30 23:00:00,3,31,61,Low
